2025-11-18 00:27:48 | INFO | ================================================================================
2025-11-18 00:27:48 | INFO | 🚀 STARTING 100M PARAMETER TRAINING
2025-11-18 00:27:48 | INFO | ================================================================================
2025-11-18 00:27:48 | INFO | Device: cuda:0
2025-11-18 00:27:48 | INFO | Distributed: Rank 0/1
2025-11-18 00:27:48 | INFO | Loaded config from code/configs/moe/minimal_working.yaml
2025-11-18 00:27:48 | INFO | 
📊 Training Config:
2025-11-18 00:27:48 | INFO |    Epochs: 3
2025-11-18 00:27:48 | INFO |    Batch size: 2
2025-11-18 00:27:48 | INFO |    Learning rate: 1.00e-04
2025-11-18 00:27:48 | INFO |    Gradient accumulation: 4
2025-11-18 00:27:48 | INFO | 
🤖 Creating model...
2025-11-18 00:27:48 | INFO |    Parameters: 58,252,792 (58.3M)
2025-11-18 00:27:48 | INFO | 
⚡ Setting up optimizer and scheduler...
2025-11-18 00:27:49 | INFO | 
📊 Creating dataloaders...
2025-11-18 00:27:49 | INFO | 
================================================================================
2025-11-18 00:27:49 | INFO | 🏋️  STARTING TRAINING
2025-11-18 00:27:49 | INFO | ================================================================================
2025-11-18 00:27:49 | INFO | Epoch 1 | Batch 0/50000 | Loss: 10.7600 | Avg Loss: 10.7600 | LR: 1.00e-05
2025-11-18 00:27:49 | INFO | Epoch 1 | Batch 10/50000 | Loss: 10.7839 | Avg Loss: 10.7999 | LR: 1.18e-05
2025-11-18 00:27:49 | INFO | Epoch 1 | Batch 20/50000 | Loss: 10.5673 | Avg Loss: 10.7208 | LR: 1.45e-05
2025-11-18 00:27:49 | INFO | Epoch 1 | Batch 30/50000 | Loss: 10.1609 | Avg Loss: 10.6109 | LR: 1.63e-05
2025-11-18 00:27:49 | INFO | Epoch 1 | Batch 40/50000 | Loss: 10.4739 | Avg Loss: 10.5276 | LR: 1.90e-05
2025-11-18 00:27:49 | INFO | Epoch 1 | Batch 50/50000 | Loss: 10.0937 | Avg Loss: 10.4060 | LR: 2.08e-05
2025-11-18 00:27:50 | INFO | Epoch 1 | Batch 60/50000 | Loss: 9.1386 | Avg Loss: 10.2854 | LR: 2.35e-05
2025-11-18 00:27:50 | INFO | Epoch 1 | Batch 70/50000 | Loss: 7.7228 | Avg Loss: 10.1339 | LR: 2.53e-05
2025-11-18 00:27:50 | INFO | Epoch 1 | Batch 80/50000 | Loss: 8.0242 | Avg Loss: 9.9824 | LR: 2.80e-05
2025-11-18 00:27:50 | INFO | Epoch 1 | Batch 90/50000 | Loss: 8.2097 | Avg Loss: 9.8025 | LR: 2.98e-05
2025-11-18 00:27:50 | INFO | Epoch 1 | Batch 100/50000 | Loss: 8.6348 | Avg Loss: 9.7003 | LR: 3.25e-05
2025-11-18 00:27:50 | INFO | Epoch 1 | Batch 110/50000 | Loss: 8.7098 | Avg Loss: 9.5181 | LR: 3.43e-05
2025-11-18 00:27:50 | INFO | Epoch 1 | Batch 120/50000 | Loss: 7.0833 | Avg Loss: 9.3508 | LR: 3.70e-05
2025-11-18 00:27:50 | INFO | Epoch 1 | Batch 130/50000 | Loss: 8.5042 | Avg Loss: 9.1902 | LR: 3.88e-05
2025-11-18 00:27:50 | INFO | Epoch 1 | Batch 140/50000 | Loss: 8.2420 | Avg Loss: 9.0122 | LR: 4.15e-05
2025-11-18 00:27:50 | INFO | Epoch 1 | Batch 150/50000 | Loss: 7.1600 | Avg Loss: 8.8569 | LR: 4.33e-05
2025-11-18 00:27:50 | INFO | Epoch 1 | Batch 160/50000 | Loss: 5.9442 | Avg Loss: 8.6879 | LR: 4.60e-05
2025-11-18 00:27:50 | INFO | Epoch 1 | Batch 170/50000 | Loss: 5.2444 | Avg Loss: 8.5127 | LR: 4.78e-05
2025-11-18 00:27:50 | INFO | Epoch 1 | Batch 180/50000 | Loss: 5.2084 | Avg Loss: 8.3861 | LR: 5.05e-05
2025-11-18 00:27:50 | INFO | Epoch 1 | Batch 190/50000 | Loss: 6.1868 | Avg Loss: 8.2358 | LR: 5.23e-05
2025-11-18 00:27:51 | INFO | Epoch 1 | Batch 200/50000 | Loss: 6.4806 | Avg Loss: 8.1058 | LR: 5.50e-05
2025-11-18 00:27:51 | INFO | Epoch 1 | Batch 210/50000 | Loss: 5.0917 | Avg Loss: 7.9803 | LR: 5.68e-05
2025-11-18 00:27:51 | INFO | Epoch 1 | Batch 220/50000 | Loss: 5.1746 | Avg Loss: 7.8445 | LR: 5.95e-05
2025-11-18 00:27:51 | INFO | Epoch 1 | Batch 230/50000 | Loss: 4.4787 | Avg Loss: 7.7197 | LR: 6.13e-05
2025-11-18 00:27:51 | INFO | Epoch 1 | Batch 240/50000 | Loss: 5.5294 | Avg Loss: 7.6007 | LR: 6.40e-05
2025-11-18 00:27:51 | INFO | Epoch 1 | Batch 250/50000 | Loss: 3.9242 | Avg Loss: 7.4787 | LR: 6.58e-05
2025-11-18 00:27:51 | INFO | Epoch 1 | Batch 260/50000 | Loss: 4.3312 | Avg Loss: 7.3449 | LR: 6.85e-05
2025-11-18 00:27:51 | INFO | Epoch 1 | Batch 270/50000 | Loss: 3.6559 | Avg Loss: 7.2154 | LR: 7.03e-05
2025-11-18 00:27:51 | INFO | Epoch 1 | Batch 280/50000 | Loss: 3.5019 | Avg Loss: 7.0804 | LR: 7.30e-05
2025-11-18 00:27:51 | INFO | Epoch 1 | Batch 290/50000 | Loss: 4.1992 | Avg Loss: 6.9734 | LR: 7.48e-05
2025-11-18 00:27:51 | INFO | Epoch 1 | Batch 300/50000 | Loss: 4.2048 | Avg Loss: 6.8643 | LR: 7.75e-05
2025-11-18 00:27:51 | INFO | Epoch 1 | Batch 310/50000 | Loss: 4.1085 | Avg Loss: 6.7579 | LR: 7.93e-05
2025-11-18 00:27:51 | INFO | Epoch 1 | Batch 320/50000 | Loss: 3.5851 | Avg Loss: 6.6424 | LR: 8.20e-05
2025-11-18 00:27:51 | INFO | Epoch 1 | Batch 330/50000 | Loss: 3.4693 | Avg Loss: 6.5392 | LR: 8.38e-05
2025-11-18 00:27:51 | INFO | Epoch 1 | Batch 340/50000 | Loss: 3.2697 | Avg Loss: 6.4340 | LR: 8.65e-05
2025-11-18 00:27:52 | INFO | Epoch 1 | Batch 350/50000 | Loss: 3.1687 | Avg Loss: 6.3431 | LR: 8.83e-05
2025-11-18 00:27:52 | INFO | Epoch 1 | Batch 360/50000 | Loss: 2.4214 | Avg Loss: 6.2391 | LR: 9.10e-05
2025-11-18 00:27:52 | INFO | Epoch 1 | Batch 370/50000 | Loss: 2.5863 | Avg Loss: 6.1443 | LR: 9.28e-05
2025-11-18 00:27:52 | INFO | Epoch 1 | Batch 380/50000 | Loss: 2.1475 | Avg Loss: 6.0492 | LR: 9.55e-05
2025-11-18 00:27:52 | INFO | Epoch 1 | Batch 390/50000 | Loss: 2.8560 | Avg Loss: 5.9523 | LR: 9.73e-05
2025-11-18 00:27:52 | INFO | Epoch 1 | Batch 400/50000 | Loss: 1.9108 | Avg Loss: 5.8606 | LR: 1.00e-04
2025-11-18 00:27:52 | INFO | Epoch 1 | Batch 410/50000 | Loss: 1.7962 | Avg Loss: 5.7702 | LR: 1.00e-04
2025-11-18 00:27:52 | INFO | Epoch 1 | Batch 420/50000 | Loss: 2.2357 | Avg Loss: 5.6889 | LR: 1.00e-04
2025-11-18 00:27:52 | INFO | Epoch 1 | Batch 430/50000 | Loss: 2.1727 | Avg Loss: 5.6037 | LR: 1.00e-04
2025-11-18 00:27:52 | INFO | Epoch 1 | Batch 440/50000 | Loss: 2.0359 | Avg Loss: 5.5234 | LR: 1.00e-04
2025-11-18 00:27:52 | INFO | Epoch 1 | Batch 450/50000 | Loss: 1.9653 | Avg Loss: 5.4375 | LR: 1.00e-04
2025-11-18 00:27:52 | INFO | Epoch 1 | Batch 460/50000 | Loss: 1.4642 | Avg Loss: 5.3559 | LR: 1.00e-04
2025-11-18 00:27:52 | INFO | Epoch 1 | Batch 470/50000 | Loss: 1.0902 | Avg Loss: 5.2762 | LR: 1.00e-04
2025-11-18 00:27:52 | INFO | Epoch 1 | Batch 480/50000 | Loss: 1.8358 | Avg Loss: 5.2031 | LR: 1.00e-04
2025-11-18 00:27:53 | INFO | Epoch 1 | Batch 490/50000 | Loss: 1.4563 | Avg Loss: 5.1298 | LR: 1.00e-04
2025-11-18 00:27:53 | INFO | Epoch 1 | Batch 500/50000 | Loss: 1.9798 | Avg Loss: 5.0659 | LR: 1.00e-04
2025-11-18 00:27:53 | INFO | Epoch 1 | Batch 510/50000 | Loss: 1.9202 | Avg Loss: 4.9958 | LR: 1.00e-04
2025-11-18 00:27:53 | INFO | Epoch 1 | Batch 520/50000 | Loss: 1.3170 | Avg Loss: 4.9299 | LR: 1.00e-04
2025-11-18 00:27:53 | INFO | Epoch 1 | Batch 530/50000 | Loss: 1.7267 | Avg Loss: 4.8678 | LR: 1.00e-04
2025-11-18 00:27:53 | INFO | Epoch 1 | Batch 540/50000 | Loss: 1.5353 | Avg Loss: 4.8073 | LR: 1.00e-04
2025-11-18 00:27:53 | INFO | Epoch 1 | Batch 550/50000 | Loss: 1.9833 | Avg Loss: 4.7450 | LR: 1.00e-04
2025-11-18 00:27:53 | INFO | Epoch 1 | Batch 560/50000 | Loss: 0.9594 | Avg Loss: 4.6848 | LR: 1.00e-04
2025-11-18 00:27:53 | INFO | Epoch 1 | Batch 570/50000 | Loss: 1.4626 | Avg Loss: 4.6254 | LR: 1.00e-04
2025-11-18 00:27:53 | INFO | Epoch 1 | Batch 580/50000 | Loss: 1.1850 | Avg Loss: 4.5699 | LR: 1.00e-04
2025-11-18 00:27:53 | INFO | Epoch 1 | Batch 590/50000 | Loss: 1.7321 | Avg Loss: 4.5162 | LR: 1.00e-04
2025-11-18 00:27:53 | INFO | Epoch 1 | Batch 600/50000 | Loss: 1.4752 | Avg Loss: 4.4613 | LR: 1.00e-04
2025-11-18 00:27:53 | INFO | Epoch 1 | Batch 610/50000 | Loss: 1.2830 | Avg Loss: 4.4077 | LR: 1.00e-04
2025-11-18 00:27:53 | INFO | Epoch 1 | Batch 620/50000 | Loss: 0.9461 | Avg Loss: 4.3569 | LR: 1.00e-04
2025-11-18 00:27:54 | INFO | Epoch 1 | Batch 630/50000 | Loss: 1.1538 | Avg Loss: 4.3055 | LR: 1.00e-04
2025-11-18 00:27:54 | INFO | Epoch 1 | Batch 640/50000 | Loss: 0.6620 | Avg Loss: 4.2563 | LR: 1.00e-04
2025-11-18 00:27:54 | INFO | Epoch 1 | Batch 650/50000 | Loss: 1.0736 | Avg Loss: 4.2120 | LR: 1.00e-04
2025-11-18 00:27:54 | INFO | Epoch 1 | Batch 660/50000 | Loss: 1.2996 | Avg Loss: 4.1661 | LR: 1.00e-04
2025-11-18 00:27:54 | INFO | Epoch 1 | Batch 670/50000 | Loss: 1.3189 | Avg Loss: 4.1240 | LR: 1.00e-04
2025-11-18 00:27:54 | INFO | Epoch 1 | Batch 680/50000 | Loss: 1.3426 | Avg Loss: 4.0808 | LR: 1.00e-04
2025-11-18 00:27:54 | INFO | Epoch 1 | Batch 690/50000 | Loss: 1.3064 | Avg Loss: 4.0391 | LR: 1.00e-04
2025-11-18 00:27:54 | INFO | Epoch 1 | Batch 700/50000 | Loss: 1.0821 | Avg Loss: 3.9967 | LR: 1.00e-04
2025-11-18 00:27:54 | INFO | Epoch 1 | Batch 710/50000 | Loss: 0.9970 | Avg Loss: 3.9553 | LR: 1.00e-04
2025-11-18 00:27:54 | INFO | Epoch 1 | Batch 720/50000 | Loss: 1.6672 | Avg Loss: 3.9155 | LR: 1.00e-04
2025-11-18 00:27:54 | INFO | Epoch 1 | Batch 730/50000 | Loss: 0.9238 | Avg Loss: 3.8768 | LR: 1.00e-04
2025-11-18 00:27:54 | INFO | Epoch 1 | Batch 740/50000 | Loss: 0.8053 | Avg Loss: 3.8376 | LR: 1.00e-04
2025-11-18 00:27:54 | INFO | Epoch 1 | Batch 750/50000 | Loss: 1.2814 | Avg Loss: 3.8005 | LR: 1.00e-04
2025-11-18 00:27:54 | INFO | Epoch 1 | Batch 760/50000 | Loss: 0.8325 | Avg Loss: 3.7631 | LR: 1.00e-04
2025-11-18 00:27:54 | INFO | Epoch 1 | Batch 770/50000 | Loss: 1.1169 | Avg Loss: 3.7296 | LR: 1.00e-04
2025-11-18 00:27:55 | INFO | Epoch 1 | Batch 780/50000 | Loss: 0.7609 | Avg Loss: 3.6950 | LR: 1.00e-04
2025-11-18 00:27:55 | INFO | Epoch 1 | Batch 790/50000 | Loss: 0.7345 | Avg Loss: 3.6608 | LR: 1.00e-04
2025-11-18 00:27:55 | INFO | Epoch 1 | Batch 800/50000 | Loss: 1.1824 | Avg Loss: 3.6260 | LR: 1.00e-04
2025-11-18 00:27:55 | INFO | Epoch 1 | Batch 810/50000 | Loss: 1.2860 | Avg Loss: 3.5936 | LR: 1.00e-04
2025-11-18 00:27:55 | INFO | Epoch 1 | Batch 820/50000 | Loss: 0.7881 | Avg Loss: 3.5605 | LR: 1.00e-04
2025-11-18 00:27:55 | INFO | Epoch 1 | Batch 830/50000 | Loss: 1.0791 | Avg Loss: 3.5288 | LR: 1.00e-04
2025-11-18 00:27:55 | INFO | Epoch 1 | Batch 840/50000 | Loss: 1.2055 | Avg Loss: 3.4980 | LR: 1.00e-04
2025-11-18 00:27:55 | INFO | Epoch 1 | Batch 850/50000 | Loss: 0.8175 | Avg Loss: 3.4682 | LR: 1.00e-04
2025-11-18 00:27:55 | INFO | Epoch 1 | Batch 860/50000 | Loss: 1.0580 | Avg Loss: 3.4395 | LR: 1.00e-04
2025-11-18 00:27:55 | INFO | Epoch 1 | Batch 870/50000 | Loss: 0.7216 | Avg Loss: 3.4091 | LR: 1.00e-04
2025-11-18 00:27:55 | INFO | Epoch 1 | Batch 880/50000 | Loss: 1.1486 | Avg Loss: 3.3806 | LR: 1.00e-04
2025-11-18 00:27:55 | INFO | Epoch 1 | Batch 890/50000 | Loss: 0.6896 | Avg Loss: 3.3533 | LR: 1.00e-04
2025-11-18 00:27:55 | INFO | Epoch 1 | Batch 900/50000 | Loss: 0.7906 | Avg Loss: 3.3256 | LR: 1.00e-04
2025-11-18 00:27:55 | INFO | Epoch 1 | Batch 910/50000 | Loss: 0.7190 | Avg Loss: 3.2970 | LR: 1.00e-04
2025-11-18 00:27:56 | INFO | Epoch 1 | Batch 920/50000 | Loss: 0.6808 | Avg Loss: 3.2699 | LR: 1.00e-04
2025-11-18 00:27:56 | INFO | Epoch 1 | Batch 930/50000 | Loss: 0.6686 | Avg Loss: 3.2436 | LR: 1.00e-04
2025-11-18 00:27:56 | INFO | Epoch 1 | Batch 940/50000 | Loss: 0.8022 | Avg Loss: 3.2174 | LR: 1.00e-04
2025-11-18 00:27:56 | INFO | Epoch 1 | Batch 950/50000 | Loss: 0.7609 | Avg Loss: 3.1925 | LR: 1.00e-04
2025-11-18 00:27:56 | INFO | Epoch 1 | Batch 960/50000 | Loss: 0.7436 | Avg Loss: 3.1675 | LR: 1.00e-04
2025-11-18 00:27:56 | INFO | Epoch 1 | Batch 970/50000 | Loss: 0.7339 | Avg Loss: 3.1434 | LR: 1.00e-04
2025-11-18 00:27:56 | INFO | Epoch 1 | Batch 980/50000 | Loss: 0.5755 | Avg Loss: 3.1191 | LR: 1.00e-04
2025-11-18 00:27:56 | INFO | Epoch 1 | Batch 990/50000 | Loss: 0.6955 | Avg Loss: 3.0959 | LR: 1.00e-04
2025-11-18 00:27:56 | INFO | Epoch 1 | Batch 1000/50000 | Loss: 0.6990 | Avg Loss: 3.0739 | LR: 1.00e-04
2025-11-18 00:27:56 | INFO | Epoch 1 | Batch 1010/50000 | Loss: 0.8746 | Avg Loss: 3.0510 | LR: 1.00e-04
2025-11-18 00:27:56 | INFO | Epoch 1 | Batch 1020/50000 | Loss: 0.7376 | Avg Loss: 3.0290 | LR: 1.00e-04
2025-11-18 00:27:56 | INFO | Epoch 1 | Batch 1030/50000 | Loss: 0.7716 | Avg Loss: 3.0078 | LR: 1.00e-04
2025-11-18 00:27:56 | INFO | Epoch 1 | Batch 1040/50000 | Loss: 0.7574 | Avg Loss: 2.9866 | LR: 1.00e-04
2025-11-18 00:27:56 | INFO | Epoch 1 | Batch 1050/50000 | Loss: 0.6718 | Avg Loss: 2.9642 | LR: 1.00e-04
2025-11-18 00:27:56 | INFO | Epoch 1 | Batch 1060/50000 | Loss: 0.5696 | Avg Loss: 2.9432 | LR: 1.00e-04
2025-11-18 00:27:57 | INFO | Epoch 1 | Batch 1070/50000 | Loss: 0.5886 | Avg Loss: 2.9232 | LR: 1.00e-04
2025-11-18 00:27:57 | INFO | Epoch 1 | Batch 1080/50000 | Loss: 0.9394 | Avg Loss: 2.9032 | LR: 1.00e-04
2025-11-18 00:27:57 | INFO | Epoch 1 | Batch 1090/50000 | Loss: 0.6714 | Avg Loss: 2.8831 | LR: 1.00e-04
2025-11-18 00:27:57 | INFO | Epoch 1 | Batch 1100/50000 | Loss: 0.7063 | Avg Loss: 2.8640 | LR: 1.00e-04
2025-11-18 00:27:57 | INFO | Epoch 1 | Batch 1110/50000 | Loss: 0.6283 | Avg Loss: 2.8441 | LR: 1.00e-04
2025-11-18 00:27:57 | INFO | Epoch 1 | Batch 1120/50000 | Loss: 1.0527 | Avg Loss: 2.8250 | LR: 1.00e-04
2025-11-18 00:27:57 | INFO | Epoch 1 | Batch 1130/50000 | Loss: 0.6647 | Avg Loss: 2.8058 | LR: 1.00e-04
2025-11-18 00:27:57 | INFO | Epoch 1 | Batch 1140/50000 | Loss: 0.6885 | Avg Loss: 2.7866 | LR: 1.00e-04
2025-11-18 00:27:57 | INFO | Epoch 1 | Batch 1150/50000 | Loss: 0.4954 | Avg Loss: 2.7685 | LR: 1.00e-04
2025-11-18 00:27:57 | INFO | Epoch 1 | Batch 1160/50000 | Loss: 0.6223 | Avg Loss: 2.7505 | LR: 1.00e-04
2025-11-18 00:27:57 | INFO | Epoch 1 | Batch 1170/50000 | Loss: 0.4866 | Avg Loss: 2.7323 | LR: 1.00e-04
2025-11-18 00:27:57 | INFO | Epoch 1 | Batch 1180/50000 | Loss: 0.6251 | Avg Loss: 2.7149 | LR: 1.00e-04
2025-11-18 00:27:57 | INFO | Epoch 1 | Batch 1190/50000 | Loss: 0.5527 | Avg Loss: 2.6975 | LR: 1.00e-04
2025-11-18 00:27:57 | INFO | Epoch 1 | Batch 1200/50000 | Loss: 0.5195 | Avg Loss: 2.6799 | LR: 1.00e-04
2025-11-18 00:27:58 | INFO | Epoch 1 | Batch 1210/50000 | Loss: 1.0180 | Avg Loss: 2.6640 | LR: 1.00e-04
2025-11-18 00:27:58 | INFO | Epoch 1 | Batch 1220/50000 | Loss: 0.5405 | Avg Loss: 2.6477 | LR: 1.00e-04
2025-11-18 00:27:58 | INFO | Epoch 1 | Batch 1230/50000 | Loss: 0.6462 | Avg Loss: 2.6304 | LR: 1.00e-04
2025-11-18 00:27:58 | INFO | Epoch 1 | Batch 1240/50000 | Loss: 0.5194 | Avg Loss: 2.6139 | LR: 1.00e-04
2025-11-18 00:27:58 | INFO | Epoch 1 | Batch 1250/50000 | Loss: 1.1392 | Avg Loss: 2.5993 | LR: 1.00e-04
2025-11-18 00:27:58 | INFO | Epoch 1 | Batch 1260/50000 | Loss: 0.9050 | Avg Loss: 2.5842 | LR: 1.00e-04
2025-11-18 00:27:58 | INFO | Epoch 1 | Batch 1270/50000 | Loss: 0.7571 | Avg Loss: 2.5688 | LR: 1.00e-04
2025-11-18 00:27:58 | INFO | Epoch 1 | Batch 1280/50000 | Loss: 0.7444 | Avg Loss: 2.5537 | LR: 1.00e-04
2025-11-18 00:27:58 | INFO | Epoch 1 | Batch 1290/50000 | Loss: 0.5029 | Avg Loss: 2.5387 | LR: 1.00e-04
2025-11-18 00:27:58 | INFO | Epoch 1 | Batch 1300/50000 | Loss: 0.9250 | Avg Loss: 2.5241 | LR: 1.00e-04
2025-11-18 00:27:58 | INFO | Epoch 1 | Batch 1310/50000 | Loss: 0.5955 | Avg Loss: 2.5094 | LR: 1.00e-04
2025-11-18 00:27:58 | INFO | Epoch 1 | Batch 1320/50000 | Loss: 0.7528 | Avg Loss: 2.4952 | LR: 1.00e-04
2025-11-18 00:27:58 | INFO | Epoch 1 | Batch 1330/50000 | Loss: 0.4118 | Avg Loss: 2.4806 | LR: 1.00e-04
2025-11-18 00:27:58 | INFO | Epoch 1 | Batch 1340/50000 | Loss: 1.0006 | Avg Loss: 2.4665 | LR: 1.00e-04
2025-11-18 00:27:59 | INFO | Epoch 1 | Batch 1350/50000 | Loss: 0.5833 | Avg Loss: 2.4520 | LR: 1.00e-04
2025-11-18 00:27:59 | INFO | Epoch 1 | Batch 1360/50000 | Loss: 0.4503 | Avg Loss: 2.4376 | LR: 1.00e-04
2025-11-18 00:27:59 | INFO | Epoch 1 | Batch 1370/50000 | Loss: 0.7246 | Avg Loss: 2.4238 | LR: 1.00e-04
2025-11-18 00:27:59 | INFO | Epoch 1 | Batch 1380/50000 | Loss: 0.7718 | Avg Loss: 2.4102 | LR: 1.00e-04
2025-11-18 00:27:59 | INFO | Epoch 1 | Batch 1390/50000 | Loss: 0.4504 | Avg Loss: 2.3973 | LR: 1.00e-04
2025-11-18 00:27:59 | INFO | Epoch 1 | Batch 1400/50000 | Loss: 0.5423 | Avg Loss: 2.3846 | LR: 1.00e-04
2025-11-18 00:27:59 | INFO | Epoch 1 | Batch 1410/50000 | Loss: 1.1181 | Avg Loss: 2.3720 | LR: 1.00e-04
2025-11-18 00:27:59 | INFO | Epoch 1 | Batch 1420/50000 | Loss: 0.5402 | Avg Loss: 2.3587 | LR: 1.00e-04
2025-11-18 00:27:59 | INFO | Epoch 1 | Batch 1430/50000 | Loss: 0.5982 | Avg Loss: 2.3459 | LR: 1.00e-04
2025-11-18 00:27:59 | INFO | Epoch 1 | Batch 1440/50000 | Loss: 0.4424 | Avg Loss: 2.3328 | LR: 1.00e-04
2025-11-18 00:27:59 | INFO | Epoch 1 | Batch 1450/50000 | Loss: 0.2050 | Avg Loss: 2.3201 | LR: 1.00e-04
2025-11-18 00:27:59 | INFO | Epoch 1 | Batch 1460/50000 | Loss: 0.4715 | Avg Loss: 2.3076 | LR: 1.00e-04
2025-11-18 00:27:59 | INFO | Epoch 1 | Batch 1470/50000 | Loss: 0.3721 | Avg Loss: 2.2957 | LR: 1.00e-04
2025-11-18 00:27:59 | INFO | Epoch 1 | Batch 1480/50000 | Loss: 0.3473 | Avg Loss: 2.2836 | LR: 1.00e-04
2025-11-18 00:27:59 | INFO | Epoch 1 | Batch 1490/50000 | Loss: 0.5147 | Avg Loss: 2.2720 | LR: 1.00e-04
2025-11-18 00:28:00 | INFO | Epoch 1 | Batch 1500/50000 | Loss: 0.4985 | Avg Loss: 2.2603 | LR: 1.00e-04
2025-11-18 00:28:00 | INFO | Epoch 1 | Batch 1510/50000 | Loss: 0.3036 | Avg Loss: 2.2484 | LR: 1.00e-04
2025-11-18 00:28:00 | INFO | Epoch 1 | Batch 1520/50000 | Loss: 0.3483 | Avg Loss: 2.2366 | LR: 1.00e-04
2025-11-18 00:28:00 | INFO | Epoch 1 | Batch 1530/50000 | Loss: 0.5488 | Avg Loss: 2.2264 | LR: 1.00e-04
2025-11-18 00:28:00 | INFO | Epoch 1 | Batch 1540/50000 | Loss: 0.3286 | Avg Loss: 2.2150 | LR: 1.00e-04
2025-11-18 00:28:00 | INFO | Epoch 1 | Batch 1550/50000 | Loss: 0.2770 | Avg Loss: 2.2039 | LR: 1.00e-04
2025-11-18 00:28:00 | INFO | Epoch 1 | Batch 1560/50000 | Loss: 0.4393 | Avg Loss: 2.1931 | LR: 1.00e-04
2025-11-18 00:28:00 | INFO | Epoch 1 | Batch 1570/50000 | Loss: 0.4388 | Avg Loss: 2.1820 | LR: 1.00e-04
2025-11-18 00:28:00 | INFO | Epoch 1 | Batch 1580/50000 | Loss: 0.4363 | Avg Loss: 2.1714 | LR: 1.00e-04
2025-11-18 00:28:00 | INFO | Epoch 1 | Batch 1590/50000 | Loss: 0.7657 | Avg Loss: 2.1606 | LR: 1.00e-04
2025-11-18 00:28:00 | INFO | Epoch 1 | Batch 1600/50000 | Loss: 0.6503 | Avg Loss: 2.1504 | LR: 1.00e-04
2025-11-18 00:28:00 | INFO | Epoch 1 | Batch 1610/50000 | Loss: 0.5249 | Avg Loss: 2.1403 | LR: 1.00e-04
2025-11-18 00:28:00 | INFO | Epoch 1 | Batch 1620/50000 | Loss: 0.3003 | Avg Loss: 2.1297 | LR: 1.00e-04
2025-11-18 00:28:00 | INFO | Epoch 1 | Batch 1630/50000 | Loss: 0.3242 | Avg Loss: 2.1191 | LR: 1.00e-04
2025-11-18 00:28:01 | INFO | Epoch 1 | Batch 1640/50000 | Loss: 0.2070 | Avg Loss: 2.1083 | LR: 1.00e-04
2025-11-18 00:28:01 | INFO | Epoch 1 | Batch 1650/50000 | Loss: 0.3581 | Avg Loss: 2.0982 | LR: 1.00e-04
2025-11-18 00:28:01 | INFO | Epoch 1 | Batch 1660/50000 | Loss: 0.6684 | Avg Loss: 2.0885 | LR: 1.00e-04
2025-11-18 00:28:01 | INFO | Epoch 1 | Batch 1670/50000 | Loss: 0.3267 | Avg Loss: 2.0789 | LR: 1.00e-04
2025-11-18 00:28:01 | INFO | Epoch 1 | Batch 1680/50000 | Loss: 0.5969 | Avg Loss: 2.0694 | LR: 1.00e-04
2025-11-18 00:28:01 | INFO | Epoch 1 | Batch 1690/50000 | Loss: 0.5735 | Avg Loss: 2.0596 | LR: 1.00e-04
2025-11-18 00:28:01 | INFO | Epoch 1 | Batch 1700/50000 | Loss: 0.3685 | Avg Loss: 2.0503 | LR: 1.00e-04
2025-11-18 00:28:01 | INFO | Epoch 1 | Batch 1710/50000 | Loss: 0.4935 | Avg Loss: 2.0412 | LR: 1.00e-04
2025-11-18 00:28:01 | INFO | Epoch 1 | Batch 1720/50000 | Loss: 0.3057 | Avg Loss: 2.0318 | LR: 1.00e-04
2025-11-18 00:28:01 | INFO | Epoch 1 | Batch 1730/50000 | Loss: 0.4356 | Avg Loss: 2.0225 | LR: 1.00e-04
2025-11-18 00:28:01 | INFO | Epoch 1 | Batch 1740/50000 | Loss: 0.2860 | Avg Loss: 2.0135 | LR: 1.00e-04
2025-11-18 00:28:01 | INFO | Epoch 1 | Batch 1750/50000 | Loss: 0.3190 | Avg Loss: 2.0046 | LR: 1.00e-04
2025-11-18 00:28:01 | INFO | Epoch 1 | Batch 1760/50000 | Loss: 0.4113 | Avg Loss: 1.9960 | LR: 1.00e-04
2025-11-18 00:28:01 | INFO | Epoch 1 | Batch 1770/50000 | Loss: 0.3578 | Avg Loss: 1.9875 | LR: 1.00e-04
2025-11-18 00:28:02 | INFO | Epoch 1 | Batch 1780/50000 | Loss: 0.7519 | Avg Loss: 1.9789 | LR: 1.00e-04
2025-11-18 00:28:02 | INFO | Epoch 1 | Batch 1790/50000 | Loss: 0.3845 | Avg Loss: 1.9707 | LR: 1.00e-04
2025-11-18 00:28:02 | INFO | Epoch 1 | Batch 1800/50000 | Loss: 0.4556 | Avg Loss: 1.9620 | LR: 1.00e-04
2025-11-18 00:28:02 | INFO | Epoch 1 | Batch 1810/50000 | Loss: 0.4341 | Avg Loss: 1.9541 | LR: 1.00e-04
2025-11-18 00:28:02 | INFO | Epoch 1 | Batch 1820/50000 | Loss: 0.3864 | Avg Loss: 1.9461 | LR: 1.00e-04
2025-11-18 00:28:02 | INFO | Epoch 1 | Batch 1830/50000 | Loss: 0.3015 | Avg Loss: 1.9380 | LR: 1.00e-04
2025-11-18 00:28:02 | INFO | Epoch 1 | Batch 1840/50000 | Loss: 0.6588 | Avg Loss: 1.9304 | LR: 1.00e-04
2025-11-18 00:28:02 | INFO | Epoch 1 | Batch 1850/50000 | Loss: 0.4568 | Avg Loss: 1.9222 | LR: 1.00e-04
2025-11-18 00:28:02 | INFO | Epoch 1 | Batch 1860/50000 | Loss: 0.8306 | Avg Loss: 1.9145 | LR: 1.00e-04
2025-11-18 00:28:02 | INFO | Epoch 1 | Batch 1870/50000 | Loss: 0.5771 | Avg Loss: 1.9064 | LR: 1.00e-04
2025-11-18 00:28:02 | INFO | Epoch 1 | Batch 1880/50000 | Loss: 0.8052 | Avg Loss: 1.8988 | LR: 1.00e-04
2025-11-18 00:28:02 | INFO | Epoch 1 | Batch 1890/50000 | Loss: 0.2330 | Avg Loss: 1.8906 | LR: 1.00e-04
2025-11-18 00:28:02 | INFO | Epoch 1 | Batch 1900/50000 | Loss: 0.4292 | Avg Loss: 1.8833 | LR: 1.00e-04
2025-11-18 00:28:02 | INFO | Epoch 1 | Batch 1910/50000 | Loss: 0.6196 | Avg Loss: 1.8760 | LR: 1.00e-04
2025-11-18 00:28:02 | INFO | Epoch 1 | Batch 1920/50000 | Loss: 0.3868 | Avg Loss: 1.8688 | LR: 1.00e-04
2025-11-18 00:28:03 | INFO | Epoch 1 | Batch 1930/50000 | Loss: 0.1893 | Avg Loss: 1.8608 | LR: 1.00e-04
2025-11-18 00:28:03 | INFO | Epoch 1 | Batch 1940/50000 | Loss: 0.3384 | Avg Loss: 1.8530 | LR: 1.00e-04
2025-11-18 00:28:03 | INFO | Epoch 1 | Batch 1950/50000 | Loss: 0.4484 | Avg Loss: 1.8456 | LR: 1.00e-04
2025-11-18 00:28:03 | INFO | Epoch 1 | Batch 1960/50000 | Loss: 0.4451 | Avg Loss: 1.8384 | LR: 1.00e-04
2025-11-18 00:28:03 | INFO | Epoch 1 | Batch 1970/50000 | Loss: 0.4723 | Avg Loss: 1.8316 | LR: 1.00e-04
2025-11-18 00:28:03 | INFO | Epoch 1 | Batch 1980/50000 | Loss: 0.3763 | Avg Loss: 1.8250 | LR: 1.00e-04
2025-11-18 00:28:03 | INFO | Epoch 1 | Batch 1990/50000 | Loss: 0.3071 | Avg Loss: 1.8178 | LR: 1.00e-04
2025-11-18 00:28:03 | INFO | Epoch 1 | Batch 2000/50000 | Loss: 0.4419 | Avg Loss: 1.8105 | LR: 1.00e-04
2025-11-18 00:28:03 | INFO | Epoch 1 | Batch 2010/50000 | Loss: 0.5419 | Avg Loss: 1.8035 | LR: 1.00e-04
2025-11-18 00:28:03 | INFO | Epoch 1 | Batch 2020/50000 | Loss: 0.4661 | Avg Loss: 1.7967 | LR: 1.00e-04
2025-11-18 00:28:03 | INFO | Epoch 1 | Batch 2030/50000 | Loss: 0.3880 | Avg Loss: 1.7894 | LR: 1.00e-04
2025-11-18 00:28:03 | INFO | Epoch 1 | Batch 2040/50000 | Loss: 0.2792 | Avg Loss: 1.7826 | LR: 1.00e-04
2025-11-18 00:28:03 | INFO | Epoch 1 | Batch 2050/50000 | Loss: 0.5355 | Avg Loss: 1.7760 | LR: 1.00e-04
2025-11-18 00:28:03 | INFO | Epoch 1 | Batch 2060/50000 | Loss: 0.1923 | Avg Loss: 1.7687 | LR: 1.00e-04
2025-11-18 00:28:04 | INFO | Epoch 1 | Batch 2070/50000 | Loss: 0.4324 | Avg Loss: 1.7622 | LR: 1.00e-04
2025-11-18 00:28:04 | INFO | Epoch 1 | Batch 2080/50000 | Loss: 0.2726 | Avg Loss: 1.7556 | LR: 1.00e-04
2025-11-18 00:28:04 | INFO | Epoch 1 | Batch 2090/50000 | Loss: 0.1149 | Avg Loss: 1.7484 | LR: 1.00e-04
2025-11-18 00:28:04 | INFO | Epoch 1 | Batch 2100/50000 | Loss: 0.4877 | Avg Loss: 1.7418 | LR: 1.00e-04
2025-11-18 00:28:04 | INFO | Epoch 1 | Batch 2110/50000 | Loss: 0.5122 | Avg Loss: 1.7354 | LR: 1.00e-04
2025-11-18 00:28:04 | INFO | Epoch 1 | Batch 2120/50000 | Loss: 0.4415 | Avg Loss: 1.7290 | LR: 1.00e-04
2025-11-18 00:28:04 | INFO | Epoch 1 | Batch 2130/50000 | Loss: 0.9062 | Avg Loss: 1.7227 | LR: 1.00e-04
2025-11-18 00:28:04 | INFO | Epoch 1 | Batch 2140/50000 | Loss: 0.1448 | Avg Loss: 1.7165 | LR: 1.00e-04
2025-11-18 00:28:04 | INFO | Epoch 1 | Batch 2150/50000 | Loss: 0.4684 | Avg Loss: 1.7099 | LR: 1.00e-04
2025-11-18 00:28:04 | INFO | Epoch 1 | Batch 2160/50000 | Loss: 0.6195 | Avg Loss: 1.7041 | LR: 1.00e-04
2025-11-18 00:28:04 | INFO | Epoch 1 | Batch 2170/50000 | Loss: 0.5382 | Avg Loss: 1.6984 | LR: 1.00e-04
2025-11-18 00:28:04 | INFO | Epoch 1 | Batch 2180/50000 | Loss: 0.5160 | Avg Loss: 1.6923 | LR: 1.00e-04
2025-11-18 00:28:04 | INFO | Epoch 1 | Batch 2190/50000 | Loss: 0.1263 | Avg Loss: 1.6862 | LR: 1.00e-04
2025-11-18 00:28:04 | INFO | Epoch 1 | Batch 2200/50000 | Loss: 0.1961 | Avg Loss: 1.6803 | LR: 1.00e-04
2025-11-18 00:28:05 | INFO | Epoch 1 | Batch 2210/50000 | Loss: 0.3257 | Avg Loss: 1.6739 | LR: 1.00e-04
2025-11-18 00:28:05 | INFO | Epoch 1 | Batch 2220/50000 | Loss: 0.6267 | Avg Loss: 1.6678 | LR: 1.00e-04
2025-11-18 00:28:05 | INFO | Epoch 1 | Batch 2230/50000 | Loss: 0.2716 | Avg Loss: 1.6618 | LR: 1.00e-04
2025-11-18 00:28:05 | INFO | Epoch 1 | Batch 2240/50000 | Loss: 0.1187 | Avg Loss: 1.6558 | LR: 1.00e-04
2025-11-18 00:28:05 | INFO | Epoch 1 | Batch 2250/50000 | Loss: 0.1673 | Avg Loss: 1.6499 | LR: 1.00e-04
2025-11-18 00:28:05 | INFO | Epoch 1 | Batch 2260/50000 | Loss: 0.1802 | Avg Loss: 1.6439 | LR: 1.00e-04
2025-11-18 00:28:05 | INFO | Epoch 1 | Batch 2270/50000 | Loss: 0.2873 | Avg Loss: 1.6381 | LR: 1.00e-04
2025-11-18 00:28:05 | INFO | Epoch 1 | Batch 2280/50000 | Loss: 0.2724 | Avg Loss: 1.6322 | LR: 1.00e-04
2025-11-18 00:28:05 | INFO | Epoch 1 | Batch 2290/50000 | Loss: 0.4480 | Avg Loss: 1.6266 | LR: 1.00e-04
2025-11-18 00:28:05 | INFO | Epoch 1 | Batch 2300/50000 | Loss: 0.2704 | Avg Loss: 1.6210 | LR: 1.00e-04
2025-11-18 00:28:05 | INFO | Epoch 1 | Batch 2310/50000 | Loss: 0.2774 | Avg Loss: 1.6151 | LR: 1.00e-04
2025-11-18 00:28:05 | INFO | Epoch 1 | Batch 2320/50000 | Loss: 0.1802 | Avg Loss: 1.6097 | LR: 1.00e-04
2025-11-18 00:28:05 | INFO | Epoch 1 | Batch 2330/50000 | Loss: 0.3345 | Avg Loss: 1.6043 | LR: 1.00e-04
2025-11-18 00:28:05 | INFO | Epoch 1 | Batch 2340/50000 | Loss: 0.3342 | Avg Loss: 1.5988 | LR: 1.00e-04
2025-11-18 00:28:05 | INFO | Epoch 1 | Batch 2350/50000 | Loss: 0.1938 | Avg Loss: 1.5934 | LR: 1.00e-04
2025-11-18 00:28:06 | INFO | Epoch 1 | Batch 2360/50000 | Loss: 0.3352 | Avg Loss: 1.5878 | LR: 1.00e-04
2025-11-18 00:28:06 | INFO | Epoch 1 | Batch 2370/50000 | Loss: 0.1889 | Avg Loss: 1.5822 | LR: 1.00e-04
2025-11-18 00:28:06 | INFO | Epoch 1 | Batch 2380/50000 | Loss: 0.2110 | Avg Loss: 1.5769 | LR: 1.00e-04
2025-11-18 00:28:06 | INFO | Epoch 1 | Batch 2390/50000 | Loss: 0.2376 | Avg Loss: 1.5715 | LR: 1.00e-04
2025-11-18 00:28:06 | INFO | Epoch 1 | Batch 2400/50000 | Loss: 0.2300 | Avg Loss: 1.5665 | LR: 1.00e-04
2025-11-18 00:28:06 | INFO | Epoch 1 | Batch 2410/50000 | Loss: 0.0707 | Avg Loss: 1.5615 | LR: 1.00e-04
2025-11-18 00:28:06 | INFO | Epoch 1 | Batch 2420/50000 | Loss: 0.3621 | Avg Loss: 1.5566 | LR: 1.00e-04
2025-11-18 00:28:06 | INFO | Epoch 1 | Batch 2430/50000 | Loss: 0.1587 | Avg Loss: 1.5512 | LR: 1.00e-04
2025-11-18 00:28:06 | INFO | Epoch 1 | Batch 2440/50000 | Loss: 0.2589 | Avg Loss: 1.5461 | LR: 1.00e-04
2025-11-18 00:28:06 | INFO | Epoch 1 | Batch 2450/50000 | Loss: 0.1781 | Avg Loss: 1.5410 | LR: 1.00e-04
2025-11-18 00:28:06 | INFO | Epoch 1 | Batch 2460/50000 | Loss: 0.4679 | Avg Loss: 1.5362 | LR: 1.00e-04
2025-11-18 00:28:06 | INFO | Epoch 1 | Batch 2470/50000 | Loss: 0.5101 | Avg Loss: 1.5316 | LR: 1.00e-04
2025-11-18 00:28:06 | INFO | Epoch 1 | Batch 2480/50000 | Loss: 0.4701 | Avg Loss: 1.5267 | LR: 1.00e-04
2025-11-18 00:28:06 | INFO | Epoch 1 | Batch 2490/50000 | Loss: 0.1527 | Avg Loss: 1.5219 | LR: 1.00e-04
2025-11-18 00:28:07 | INFO | Epoch 1 | Batch 2500/50000 | Loss: 0.7382 | Avg Loss: 1.5175 | LR: 1.00e-04
2025-11-18 00:28:07 | INFO | Epoch 1 | Batch 2510/50000 | Loss: 0.5004 | Avg Loss: 1.5127 | LR: 1.00e-04
2025-11-18 00:28:07 | INFO | Epoch 1 | Batch 2520/50000 | Loss: 0.4347 | Avg Loss: 1.5083 | LR: 1.00e-04
2025-11-18 00:28:07 | INFO | Epoch 1 | Batch 2530/50000 | Loss: 0.3544 | Avg Loss: 1.5039 | LR: 1.00e-04
2025-11-18 00:28:07 | INFO | Epoch 1 | Batch 2540/50000 | Loss: 0.3385 | Avg Loss: 1.4992 | LR: 9.99e-05
2025-11-18 00:28:07 | INFO | Epoch 1 | Batch 2550/50000 | Loss: 0.1798 | Avg Loss: 1.4946 | LR: 9.99e-05
2025-11-18 00:28:07 | INFO | Epoch 1 | Batch 2560/50000 | Loss: 0.7005 | Avg Loss: 1.4902 | LR: 9.99e-05
2025-11-18 00:28:07 | INFO | Epoch 1 | Batch 2570/50000 | Loss: 0.2878 | Avg Loss: 1.4857 | LR: 9.99e-05
2025-11-18 00:28:07 | INFO | Epoch 1 | Batch 2580/50000 | Loss: 0.2358 | Avg Loss: 1.4812 | LR: 9.99e-05
2025-11-18 00:28:07 | INFO | Epoch 1 | Batch 2590/50000 | Loss: 0.2597 | Avg Loss: 1.4765 | LR: 9.99e-05
2025-11-18 00:28:07 | INFO | Epoch 1 | Batch 2600/50000 | Loss: 0.2059 | Avg Loss: 1.4718 | LR: 9.99e-05
2025-11-18 00:28:07 | INFO | Epoch 1 | Batch 2610/50000 | Loss: 0.2247 | Avg Loss: 1.4674 | LR: 9.99e-05
2025-11-18 00:28:07 | INFO | Epoch 1 | Batch 2620/50000 | Loss: 0.3127 | Avg Loss: 1.4629 | LR: 9.99e-05
2025-11-18 00:28:07 | INFO | Epoch 1 | Batch 2630/50000 | Loss: 0.4096 | Avg Loss: 1.4586 | LR: 9.99e-05
2025-11-18 00:28:08 | INFO | Epoch 1 | Batch 2640/50000 | Loss: 0.3778 | Avg Loss: 1.4541 | LR: 9.99e-05
2025-11-18 00:28:08 | INFO | Epoch 1 | Batch 2650/50000 | Loss: 0.6528 | Avg Loss: 1.4498 | LR: 9.99e-05
2025-11-18 00:28:08 | INFO | Epoch 1 | Batch 2660/50000 | Loss: 0.2723 | Avg Loss: 1.4457 | LR: 9.99e-05
2025-11-18 00:28:08 | INFO | Epoch 1 | Batch 2670/50000 | Loss: 0.4492 | Avg Loss: 1.4415 | LR: 9.99e-05
2025-11-18 00:28:08 | INFO | Epoch 1 | Batch 2680/50000 | Loss: 0.1413 | Avg Loss: 1.4369 | LR: 9.99e-05
2025-11-18 00:28:08 | INFO | Epoch 1 | Batch 2690/50000 | Loss: 0.3899 | Avg Loss: 1.4326 | LR: 9.99e-05
2025-11-18 00:28:08 | INFO | Epoch 1 | Batch 2700/50000 | Loss: 0.4455 | Avg Loss: 1.4284 | LR: 9.99e-05
2025-11-18 00:28:08 | INFO | Epoch 1 | Batch 2710/50000 | Loss: 0.1927 | Avg Loss: 1.4245 | LR: 9.99e-05
2025-11-18 00:28:08 | INFO | Epoch 1 | Batch 2720/50000 | Loss: 0.3664 | Avg Loss: 1.4204 | LR: 9.99e-05
2025-11-18 00:28:08 | INFO | Epoch 1 | Batch 2730/50000 | Loss: 0.2575 | Avg Loss: 1.4161 | LR: 9.99e-05
2025-11-18 00:28:08 | INFO | Epoch 1 | Batch 2740/50000 | Loss: 0.3022 | Avg Loss: 1.4119 | LR: 9.99e-05
2025-11-18 00:28:08 | INFO | Epoch 1 | Batch 2750/50000 | Loss: 0.2565 | Avg Loss: 1.4078 | LR: 9.99e-05
2025-11-18 00:28:08 | INFO | Epoch 1 | Batch 2760/50000 | Loss: 0.4104 | Avg Loss: 1.4038 | LR: 9.99e-05
2025-11-18 00:28:08 | INFO | Epoch 1 | Batch 2770/50000 | Loss: 0.3884 | Avg Loss: 1.3996 | LR: 9.99e-05
2025-11-18 00:28:08 | INFO | Epoch 1 | Batch 2780/50000 | Loss: 0.1232 | Avg Loss: 1.3954 | LR: 9.99e-05
2025-11-18 00:28:09 | INFO | Epoch 1 | Batch 2790/50000 | Loss: 0.1726 | Avg Loss: 1.3912 | LR: 9.99e-05
2025-11-18 00:28:09 | INFO | Epoch 1 | Batch 2800/50000 | Loss: 0.4029 | Avg Loss: 1.3872 | LR: 9.99e-05
2025-11-18 00:28:09 | INFO | Epoch 1 | Batch 2810/50000 | Loss: 0.2777 | Avg Loss: 1.3832 | LR: 9.99e-05
2025-11-18 00:28:09 | INFO | Epoch 1 | Batch 2820/50000 | Loss: 0.3356 | Avg Loss: 1.3793 | LR: 9.99e-05
2025-11-18 00:28:09 | INFO | Epoch 1 | Batch 2830/50000 | Loss: 0.2202 | Avg Loss: 1.3756 | LR: 9.99e-05
2025-11-18 00:28:09 | INFO | Epoch 1 | Batch 2840/50000 | Loss: 0.5568 | Avg Loss: 1.3718 | LR: 9.99e-05
2025-11-18 00:28:09 | INFO | Epoch 1 | Batch 2850/50000 | Loss: 0.1588 | Avg Loss: 1.3680 | LR: 9.99e-05
2025-11-18 00:28:09 | INFO | Epoch 1 | Batch 2860/50000 | Loss: 0.1384 | Avg Loss: 1.3642 | LR: 9.99e-05
2025-11-18 00:28:09 | INFO | Epoch 1 | Batch 2870/50000 | Loss: 0.2539 | Avg Loss: 1.3606 | LR: 9.99e-05
2025-11-18 00:28:09 | INFO | Epoch 1 | Batch 2880/50000 | Loss: 0.2573 | Avg Loss: 1.3570 | LR: 9.99e-05
2025-11-18 00:28:09 | INFO | Epoch 1 | Batch 2890/50000 | Loss: 0.5157 | Avg Loss: 1.3532 | LR: 9.99e-05
2025-11-18 00:28:09 | INFO | Epoch 1 | Batch 2900/50000 | Loss: 0.1349 | Avg Loss: 1.3496 | LR: 9.99e-05
2025-11-18 00:28:09 | INFO | Epoch 1 | Batch 2910/50000 | Loss: 0.3705 | Avg Loss: 1.3460 | LR: 9.99e-05
2025-11-18 00:28:09 | INFO | Epoch 1 | Batch 2920/50000 | Loss: 0.2251 | Avg Loss: 1.3424 | LR: 9.99e-05
2025-11-18 00:28:10 | INFO | Epoch 1 | Batch 2930/50000 | Loss: 0.3913 | Avg Loss: 1.3390 | LR: 9.99e-05
2025-11-18 00:28:10 | INFO | Epoch 1 | Batch 2940/50000 | Loss: 0.2318 | Avg Loss: 1.3351 | LR: 9.99e-05
2025-11-18 00:28:10 | INFO | Epoch 1 | Batch 2950/50000 | Loss: 0.4079 | Avg Loss: 1.3317 | LR: 9.99e-05
2025-11-18 00:28:10 | INFO | Epoch 1 | Batch 2960/50000 | Loss: 0.1698 | Avg Loss: 1.3280 | LR: 9.99e-05
2025-11-18 00:28:10 | INFO | Epoch 1 | Batch 2970/50000 | Loss: 0.1663 | Avg Loss: 1.3242 | LR: 9.99e-05
2025-11-18 00:28:10 | INFO | Epoch 1 | Batch 2980/50000 | Loss: 0.4917 | Avg Loss: 1.3209 | LR: 9.99e-05
2025-11-18 00:28:10 | INFO | Epoch 1 | Batch 2990/50000 | Loss: 0.3149 | Avg Loss: 1.3173 | LR: 9.99e-05
2025-11-18 00:28:10 | INFO | Epoch 1 | Batch 3000/50000 | Loss: 0.4556 | Avg Loss: 1.3138 | LR: 9.99e-05
2025-11-18 00:28:10 | INFO | Epoch 1 | Batch 3010/50000 | Loss: 0.1818 | Avg Loss: 1.3102 | LR: 9.99e-05
2025-11-18 00:28:10 | INFO | Epoch 1 | Batch 3020/50000 | Loss: 0.1731 | Avg Loss: 1.3068 | LR: 9.99e-05
2025-11-18 00:28:10 | INFO | Epoch 1 | Batch 3030/50000 | Loss: 0.2833 | Avg Loss: 1.3032 | LR: 9.99e-05
2025-11-18 00:28:10 | INFO | Epoch 1 | Batch 3040/50000 | Loss: 0.4705 | Avg Loss: 1.2996 | LR: 9.99e-05
2025-11-18 00:28:10 | INFO | Epoch 1 | Batch 3050/50000 | Loss: 0.2440 | Avg Loss: 1.2963 | LR: 9.99e-05
2025-11-18 00:28:10 | INFO | Epoch 1 | Batch 3060/50000 | Loss: 0.2905 | Avg Loss: 1.2929 | LR: 9.99e-05
2025-11-18 00:28:11 | INFO | Epoch 1 | Batch 3070/50000 | Loss: 0.3006 | Avg Loss: 1.2897 | LR: 9.99e-05
2025-11-18 00:28:11 | INFO | Epoch 1 | Batch 3080/50000 | Loss: 0.2323 | Avg Loss: 1.2866 | LR: 9.99e-05
2025-11-18 00:28:11 | INFO | Epoch 1 | Batch 3090/50000 | Loss: 0.2920 | Avg Loss: 1.2832 | LR: 9.99e-05
2025-11-18 00:28:11 | INFO | Epoch 1 | Batch 3100/50000 | Loss: 0.1567 | Avg Loss: 1.2801 | LR: 9.99e-05
2025-11-18 00:28:11 | INFO | Epoch 1 | Batch 3110/50000 | Loss: 0.1973 | Avg Loss: 1.2766 | LR: 9.99e-05
2025-11-18 00:28:11 | INFO | Epoch 1 | Batch 3120/50000 | Loss: 0.1296 | Avg Loss: 1.2733 | LR: 9.99e-05
2025-11-18 00:28:11 | INFO | Epoch 1 | Batch 3130/50000 | Loss: 0.4651 | Avg Loss: 1.2701 | LR: 9.99e-05
2025-11-18 00:28:11 | INFO | Epoch 1 | Batch 3140/50000 | Loss: 0.1532 | Avg Loss: 1.2668 | LR: 9.99e-05
2025-11-18 00:28:11 | INFO | Epoch 1 | Batch 3150/50000 | Loss: 0.2469 | Avg Loss: 1.2636 | LR: 9.99e-05
2025-11-18 00:28:11 | INFO | Epoch 1 | Batch 3160/50000 | Loss: 0.1858 | Avg Loss: 1.2603 | LR: 9.99e-05
2025-11-18 00:28:11 | INFO | Epoch 1 | Batch 3170/50000 | Loss: 0.3299 | Avg Loss: 1.2572 | LR: 9.99e-05
2025-11-18 00:28:11 | INFO | Epoch 1 | Batch 3180/50000 | Loss: 0.2853 | Avg Loss: 1.2540 | LR: 9.99e-05
2025-11-18 00:28:11 | INFO | Epoch 1 | Batch 3190/50000 | Loss: 0.1971 | Avg Loss: 1.2511 | LR: 9.99e-05
2025-11-18 00:28:11 | INFO | Epoch 1 | Batch 3200/50000 | Loss: 0.2646 | Avg Loss: 1.2477 | LR: 9.99e-05
2025-11-18 00:28:11 | INFO | Epoch 1 | Batch 3210/50000 | Loss: 0.2537 | Avg Loss: 1.2444 | LR: 9.99e-05
2025-11-18 00:28:12 | INFO | Epoch 1 | Batch 3220/50000 | Loss: 0.3543 | Avg Loss: 1.2415 | LR: 9.99e-05
2025-11-18 00:28:12 | INFO | Epoch 1 | Batch 3230/50000 | Loss: 0.1458 | Avg Loss: 1.2383 | LR: 9.99e-05
2025-11-18 00:28:12 | INFO | Epoch 1 | Batch 3240/50000 | Loss: 0.1200 | Avg Loss: 1.2351 | LR: 9.99e-05
2025-11-18 00:28:12 | INFO | Epoch 1 | Batch 3250/50000 | Loss: 0.1365 | Avg Loss: 1.2318 | LR: 9.99e-05
2025-11-18 00:28:12 | INFO | Epoch 1 | Batch 3260/50000 | Loss: 0.2079 | Avg Loss: 1.2288 | LR: 9.99e-05
2025-11-18 00:28:12 | INFO | Epoch 1 | Batch 3270/50000 | Loss: 0.2651 | Avg Loss: 1.2259 | LR: 9.99e-05
2025-11-18 00:28:12 | INFO | Epoch 1 | Batch 3280/50000 | Loss: 0.3618 | Avg Loss: 1.2230 | LR: 9.99e-05
2025-11-18 00:28:12 | INFO | Epoch 1 | Batch 3290/50000 | Loss: 0.3051 | Avg Loss: 1.2199 | LR: 9.99e-05
2025-11-18 00:28:12 | INFO | Epoch 1 | Batch 3300/50000 | Loss: 0.0833 | Avg Loss: 1.2168 | LR: 9.99e-05
2025-11-18 00:28:12 | INFO | Epoch 1 | Batch 3310/50000 | Loss: 0.1394 | Avg Loss: 1.2136 | LR: 9.99e-05
2025-11-18 00:28:12 | INFO | Epoch 1 | Batch 3320/50000 | Loss: 0.1331 | Avg Loss: 1.2105 | LR: 9.99e-05
2025-11-18 00:28:12 | INFO | Epoch 1 | Batch 3330/50000 | Loss: 0.2179 | Avg Loss: 1.2078 | LR: 9.99e-05
2025-11-18 00:28:12 | INFO | Epoch 1 | Batch 3340/50000 | Loss: 0.1626 | Avg Loss: 1.2046 | LR: 9.99e-05
2025-11-18 00:28:12 | INFO | Epoch 1 | Batch 3350/50000 | Loss: 0.1617 | Avg Loss: 1.2017 | LR: 9.99e-05
2025-11-18 00:28:13 | INFO | Epoch 1 | Batch 3360/50000 | Loss: 0.1677 | Avg Loss: 1.1987 | LR: 9.99e-05
2025-11-18 00:28:13 | INFO | Epoch 1 | Batch 3370/50000 | Loss: 0.1803 | Avg Loss: 1.1959 | LR: 9.99e-05
2025-11-18 00:28:13 | INFO | Epoch 1 | Batch 3380/50000 | Loss: 0.2448 | Avg Loss: 1.1930 | LR: 9.99e-05
2025-11-18 00:28:13 | INFO | Epoch 1 | Batch 3390/50000 | Loss: 0.2409 | Avg Loss: 1.1902 | LR: 9.99e-05
2025-11-18 00:28:13 | INFO | Epoch 1 | Batch 3400/50000 | Loss: 0.3577 | Avg Loss: 1.1875 | LR: 9.99e-05
2025-11-18 00:28:13 | INFO | Epoch 1 | Batch 3410/50000 | Loss: 0.1661 | Avg Loss: 1.1846 | LR: 9.99e-05
2025-11-18 00:28:13 | INFO | Epoch 1 | Batch 3420/50000 | Loss: 0.1289 | Avg Loss: 1.1818 | LR: 9.99e-05
2025-11-18 00:28:13 | INFO | Epoch 1 | Batch 3430/50000 | Loss: 0.1078 | Avg Loss: 1.1791 | LR: 9.99e-05
2025-11-18 00:28:13 | INFO | Epoch 1 | Batch 3440/50000 | Loss: 0.1638 | Avg Loss: 1.1763 | LR: 9.99e-05
2025-11-18 00:28:13 | INFO | Epoch 1 | Batch 3450/50000 | Loss: 0.1331 | Avg Loss: 1.1734 | LR: 9.99e-05
2025-11-18 00:28:13 | INFO | Epoch 1 | Batch 3460/50000 | Loss: 0.3723 | Avg Loss: 1.1708 | LR: 9.99e-05
2025-11-18 00:28:13 | INFO | Epoch 1 | Batch 3470/50000 | Loss: 0.1207 | Avg Loss: 1.1680 | LR: 9.99e-05
2025-11-18 00:28:13 | INFO | Epoch 1 | Batch 3480/50000 | Loss: 0.0845 | Avg Loss: 1.1652 | LR: 9.99e-05
2025-11-18 00:28:13 | INFO | Epoch 1 | Batch 3490/50000 | Loss: 0.2667 | Avg Loss: 1.1626 | LR: 9.99e-05
2025-11-18 00:28:14 | INFO | Epoch 1 | Batch 3500/50000 | Loss: 0.2447 | Avg Loss: 1.1598 | LR: 9.99e-05
2025-11-18 00:28:14 | INFO | Epoch 1 | Batch 3510/50000 | Loss: 0.1087 | Avg Loss: 1.1570 | LR: 9.99e-05
2025-11-18 00:28:14 | INFO | Epoch 1 | Batch 3520/50000 | Loss: 0.2111 | Avg Loss: 1.1544 | LR: 9.99e-05
2025-11-18 00:28:14 | INFO | Epoch 1 | Batch 3530/50000 | Loss: 0.1355 | Avg Loss: 1.1517 | LR: 9.99e-05
2025-11-18 00:28:14 | INFO | Epoch 1 | Batch 3540/50000 | Loss: 0.4215 | Avg Loss: 1.1493 | LR: 9.99e-05
2025-11-18 00:28:14 | INFO | Epoch 1 | Batch 3550/50000 | Loss: 0.2704 | Avg Loss: 1.1468 | LR: 9.99e-05
2025-11-18 00:28:14 | INFO | Epoch 1 | Batch 3560/50000 | Loss: 0.1995 | Avg Loss: 1.1441 | LR: 9.99e-05
2025-11-18 00:28:14 | INFO | Epoch 1 | Batch 3570/50000 | Loss: 0.2622 | Avg Loss: 1.1415 | LR: 9.99e-05
2025-11-18 00:28:14 | INFO | Epoch 1 | Batch 3580/50000 | Loss: 0.2691 | Avg Loss: 1.1390 | LR: 9.99e-05
2025-11-18 00:28:14 | INFO | Epoch 1 | Batch 3590/50000 | Loss: 0.1485 | Avg Loss: 1.1364 | LR: 9.99e-05
2025-11-18 00:28:14 | INFO | Epoch 1 | Batch 3600/50000 | Loss: 0.3051 | Avg Loss: 1.1339 | LR: 9.99e-05
2025-11-18 00:28:14 | INFO | Epoch 1 | Batch 3610/50000 | Loss: 0.3889 | Avg Loss: 1.1315 | LR: 9.99e-05
2025-11-18 00:28:14 | INFO | Epoch 1 | Batch 3620/50000 | Loss: 0.0796 | Avg Loss: 1.1290 | LR: 9.99e-05
2025-11-18 00:28:14 | INFO | Epoch 1 | Batch 3630/50000 | Loss: 0.2143 | Avg Loss: 1.1265 | LR: 9.99e-05
2025-11-18 00:28:14 | INFO | Epoch 1 | Batch 3640/50000 | Loss: 0.0335 | Avg Loss: 1.1240 | LR: 9.99e-05
2025-11-18 00:28:15 | INFO | Epoch 1 | Batch 3650/50000 | Loss: 0.0465 | Avg Loss: 1.1214 | LR: 9.99e-05
2025-11-18 00:28:15 | INFO | Epoch 1 | Batch 3660/50000 | Loss: 0.0472 | Avg Loss: 1.1188 | LR: 9.99e-05
2025-11-18 00:28:15 | INFO | Epoch 1 | Batch 3670/50000 | Loss: 0.1510 | Avg Loss: 1.1164 | LR: 9.99e-05
2025-11-18 00:28:15 | INFO | Epoch 1 | Batch 3680/50000 | Loss: 0.3350 | Avg Loss: 1.1140 | LR: 9.99e-05
2025-11-18 00:28:15 | INFO | Epoch 1 | Batch 3690/50000 | Loss: 0.2280 | Avg Loss: 1.1115 | LR: 9.99e-05
2025-11-18 00:28:15 | INFO | Epoch 1 | Batch 3700/50000 | Loss: 0.1116 | Avg Loss: 1.1091 | LR: 9.99e-05
2025-11-18 00:28:15 | INFO | Epoch 1 | Batch 3710/50000 | Loss: 0.1968 | Avg Loss: 1.1067 | LR: 9.99e-05
2025-11-18 00:28:15 | INFO | Epoch 1 | Batch 3720/50000 | Loss: 0.4320 | Avg Loss: 1.1044 | LR: 9.99e-05
2025-11-18 00:28:15 | INFO | Epoch 1 | Batch 3730/50000 | Loss: 0.0764 | Avg Loss: 1.1018 | LR: 9.99e-05
2025-11-18 00:28:15 | INFO | Epoch 1 | Batch 3740/50000 | Loss: 0.0609 | Avg Loss: 1.0993 | LR: 9.99e-05
2025-11-18 00:28:15 | INFO | Epoch 1 | Batch 3750/50000 | Loss: 0.2355 | Avg Loss: 1.0971 | LR: 9.99e-05
2025-11-18 00:28:15 | INFO | Epoch 1 | Batch 3760/50000 | Loss: 0.4841 | Avg Loss: 1.0948 | LR: 9.99e-05
2025-11-18 00:28:15 | INFO | Epoch 1 | Batch 3770/50000 | Loss: 0.1281 | Avg Loss: 1.0924 | LR: 9.99e-05
2025-11-18 00:28:15 | INFO | Epoch 1 | Batch 3780/50000 | Loss: 0.2669 | Avg Loss: 1.0900 | LR: 9.99e-05
2025-11-18 00:28:16 | INFO | Epoch 1 | Batch 3790/50000 | Loss: 0.1167 | Avg Loss: 1.0876 | LR: 9.99e-05
2025-11-18 00:28:16 | INFO | Epoch 1 | Batch 3800/50000 | Loss: 0.1438 | Avg Loss: 1.0851 | LR: 9.99e-05
2025-11-18 00:28:16 | INFO | Epoch 1 | Batch 3810/50000 | Loss: 0.1804 | Avg Loss: 1.0827 | LR: 9.99e-05
2025-11-18 00:28:16 | INFO | Epoch 1 | Batch 3820/50000 | Loss: 0.2545 | Avg Loss: 1.0804 | LR: 9.99e-05
2025-11-18 00:28:16 | INFO | Epoch 1 | Batch 3830/50000 | Loss: 0.2849 | Avg Loss: 1.0779 | LR: 9.99e-05
2025-11-18 00:28:16 | INFO | Epoch 1 | Batch 3840/50000 | Loss: 0.0558 | Avg Loss: 1.0756 | LR: 9.99e-05
2025-11-18 00:28:16 | INFO | Epoch 1 | Batch 3850/50000 | Loss: 0.1561 | Avg Loss: 1.0732 | LR: 9.99e-05
2025-11-18 00:28:16 | INFO | Epoch 1 | Batch 3860/50000 | Loss: 0.2008 | Avg Loss: 1.0711 | LR: 9.99e-05
2025-11-18 00:28:16 | INFO | Epoch 1 | Batch 3870/50000 | Loss: 0.3354 | Avg Loss: 1.0689 | LR: 9.99e-05
2025-11-18 00:28:16 | INFO | Epoch 1 | Batch 3880/50000 | Loss: 0.1888 | Avg Loss: 1.0667 | LR: 9.99e-05
2025-11-18 00:28:16 | INFO | Epoch 1 | Batch 3890/50000 | Loss: 0.1694 | Avg Loss: 1.0644 | LR: 9.99e-05
2025-11-18 00:28:16 | INFO | Epoch 1 | Batch 3900/50000 | Loss: 0.1070 | Avg Loss: 1.0622 | LR: 9.99e-05
2025-11-18 00:28:16 | INFO | Epoch 1 | Batch 3910/50000 | Loss: 0.1439 | Avg Loss: 1.0599 | LR: 9.99e-05
2025-11-18 00:28:16 | INFO | Epoch 1 | Batch 3920/50000 | Loss: 0.4517 | Avg Loss: 1.0577 | LR: 9.99e-05
2025-11-18 00:28:16 | INFO | Epoch 1 | Batch 3930/50000 | Loss: 0.1378 | Avg Loss: 1.0554 | LR: 9.99e-05
2025-11-18 00:28:17 | INFO | Epoch 1 | Batch 3940/50000 | Loss: 0.3083 | Avg Loss: 1.0533 | LR: 9.99e-05
2025-11-18 00:28:17 | INFO | Epoch 1 | Batch 3950/50000 | Loss: 0.1210 | Avg Loss: 1.0510 | LR: 9.99e-05
2025-11-18 00:28:17 | INFO | Epoch 1 | Batch 3960/50000 | Loss: 0.3800 | Avg Loss: 1.0488 | LR: 9.99e-05
2025-11-18 00:28:17 | INFO | Epoch 1 | Batch 3970/50000 | Loss: 0.4472 | Avg Loss: 1.0468 | LR: 9.99e-05
2025-11-18 00:28:17 | INFO | Epoch 1 | Batch 3980/50000 | Loss: 0.3727 | Avg Loss: 1.0446 | LR: 9.99e-05
2025-11-18 00:28:17 | INFO | Epoch 1 | Batch 3990/50000 | Loss: 0.1838 | Avg Loss: 1.0425 | LR: 9.99e-05
2025-11-18 00:28:17 | INFO | Epoch 1 | Batch 4000/50000 | Loss: 0.0625 | Avg Loss: 1.0403 | LR: 9.99e-05
2025-11-18 00:28:17 | INFO | Epoch 1 | Batch 4010/50000 | Loss: 0.1749 | Avg Loss: 1.0380 | LR: 9.99e-05
2025-11-18 00:28:17 | INFO | Epoch 1 | Batch 4020/50000 | Loss: 0.2837 | Avg Loss: 1.0359 | LR: 9.99e-05
2025-11-18 00:28:17 | INFO | Epoch 1 | Batch 4030/50000 | Loss: 0.1143 | Avg Loss: 1.0337 | LR: 9.99e-05
2025-11-18 00:28:17 | INFO | Epoch 1 | Batch 4040/50000 | Loss: 0.1927 | Avg Loss: 1.0315 | LR: 9.99e-05
2025-11-18 00:28:17 | INFO | Epoch 1 | Batch 4050/50000 | Loss: 0.1323 | Avg Loss: 1.0293 | LR: 9.99e-05
2025-11-18 00:28:17 | INFO | Epoch 1 | Batch 4060/50000 | Loss: 0.0438 | Avg Loss: 1.0273 | LR: 9.99e-05
2025-11-18 00:28:18 | INFO | Epoch 1 | Batch 4070/50000 | Loss: 0.0625 | Avg Loss: 1.0252 | LR: 9.99e-05
2025-11-18 00:28:18 | INFO | Epoch 1 | Batch 4080/50000 | Loss: 0.2226 | Avg Loss: 1.0231 | LR: 9.99e-05
2025-11-18 00:28:18 | INFO | Epoch 1 | Batch 4090/50000 | Loss: 0.2086 | Avg Loss: 1.0212 | LR: 9.99e-05
2025-11-18 00:28:18 | INFO | Epoch 1 | Batch 4100/50000 | Loss: 0.1569 | Avg Loss: 1.0190 | LR: 9.98e-05
2025-11-18 00:28:18 | INFO | Epoch 1 | Batch 4110/50000 | Loss: 0.2011 | Avg Loss: 1.0169 | LR: 9.98e-05
2025-11-18 00:28:18 | INFO | Epoch 1 | Batch 4120/50000 | Loss: 0.1442 | Avg Loss: 1.0148 | LR: 9.98e-05
2025-11-18 00:28:18 | INFO | Epoch 1 | Batch 4130/50000 | Loss: 0.2172 | Avg Loss: 1.0128 | LR: 9.98e-05
2025-11-18 00:28:18 | INFO | Epoch 1 | Batch 4140/50000 | Loss: 0.1279 | Avg Loss: 1.0107 | LR: 9.98e-05
2025-11-18 00:28:18 | INFO | Epoch 1 | Batch 4150/50000 | Loss: 0.2356 | Avg Loss: 1.0087 | LR: 9.98e-05
2025-11-18 00:28:18 | INFO | Epoch 1 | Batch 4160/50000 | Loss: 0.2441 | Avg Loss: 1.0067 | LR: 9.98e-05
2025-11-18 00:28:18 | INFO | Epoch 1 | Batch 4170/50000 | Loss: 0.0321 | Avg Loss: 1.0047 | LR: 9.98e-05
2025-11-18 00:28:18 | INFO | Epoch 1 | Batch 4180/50000 | Loss: 0.1195 | Avg Loss: 1.0027 | LR: 9.98e-05
2025-11-18 00:28:18 | INFO | Epoch 1 | Batch 4190/50000 | Loss: 0.1527 | Avg Loss: 1.0007 | LR: 9.98e-05
2025-11-18 00:28:18 | INFO | Epoch 1 | Batch 4200/50000 | Loss: 0.2508 | Avg Loss: 0.9988 | LR: 9.98e-05
2025-11-18 00:28:19 | INFO | Epoch 1 | Batch 4210/50000 | Loss: 0.1699 | Avg Loss: 0.9969 | LR: 9.98e-05
2025-11-18 00:28:19 | INFO | Epoch 1 | Batch 4220/50000 | Loss: 0.1198 | Avg Loss: 0.9949 | LR: 9.98e-05
2025-11-18 00:28:19 | INFO | Epoch 1 | Batch 4230/50000 | Loss: 0.1138 | Avg Loss: 0.9930 | LR: 9.98e-05
2025-11-18 00:28:19 | INFO | Epoch 1 | Batch 4240/50000 | Loss: 0.2007 | Avg Loss: 0.9911 | LR: 9.98e-05
2025-11-18 00:28:19 | INFO | Epoch 1 | Batch 4250/50000 | Loss: 0.1819 | Avg Loss: 0.9894 | LR: 9.98e-05
2025-11-18 00:28:19 | INFO | Epoch 1 | Batch 4260/50000 | Loss: 0.0495 | Avg Loss: 0.9875 | LR: 9.98e-05
2025-11-18 00:28:19 | INFO | Epoch 1 | Batch 4270/50000 | Loss: 0.1833 | Avg Loss: 0.9856 | LR: 9.98e-05
2025-11-18 00:28:19 | INFO | Epoch 1 | Batch 4280/50000 | Loss: 0.2679 | Avg Loss: 0.9837 | LR: 9.98e-05
2025-11-18 00:28:19 | INFO | Epoch 1 | Batch 4290/50000 | Loss: 0.2299 | Avg Loss: 0.9818 | LR: 9.98e-05
2025-11-18 00:28:19 | INFO | Epoch 1 | Batch 4300/50000 | Loss: 0.2140 | Avg Loss: 0.9799 | LR: 9.98e-05
2025-11-18 00:28:19 | INFO | Epoch 1 | Batch 4310/50000 | Loss: 0.3310 | Avg Loss: 0.9779 | LR: 9.98e-05
2025-11-18 00:28:19 | INFO | Epoch 1 | Batch 4320/50000 | Loss: 0.0990 | Avg Loss: 0.9760 | LR: 9.98e-05
2025-11-18 00:28:19 | INFO | Epoch 1 | Batch 4330/50000 | Loss: 0.1387 | Avg Loss: 0.9740 | LR: 9.98e-05
2025-11-18 00:28:19 | INFO | Epoch 1 | Batch 4340/50000 | Loss: 0.3317 | Avg Loss: 0.9722 | LR: 9.98e-05
2025-11-18 00:28:20 | INFO | Epoch 1 | Batch 4350/50000 | Loss: 0.2165 | Avg Loss: 0.9704 | LR: 9.98e-05
2025-11-18 00:28:20 | INFO | Epoch 1 | Batch 4360/50000 | Loss: 0.0216 | Avg Loss: 0.9685 | LR: 9.98e-05
2025-11-18 00:28:20 | INFO | Epoch 1 | Batch 4370/50000 | Loss: 0.0863 | Avg Loss: 0.9667 | LR: 9.98e-05
2025-11-18 00:28:20 | INFO | Epoch 1 | Batch 4380/50000 | Loss: 0.2679 | Avg Loss: 0.9648 | LR: 9.98e-05
2025-11-18 00:28:20 | INFO | Epoch 1 | Batch 4390/50000 | Loss: 0.1694 | Avg Loss: 0.9630 | LR: 9.98e-05
2025-11-18 00:28:20 | INFO | Epoch 1 | Batch 4400/50000 | Loss: 0.0833 | Avg Loss: 0.9611 | LR: 9.98e-05
2025-11-18 00:28:20 | INFO | Epoch 1 | Batch 4410/50000 | Loss: 0.1459 | Avg Loss: 0.9593 | LR: 9.98e-05
2025-11-18 00:28:20 | INFO | Epoch 1 | Batch 4420/50000 | Loss: 0.1048 | Avg Loss: 0.9575 | LR: 9.98e-05
2025-11-18 00:28:20 | INFO | Epoch 1 | Batch 4430/50000 | Loss: 0.1115 | Avg Loss: 0.9558 | LR: 9.98e-05
2025-11-18 00:28:20 | INFO | Epoch 1 | Batch 4440/50000 | Loss: 0.1857 | Avg Loss: 0.9541 | LR: 9.98e-05
2025-11-18 00:28:20 | INFO | Epoch 1 | Batch 4450/50000 | Loss: 0.3169 | Avg Loss: 0.9524 | LR: 9.98e-05
2025-11-18 00:28:20 | INFO | Epoch 1 | Batch 4460/50000 | Loss: 0.0642 | Avg Loss: 0.9506 | LR: 9.98e-05
2025-11-18 00:28:20 | INFO | Epoch 1 | Batch 4470/50000 | Loss: 0.1618 | Avg Loss: 0.9488 | LR: 9.98e-05
2025-11-18 00:28:20 | INFO | Epoch 1 | Batch 4480/50000 | Loss: 0.1246 | Avg Loss: 0.9471 | LR: 9.98e-05
2025-11-18 00:28:21 | INFO | Epoch 1 | Batch 4490/50000 | Loss: 0.1172 | Avg Loss: 0.9453 | LR: 9.98e-05
2025-11-18 00:28:21 | INFO | Epoch 1 | Batch 4500/50000 | Loss: 0.0439 | Avg Loss: 0.9435 | LR: 9.98e-05
2025-11-18 00:28:21 | INFO | Epoch 1 | Batch 4510/50000 | Loss: 0.1537 | Avg Loss: 0.9418 | LR: 9.98e-05
2025-11-18 00:28:21 | INFO | Epoch 1 | Batch 4520/50000 | Loss: 0.0289 | Avg Loss: 0.9400 | LR: 9.98e-05
2025-11-18 00:28:21 | INFO | Epoch 1 | Batch 4530/50000 | Loss: 0.1554 | Avg Loss: 0.9382 | LR: 9.98e-05
2025-11-18 00:28:21 | INFO | Epoch 1 | Batch 4540/50000 | Loss: 0.2123 | Avg Loss: 0.9365 | LR: 9.98e-05
2025-11-18 00:28:21 | INFO | Epoch 1 | Batch 4550/50000 | Loss: 0.2468 | Avg Loss: 0.9347 | LR: 9.98e-05
2025-11-18 00:28:21 | INFO | Epoch 1 | Batch 4560/50000 | Loss: 0.1190 | Avg Loss: 0.9330 | LR: 9.98e-05
2025-11-18 00:28:21 | INFO | Epoch 1 | Batch 4570/50000 | Loss: 0.1045 | Avg Loss: 0.9312 | LR: 9.98e-05
2025-11-18 00:28:21 | INFO | Epoch 1 | Batch 4580/50000 | Loss: 0.0455 | Avg Loss: 0.9295 | LR: 9.98e-05
2025-11-18 00:28:21 | INFO | Epoch 1 | Batch 4590/50000 | Loss: 0.1562 | Avg Loss: 0.9278 | LR: 9.98e-05
2025-11-18 00:28:21 | INFO | Epoch 1 | Batch 4600/50000 | Loss: 0.0754 | Avg Loss: 0.9262 | LR: 9.98e-05
2025-11-18 00:28:21 | INFO | Epoch 1 | Batch 4610/50000 | Loss: 0.0967 | Avg Loss: 0.9245 | LR: 9.98e-05
2025-11-18 00:28:21 | INFO | Epoch 1 | Batch 4620/50000 | Loss: 0.2593 | Avg Loss: 0.9228 | LR: 9.98e-05
2025-11-18 00:28:21 | INFO | Epoch 1 | Batch 4630/50000 | Loss: 0.2214 | Avg Loss: 0.9211 | LR: 9.98e-05
2025-11-18 00:28:22 | INFO | Epoch 1 | Batch 4640/50000 | Loss: 0.1152 | Avg Loss: 0.9194 | LR: 9.98e-05
2025-11-18 00:28:22 | INFO | Epoch 1 | Batch 4650/50000 | Loss: 0.0492 | Avg Loss: 0.9177 | LR: 9.98e-05
2025-11-18 00:28:22 | INFO | Epoch 1 | Batch 4660/50000 | Loss: 0.0453 | Avg Loss: 0.9160 | LR: 9.98e-05
2025-11-18 00:28:22 | INFO | Epoch 1 | Batch 4670/50000 | Loss: 0.0766 | Avg Loss: 0.9143 | LR: 9.98e-05
2025-11-18 00:28:22 | INFO | Epoch 1 | Batch 4680/50000 | Loss: 0.1702 | Avg Loss: 0.9126 | LR: 9.98e-05
2025-11-18 00:28:22 | INFO | Epoch 1 | Batch 4690/50000 | Loss: 0.1165 | Avg Loss: 0.9109 | LR: 9.98e-05
2025-11-18 00:28:22 | INFO | Epoch 1 | Batch 4700/50000 | Loss: 0.0830 | Avg Loss: 0.9093 | LR: 9.98e-05
2025-11-18 00:28:22 | INFO | Epoch 1 | Batch 4710/50000 | Loss: 0.1939 | Avg Loss: 0.9076 | LR: 9.98e-05
2025-11-18 00:28:22 | INFO | Epoch 1 | Batch 4720/50000 | Loss: 0.1057 | Avg Loss: 0.9060 | LR: 9.98e-05
2025-11-18 00:28:22 | INFO | Epoch 1 | Batch 4730/50000 | Loss: 0.1151 | Avg Loss: 0.9045 | LR: 9.98e-05
2025-11-18 00:28:22 | INFO | Epoch 1 | Batch 4740/50000 | Loss: 0.0492 | Avg Loss: 0.9028 | LR: 9.98e-05
2025-11-18 00:28:22 | INFO | Epoch 1 | Batch 4750/50000 | Loss: 0.2209 | Avg Loss: 0.9013 | LR: 9.98e-05
2025-11-18 00:28:22 | INFO | Epoch 1 | Batch 4760/50000 | Loss: 0.0453 | Avg Loss: 0.8997 | LR: 9.98e-05
2025-11-18 00:28:22 | INFO | Epoch 1 | Batch 4770/50000 | Loss: 0.1198 | Avg Loss: 0.8982 | LR: 9.98e-05
2025-11-18 00:28:23 | INFO | Epoch 1 | Batch 4780/50000 | Loss: 0.0680 | Avg Loss: 0.8966 | LR: 9.98e-05
2025-11-18 00:28:23 | INFO | Epoch 1 | Batch 4790/50000 | Loss: 0.2715 | Avg Loss: 0.8951 | LR: 9.98e-05
2025-11-18 00:28:23 | INFO | Epoch 1 | Batch 4800/50000 | Loss: 0.0836 | Avg Loss: 0.8935 | LR: 9.98e-05
2025-11-18 00:28:23 | INFO | Epoch 1 | Batch 4810/50000 | Loss: 0.1519 | Avg Loss: 0.8919 | LR: 9.98e-05
2025-11-18 00:28:23 | INFO | Epoch 1 | Batch 4820/50000 | Loss: 0.3047 | Avg Loss: 0.8903 | LR: 9.98e-05
2025-11-18 00:28:23 | INFO | Epoch 1 | Batch 4830/50000 | Loss: 0.1062 | Avg Loss: 0.8887 | LR: 9.98e-05
2025-11-18 00:28:23 | INFO | Epoch 1 | Batch 4840/50000 | Loss: 0.0781 | Avg Loss: 0.8872 | LR: 9.98e-05
2025-11-18 00:28:23 | INFO | Epoch 1 | Batch 4850/50000 | Loss: 0.0767 | Avg Loss: 0.8857 | LR: 9.98e-05
2025-11-18 00:28:23 | INFO | Epoch 1 | Batch 4860/50000 | Loss: 0.1082 | Avg Loss: 0.8841 | LR: 9.98e-05
2025-11-18 00:28:23 | INFO | Epoch 1 | Batch 4870/50000 | Loss: 0.0801 | Avg Loss: 0.8825 | LR: 9.98e-05
2025-11-18 00:28:23 | INFO | Epoch 1 | Batch 4880/50000 | Loss: 0.1881 | Avg Loss: 0.8810 | LR: 9.98e-05
2025-11-18 00:28:23 | INFO | Epoch 1 | Batch 4890/50000 | Loss: 0.0947 | Avg Loss: 0.8794 | LR: 9.98e-05
2025-11-18 00:28:23 | INFO | Epoch 1 | Batch 4900/50000 | Loss: 0.2098 | Avg Loss: 0.8779 | LR: 9.98e-05
2025-11-18 00:28:23 | INFO | Epoch 1 | Batch 4910/50000 | Loss: 0.0734 | Avg Loss: 0.8764 | LR: 9.98e-05
2025-11-18 00:28:24 | INFO | Epoch 1 | Batch 4920/50000 | Loss: 0.1190 | Avg Loss: 0.8749 | LR: 9.98e-05
2025-11-18 00:28:24 | INFO | Epoch 1 | Batch 4930/50000 | Loss: 0.0650 | Avg Loss: 0.8735 | LR: 9.98e-05
2025-11-18 00:28:24 | INFO | Epoch 1 | Batch 4940/50000 | Loss: 0.3436 | Avg Loss: 0.8721 | LR: 9.98e-05
2025-11-18 00:28:24 | INFO | Epoch 1 | Batch 4950/50000 | Loss: 0.2277 | Avg Loss: 0.8707 | LR: 9.98e-05
2025-11-18 00:28:24 | INFO | Epoch 1 | Batch 4960/50000 | Loss: 0.0120 | Avg Loss: 0.8691 | LR: 9.98e-05
2025-11-18 00:28:24 | INFO | Epoch 1 | Batch 4970/50000 | Loss: 0.0493 | Avg Loss: 0.8676 | LR: 9.98e-05
2025-11-18 00:28:24 | INFO | Epoch 1 | Batch 4980/50000 | Loss: 0.1524 | Avg Loss: 0.8661 | LR: 9.98e-05
2025-11-18 00:28:24 | INFO | Epoch 1 | Batch 4990/50000 | Loss: 0.1335 | Avg Loss: 0.8647 | LR: 9.98e-05
2025-11-18 00:28:24 | INFO | Epoch 1 | Batch 5000/50000 | Loss: 0.0933 | Avg Loss: 0.8633 | LR: 9.98e-05
2025-11-18 00:28:24 | INFO | Epoch 1 | Batch 5010/50000 | Loss: 0.1224 | Avg Loss: 0.8620 | LR: 9.98e-05
2025-11-18 00:28:24 | INFO | Epoch 1 | Batch 5020/50000 | Loss: 0.1677 | Avg Loss: 0.8605 | LR: 9.98e-05
2025-11-18 00:28:24 | INFO | Epoch 1 | Batch 5030/50000 | Loss: 0.1003 | Avg Loss: 0.8591 | LR: 9.98e-05
2025-11-18 00:28:24 | INFO | Epoch 1 | Batch 5040/50000 | Loss: 0.1602 | Avg Loss: 0.8576 | LR: 9.98e-05
2025-11-18 00:28:24 | INFO | Epoch 1 | Batch 5050/50000 | Loss: 0.0284 | Avg Loss: 0.8562 | LR: 9.98e-05
2025-11-18 00:28:24 | INFO | Epoch 1 | Batch 5060/50000 | Loss: 0.0834 | Avg Loss: 0.8548 | LR: 9.98e-05
2025-11-18 00:28:25 | INFO | Epoch 1 | Batch 5070/50000 | Loss: 0.0460 | Avg Loss: 0.8533 | LR: 9.98e-05
2025-11-18 00:28:25 | INFO | Epoch 1 | Batch 5080/50000 | Loss: 0.3000 | Avg Loss: 0.8519 | LR: 9.98e-05
2025-11-18 00:28:25 | INFO | Epoch 1 | Batch 5090/50000 | Loss: 0.1228 | Avg Loss: 0.8506 | LR: 9.98e-05
2025-11-18 00:28:25 | INFO | Epoch 1 | Batch 5100/50000 | Loss: 0.0669 | Avg Loss: 0.8492 | LR: 9.98e-05
2025-11-18 00:28:25 | INFO | Epoch 1 | Batch 5110/50000 | Loss: 0.1364 | Avg Loss: 0.8477 | LR: 9.98e-05
2025-11-18 00:28:25 | INFO | Epoch 1 | Batch 5120/50000 | Loss: 0.0996 | Avg Loss: 0.8464 | LR: 9.98e-05
2025-11-18 00:28:25 | INFO | Epoch 1 | Batch 5130/50000 | Loss: 0.2176 | Avg Loss: 0.8452 | LR: 9.98e-05
2025-11-18 00:28:25 | INFO | Epoch 1 | Batch 5140/50000 | Loss: 0.0429 | Avg Loss: 0.8437 | LR: 9.98e-05
2025-11-18 00:28:25 | INFO | Epoch 1 | Batch 5150/50000 | Loss: 0.0815 | Avg Loss: 0.8424 | LR: 9.98e-05
2025-11-18 00:28:25 | INFO | Epoch 1 | Batch 5160/50000 | Loss: 0.0965 | Avg Loss: 0.8410 | LR: 9.98e-05
2025-11-18 00:28:25 | INFO | Epoch 1 | Batch 5170/50000 | Loss: 0.0725 | Avg Loss: 0.8396 | LR: 9.97e-05
2025-11-18 00:28:25 | INFO | Epoch 1 | Batch 5180/50000 | Loss: 0.0958 | Avg Loss: 0.8382 | LR: 9.97e-05
2025-11-18 00:28:25 | INFO | Epoch 1 | Batch 5190/50000 | Loss: 0.1390 | Avg Loss: 0.8369 | LR: 9.97e-05
2025-11-18 00:28:25 | INFO | Epoch 1 | Batch 5200/50000 | Loss: 0.1413 | Avg Loss: 0.8355 | LR: 9.97e-05
2025-11-18 00:28:26 | INFO | Epoch 1 | Batch 5210/50000 | Loss: 0.0998 | Avg Loss: 0.8342 | LR: 9.97e-05
2025-11-18 00:28:26 | INFO | Epoch 1 | Batch 5220/50000 | Loss: 0.3162 | Avg Loss: 0.8329 | LR: 9.97e-05
2025-11-18 00:28:26 | INFO | Epoch 1 | Batch 5230/50000 | Loss: 0.1570 | Avg Loss: 0.8314 | LR: 9.97e-05
2025-11-18 00:28:26 | INFO | Epoch 1 | Batch 5240/50000 | Loss: 0.1324 | Avg Loss: 0.8300 | LR: 9.97e-05
2025-11-18 00:28:26 | INFO | Epoch 1 | Batch 5250/50000 | Loss: 0.1145 | Avg Loss: 0.8287 | LR: 9.97e-05
2025-11-18 00:28:26 | INFO | Epoch 1 | Batch 5260/50000 | Loss: 0.1892 | Avg Loss: 0.8273 | LR: 9.97e-05
2025-11-18 00:28:26 | INFO | Epoch 1 | Batch 5270/50000 | Loss: 0.0543 | Avg Loss: 0.8260 | LR: 9.97e-05
2025-11-18 00:28:26 | INFO | Epoch 1 | Batch 5280/50000 | Loss: 0.0818 | Avg Loss: 0.8247 | LR: 9.97e-05
2025-11-18 00:28:26 | INFO | Epoch 1 | Batch 5290/50000 | Loss: 0.0668 | Avg Loss: 0.8233 | LR: 9.97e-05
2025-11-18 00:28:26 | INFO | Epoch 1 | Batch 5300/50000 | Loss: 0.0922 | Avg Loss: 0.8221 | LR: 9.97e-05
2025-11-18 00:28:26 | INFO | Epoch 1 | Batch 5310/50000 | Loss: 0.1365 | Avg Loss: 0.8208 | LR: 9.97e-05
2025-11-18 00:28:26 | INFO | Epoch 1 | Batch 5320/50000 | Loss: 0.2629 | Avg Loss: 0.8195 | LR: 9.97e-05
2025-11-18 00:28:26 | INFO | Epoch 1 | Batch 5330/50000 | Loss: 0.0951 | Avg Loss: 0.8182 | LR: 9.97e-05
2025-11-18 00:28:26 | INFO | Epoch 1 | Batch 5340/50000 | Loss: 0.2626 | Avg Loss: 0.8170 | LR: 9.97e-05
2025-11-18 00:28:27 | INFO | Epoch 1 | Batch 5350/50000 | Loss: 0.0770 | Avg Loss: 0.8156 | LR: 9.97e-05
2025-11-18 00:28:27 | INFO | Epoch 1 | Batch 5360/50000 | Loss: 0.0368 | Avg Loss: 0.8143 | LR: 9.97e-05
2025-11-18 00:28:27 | INFO | Epoch 1 | Batch 5370/50000 | Loss: 0.0938 | Avg Loss: 0.8130 | LR: 9.97e-05
2025-11-18 00:28:27 | INFO | Epoch 1 | Batch 5380/50000 | Loss: 0.1260 | Avg Loss: 0.8117 | LR: 9.97e-05
2025-11-18 00:28:27 | INFO | Epoch 1 | Batch 5390/50000 | Loss: 0.1668 | Avg Loss: 0.8104 | LR: 9.97e-05
2025-11-18 00:28:27 | INFO | Epoch 1 | Batch 5400/50000 | Loss: 0.0829 | Avg Loss: 0.8091 | LR: 9.97e-05
2025-11-18 00:28:27 | INFO | Epoch 1 | Batch 5410/50000 | Loss: 0.1287 | Avg Loss: 0.8078 | LR: 9.97e-05
2025-11-18 00:28:27 | INFO | Epoch 1 | Batch 5420/50000 | Loss: 0.1595 | Avg Loss: 0.8065 | LR: 9.97e-05
2025-11-18 00:28:27 | INFO | Epoch 1 | Batch 5430/50000 | Loss: 0.2986 | Avg Loss: 0.8053 | LR: 9.97e-05
2025-11-18 00:28:27 | INFO | Epoch 1 | Batch 5440/50000 | Loss: 0.0883 | Avg Loss: 0.8040 | LR: 9.97e-05
2025-11-18 00:28:27 | INFO | Epoch 1 | Batch 5450/50000 | Loss: 0.1381 | Avg Loss: 0.8027 | LR: 9.97e-05
2025-11-18 00:28:27 | INFO | Epoch 1 | Batch 5460/50000 | Loss: 0.0249 | Avg Loss: 0.8014 | LR: 9.97e-05
2025-11-18 00:28:27 | INFO | Epoch 1 | Batch 5470/50000 | Loss: 0.0676 | Avg Loss: 0.8003 | LR: 9.97e-05
2025-11-18 00:28:27 | INFO | Epoch 1 | Batch 5480/50000 | Loss: 0.0348 | Avg Loss: 0.7990 | LR: 9.97e-05
2025-11-18 00:28:27 | INFO | Epoch 1 | Batch 5490/50000 | Loss: 0.1645 | Avg Loss: 0.7978 | LR: 9.97e-05
2025-11-18 00:28:28 | INFO | Epoch 1 | Batch 5500/50000 | Loss: 0.2448 | Avg Loss: 0.7965 | LR: 9.97e-05
2025-11-18 00:28:28 | INFO | Epoch 1 | Batch 5510/50000 | Loss: 0.0812 | Avg Loss: 0.7953 | LR: 9.97e-05
2025-11-18 00:28:28 | INFO | Epoch 1 | Batch 5520/50000 | Loss: 0.0669 | Avg Loss: 0.7941 | LR: 9.97e-05
2025-11-18 00:28:28 | INFO | Epoch 1 | Batch 5530/50000 | Loss: 0.1762 | Avg Loss: 0.7929 | LR: 9.97e-05
2025-11-18 00:28:28 | INFO | Epoch 1 | Batch 5540/50000 | Loss: 0.1114 | Avg Loss: 0.7917 | LR: 9.97e-05
2025-11-18 00:28:28 | INFO | Epoch 1 | Batch 5550/50000 | Loss: 0.0780 | Avg Loss: 0.7905 | LR: 9.97e-05
2025-11-18 00:28:28 | INFO | Epoch 1 | Batch 5560/50000 | Loss: 0.1480 | Avg Loss: 0.7892 | LR: 9.97e-05
2025-11-18 00:28:28 | INFO | Epoch 1 | Batch 5570/50000 | Loss: 0.0812 | Avg Loss: 0.7880 | LR: 9.97e-05
2025-11-18 00:28:28 | INFO | Epoch 1 | Batch 5580/50000 | Loss: 0.0233 | Avg Loss: 0.7869 | LR: 9.97e-05
2025-11-18 00:28:28 | INFO | Epoch 1 | Batch 5590/50000 | Loss: 0.0802 | Avg Loss: 0.7857 | LR: 9.97e-05
2025-11-18 00:28:28 | INFO | Epoch 1 | Batch 5600/50000 | Loss: 0.0362 | Avg Loss: 0.7846 | LR: 9.97e-05
2025-11-18 00:28:28 | INFO | Epoch 1 | Batch 5610/50000 | Loss: 0.0936 | Avg Loss: 0.7833 | LR: 9.97e-05
2025-11-18 00:28:28 | INFO | Epoch 1 | Batch 5620/50000 | Loss: 0.1939 | Avg Loss: 0.7822 | LR: 9.97e-05
2025-11-18 00:28:28 | INFO | Epoch 1 | Batch 5630/50000 | Loss: 0.0840 | Avg Loss: 0.7811 | LR: 9.97e-05
2025-11-18 00:28:29 | INFO | Epoch 1 | Batch 5640/50000 | Loss: 0.0859 | Avg Loss: 0.7799 | LR: 9.97e-05
2025-11-18 00:28:29 | INFO | Epoch 1 | Batch 5650/50000 | Loss: 0.1740 | Avg Loss: 0.7788 | LR: 9.97e-05
2025-11-18 00:28:29 | INFO | Epoch 1 | Batch 5660/50000 | Loss: 0.1741 | Avg Loss: 0.7776 | LR: 9.97e-05
2025-11-18 00:28:29 | INFO | Epoch 1 | Batch 5670/50000 | Loss: 0.0505 | Avg Loss: 0.7765 | LR: 9.97e-05
2025-11-18 00:28:29 | INFO | Epoch 1 | Batch 5680/50000 | Loss: 0.0351 | Avg Loss: 0.7753 | LR: 9.97e-05
2025-11-18 00:28:29 | INFO | Epoch 1 | Batch 5690/50000 | Loss: 0.1803 | Avg Loss: 0.7740 | LR: 9.97e-05
2025-11-18 00:28:29 | INFO | Epoch 1 | Batch 5700/50000 | Loss: 0.1791 | Avg Loss: 0.7729 | LR: 9.97e-05
2025-11-18 00:28:29 | INFO | Epoch 1 | Batch 5710/50000 | Loss: 0.1448 | Avg Loss: 0.7717 | LR: 9.97e-05
2025-11-18 00:28:29 | INFO | Epoch 1 | Batch 5720/50000 | Loss: 0.0854 | Avg Loss: 0.7706 | LR: 9.97e-05
2025-11-18 00:28:29 | INFO | Epoch 1 | Batch 5730/50000 | Loss: 0.1943 | Avg Loss: 0.7695 | LR: 9.97e-05
2025-11-18 00:28:29 | INFO | Epoch 1 | Batch 5740/50000 | Loss: 0.0787 | Avg Loss: 0.7684 | LR: 9.97e-05
2025-11-18 00:28:29 | INFO | Epoch 1 | Batch 5750/50000 | Loss: 0.0776 | Avg Loss: 0.7672 | LR: 9.97e-05
2025-11-18 00:28:29 | INFO | Epoch 1 | Batch 5760/50000 | Loss: 0.2063 | Avg Loss: 0.7660 | LR: 9.97e-05
2025-11-18 00:28:29 | INFO | Epoch 1 | Batch 5770/50000 | Loss: 0.0525 | Avg Loss: 0.7649 | LR: 9.97e-05
2025-11-18 00:28:30 | INFO | Epoch 1 | Batch 5780/50000 | Loss: 0.0939 | Avg Loss: 0.7637 | LR: 9.97e-05
2025-11-18 00:28:30 | INFO | Epoch 1 | Batch 5790/50000 | Loss: 0.1227 | Avg Loss: 0.7626 | LR: 9.97e-05
2025-11-18 00:28:30 | INFO | Epoch 1 | Batch 5800/50000 | Loss: 0.1370 | Avg Loss: 0.7615 | LR: 9.97e-05
2025-11-18 00:28:30 | INFO | Epoch 1 | Batch 5810/50000 | Loss: 0.0455 | Avg Loss: 0.7604 | LR: 9.97e-05
2025-11-18 00:28:30 | INFO | Epoch 1 | Batch 5820/50000 | Loss: 0.2690 | Avg Loss: 0.7594 | LR: 9.97e-05
2025-11-18 00:28:30 | INFO | Epoch 1 | Batch 5830/50000 | Loss: 0.0538 | Avg Loss: 0.7583 | LR: 9.97e-05
2025-11-18 00:28:30 | INFO | Epoch 1 | Batch 5840/50000 | Loss: 0.1253 | Avg Loss: 0.7571 | LR: 9.97e-05
2025-11-18 00:28:30 | INFO | Epoch 1 | Batch 5850/50000 | Loss: 0.0404 | Avg Loss: 0.7560 | LR: 9.97e-05
2025-11-18 00:28:30 | INFO | Epoch 1 | Batch 5860/50000 | Loss: 0.0399 | Avg Loss: 0.7549 | LR: 9.97e-05
2025-11-18 00:28:30 | INFO | Epoch 1 | Batch 5870/50000 | Loss: 0.0912 | Avg Loss: 0.7538 | LR: 9.97e-05
2025-11-18 00:28:30 | INFO | Epoch 1 | Batch 5880/50000 | Loss: 0.0554 | Avg Loss: 0.7528 | LR: 9.97e-05
2025-11-18 00:28:30 | INFO | Epoch 1 | Batch 5890/50000 | Loss: 0.0389 | Avg Loss: 0.7516 | LR: 9.97e-05
2025-11-18 00:28:30 | INFO | Epoch 1 | Batch 5900/50000 | Loss: 0.1226 | Avg Loss: 0.7505 | LR: 9.97e-05
2025-11-18 00:28:30 | INFO | Epoch 1 | Batch 5910/50000 | Loss: 0.1106 | Avg Loss: 0.7494 | LR: 9.97e-05
2025-11-18 00:28:30 | INFO | Epoch 1 | Batch 5920/50000 | Loss: 0.0404 | Avg Loss: 0.7483 | LR: 9.97e-05
2025-11-18 00:28:31 | INFO | Epoch 1 | Batch 5930/50000 | Loss: 0.0525 | Avg Loss: 0.7472 | LR: 9.97e-05
2025-11-18 00:28:31 | INFO | Epoch 1 | Batch 5940/50000 | Loss: 0.0229 | Avg Loss: 0.7461 | LR: 9.97e-05
2025-11-18 00:28:31 | INFO | Epoch 1 | Batch 5950/50000 | Loss: 0.0108 | Avg Loss: 0.7450 | LR: 9.97e-05
2025-11-18 00:28:31 | INFO | Epoch 1 | Batch 5960/50000 | Loss: 0.0425 | Avg Loss: 0.7439 | LR: 9.97e-05
2025-11-18 00:28:31 | INFO | Epoch 1 | Batch 5970/50000 | Loss: 0.0720 | Avg Loss: 0.7428 | LR: 9.97e-05
2025-11-18 00:28:31 | INFO | Epoch 1 | Batch 5980/50000 | Loss: 0.0614 | Avg Loss: 0.7417 | LR: 9.97e-05
2025-11-18 00:28:31 | INFO | Epoch 1 | Batch 5990/50000 | Loss: 0.1430 | Avg Loss: 0.7406 | LR: 9.97e-05
2025-11-18 00:28:31 | INFO | Epoch 1 | Batch 6000/50000 | Loss: 0.0917 | Avg Loss: 0.7395 | LR: 9.97e-05
2025-11-18 00:28:31 | INFO | Epoch 1 | Batch 6010/50000 | Loss: 0.1871 | Avg Loss: 0.7385 | LR: 9.97e-05
2025-11-18 00:28:31 | INFO | Epoch 1 | Batch 6020/50000 | Loss: 0.1004 | Avg Loss: 0.7374 | LR: 9.97e-05
2025-11-18 00:28:31 | INFO | Epoch 1 | Batch 6030/50000 | Loss: 0.0659 | Avg Loss: 0.7364 | LR: 9.97e-05
2025-11-18 00:28:31 | INFO | Epoch 1 | Batch 6040/50000 | Loss: 0.2869 | Avg Loss: 0.7353 | LR: 9.96e-05
2025-11-18 00:28:31 | INFO | Epoch 1 | Batch 6050/50000 | Loss: 0.0823 | Avg Loss: 0.7342 | LR: 9.96e-05
2025-11-18 00:28:31 | INFO | Epoch 1 | Batch 6060/50000 | Loss: 0.0965 | Avg Loss: 0.7332 | LR: 9.96e-05
2025-11-18 00:28:32 | INFO | Epoch 1 | Batch 6070/50000 | Loss: 0.0579 | Avg Loss: 0.7322 | LR: 9.96e-05
2025-11-18 00:28:32 | INFO | Epoch 1 | Batch 6080/50000 | Loss: 0.0523 | Avg Loss: 0.7311 | LR: 9.96e-05
2025-11-18 00:28:32 | INFO | Epoch 1 | Batch 6090/50000 | Loss: 0.0523 | Avg Loss: 0.7300 | LR: 9.96e-05
2025-11-18 00:28:32 | INFO | Epoch 1 | Batch 6100/50000 | Loss: 0.2458 | Avg Loss: 0.7291 | LR: 9.96e-05
2025-11-18 00:28:32 | INFO | Epoch 1 | Batch 6110/50000 | Loss: 0.1135 | Avg Loss: 0.7280 | LR: 9.96e-05
2025-11-18 00:28:32 | INFO | Epoch 1 | Batch 6120/50000 | Loss: 0.0911 | Avg Loss: 0.7271 | LR: 9.96e-05
2025-11-18 00:28:32 | INFO | Epoch 1 | Batch 6130/50000 | Loss: 0.1203 | Avg Loss: 0.7260 | LR: 9.96e-05
2025-11-18 00:28:32 | INFO | Epoch 1 | Batch 6140/50000 | Loss: 0.0329 | Avg Loss: 0.7250 | LR: 9.96e-05
2025-11-18 00:28:32 | INFO | Epoch 1 | Batch 6150/50000 | Loss: 0.0861 | Avg Loss: 0.7240 | LR: 9.96e-05
2025-11-18 00:28:32 | INFO | Epoch 1 | Batch 6160/50000 | Loss: 0.0882 | Avg Loss: 0.7230 | LR: 9.96e-05
2025-11-18 00:28:32 | INFO | Epoch 1 | Batch 6170/50000 | Loss: 0.2202 | Avg Loss: 0.7219 | LR: 9.96e-05
2025-11-18 00:28:32 | INFO | Epoch 1 | Batch 6180/50000 | Loss: 0.0817 | Avg Loss: 0.7210 | LR: 9.96e-05
2025-11-18 00:28:32 | INFO | Epoch 1 | Batch 6190/50000 | Loss: 0.0515 | Avg Loss: 0.7201 | LR: 9.96e-05
2025-11-18 00:28:32 | INFO | Epoch 1 | Batch 6200/50000 | Loss: 0.0540 | Avg Loss: 0.7190 | LR: 9.96e-05
2025-11-18 00:28:33 | INFO | Epoch 1 | Batch 6210/50000 | Loss: 0.1346 | Avg Loss: 0.7180 | LR: 9.96e-05
2025-11-18 00:28:33 | INFO | Epoch 1 | Batch 6220/50000 | Loss: 0.0614 | Avg Loss: 0.7170 | LR: 9.96e-05
2025-11-18 00:28:33 | INFO | Epoch 1 | Batch 6230/50000 | Loss: 0.1312 | Avg Loss: 0.7160 | LR: 9.96e-05
2025-11-18 00:28:33 | INFO | Epoch 1 | Batch 6240/50000 | Loss: 0.0345 | Avg Loss: 0.7150 | LR: 9.96e-05
2025-11-18 00:28:33 | INFO | Epoch 1 | Batch 6250/50000 | Loss: 0.0583 | Avg Loss: 0.7141 | LR: 9.96e-05
2025-11-18 00:28:33 | INFO | Epoch 1 | Batch 6260/50000 | Loss: 0.0587 | Avg Loss: 0.7131 | LR: 9.96e-05
2025-11-18 00:28:33 | INFO | Epoch 1 | Batch 6270/50000 | Loss: 0.0449 | Avg Loss: 0.7120 | LR: 9.96e-05
2025-11-18 00:28:33 | INFO | Epoch 1 | Batch 6280/50000 | Loss: 0.2682 | Avg Loss: 0.7111 | LR: 9.96e-05
2025-11-18 00:28:33 | INFO | Epoch 1 | Batch 6290/50000 | Loss: 0.0138 | Avg Loss: 0.7101 | LR: 9.96e-05
2025-11-18 00:28:33 | INFO | Epoch 1 | Batch 6300/50000 | Loss: 0.1844 | Avg Loss: 0.7091 | LR: 9.96e-05
2025-11-18 00:28:33 | INFO | Epoch 1 | Batch 6310/50000 | Loss: 0.1446 | Avg Loss: 0.7081 | LR: 9.96e-05
2025-11-18 00:28:33 | INFO | Epoch 1 | Batch 6320/50000 | Loss: 0.0998 | Avg Loss: 0.7071 | LR: 9.96e-05
2025-11-18 00:28:33 | INFO | Epoch 1 | Batch 6330/50000 | Loss: 0.0356 | Avg Loss: 0.7061 | LR: 9.96e-05
2025-11-18 00:28:33 | INFO | Epoch 1 | Batch 6340/50000 | Loss: 0.2063 | Avg Loss: 0.7051 | LR: 9.96e-05
2025-11-18 00:28:33 | INFO | Epoch 1 | Batch 6350/50000 | Loss: 0.1304 | Avg Loss: 0.7042 | LR: 9.96e-05
2025-11-18 00:28:34 | INFO | Epoch 1 | Batch 6360/50000 | Loss: 0.0723 | Avg Loss: 0.7032 | LR: 9.96e-05
2025-11-18 00:28:34 | INFO | Epoch 1 | Batch 6370/50000 | Loss: 0.1946 | Avg Loss: 0.7022 | LR: 9.96e-05
2025-11-18 00:28:34 | INFO | Epoch 1 | Batch 6380/50000 | Loss: 0.1395 | Avg Loss: 0.7013 | LR: 9.96e-05
2025-11-18 00:28:34 | INFO | Epoch 1 | Batch 6390/50000 | Loss: 0.1261 | Avg Loss: 0.7004 | LR: 9.96e-05
2025-11-18 00:28:34 | INFO | Epoch 1 | Batch 6400/50000 | Loss: 0.3654 | Avg Loss: 0.6994 | LR: 9.96e-05
2025-11-18 00:28:34 | INFO | Epoch 1 | Batch 6410/50000 | Loss: 0.1470 | Avg Loss: 0.6985 | LR: 9.96e-05
2025-11-18 00:28:34 | INFO | Epoch 1 | Batch 6420/50000 | Loss: 0.0097 | Avg Loss: 0.6976 | LR: 9.96e-05
2025-11-18 00:28:34 | INFO | Epoch 1 | Batch 6430/50000 | Loss: 0.0296 | Avg Loss: 0.6967 | LR: 9.96e-05
2025-11-18 00:28:34 | INFO | Epoch 1 | Batch 6440/50000 | Loss: 0.0789 | Avg Loss: 0.6957 | LR: 9.96e-05
2025-11-18 00:28:34 | INFO | Epoch 1 | Batch 6450/50000 | Loss: 0.0354 | Avg Loss: 0.6948 | LR: 9.96e-05
2025-11-18 00:28:34 | INFO | Epoch 1 | Batch 6460/50000 | Loss: 0.0454 | Avg Loss: 0.6939 | LR: 9.96e-05
2025-11-18 00:28:34 | INFO | Epoch 1 | Batch 6470/50000 | Loss: 0.1629 | Avg Loss: 0.6930 | LR: 9.96e-05
2025-11-18 00:28:34 | INFO | Epoch 1 | Batch 6480/50000 | Loss: 0.0338 | Avg Loss: 0.6921 | LR: 9.96e-05
2025-11-18 00:28:34 | INFO | Epoch 1 | Batch 6490/50000 | Loss: 0.1932 | Avg Loss: 0.6912 | LR: 9.96e-05
2025-11-18 00:28:35 | INFO | Epoch 1 | Batch 6500/50000 | Loss: 0.0355 | Avg Loss: 0.6903 | LR: 9.96e-05
2025-11-18 00:28:35 | INFO | Epoch 1 | Batch 6510/50000 | Loss: 0.1751 | Avg Loss: 0.6894 | LR: 9.96e-05
2025-11-18 00:28:35 | INFO | Epoch 1 | Batch 6520/50000 | Loss: 0.1355 | Avg Loss: 0.6885 | LR: 9.96e-05
2025-11-18 00:28:35 | INFO | Epoch 1 | Batch 6530/50000 | Loss: 0.0391 | Avg Loss: 0.6876 | LR: 9.96e-05
2025-11-18 00:28:35 | INFO | Epoch 1 | Batch 6540/50000 | Loss: 0.1558 | Avg Loss: 0.6867 | LR: 9.96e-05
2025-11-18 00:28:35 | INFO | Epoch 1 | Batch 6550/50000 | Loss: 0.0761 | Avg Loss: 0.6858 | LR: 9.96e-05
2025-11-18 00:28:35 | INFO | Epoch 1 | Batch 6560/50000 | Loss: 0.0294 | Avg Loss: 0.6849 | LR: 9.96e-05
2025-11-18 00:28:35 | INFO | Epoch 1 | Batch 6570/50000 | Loss: 0.0080 | Avg Loss: 0.6840 | LR: 9.96e-05
2025-11-18 00:28:35 | INFO | Epoch 1 | Batch 6580/50000 | Loss: 0.0193 | Avg Loss: 0.6831 | LR: 9.96e-05
2025-11-18 00:28:35 | INFO | Epoch 1 | Batch 6590/50000 | Loss: 0.0725 | Avg Loss: 0.6822 | LR: 9.96e-05
2025-11-18 00:28:35 | INFO | Epoch 1 | Batch 6600/50000 | Loss: 0.0219 | Avg Loss: 0.6813 | LR: 9.96e-05
2025-11-18 00:28:35 | INFO | Epoch 1 | Batch 6610/50000 | Loss: 0.0214 | Avg Loss: 0.6804 | LR: 9.96e-05
2025-11-18 00:28:35 | INFO | Epoch 1 | Batch 6620/50000 | Loss: 0.0500 | Avg Loss: 0.6795 | LR: 9.96e-05
2025-11-18 00:28:35 | INFO | Epoch 1 | Batch 6630/50000 | Loss: 0.1716 | Avg Loss: 0.6786 | LR: 9.96e-05
2025-11-18 00:28:36 | INFO | Epoch 1 | Batch 6640/50000 | Loss: 0.0395 | Avg Loss: 0.6777 | LR: 9.96e-05
2025-11-18 00:28:36 | INFO | Epoch 1 | Batch 6650/50000 | Loss: 0.0112 | Avg Loss: 0.6768 | LR: 9.96e-05
2025-11-18 00:28:36 | INFO | Epoch 1 | Batch 6660/50000 | Loss: 0.0426 | Avg Loss: 0.6759 | LR: 9.96e-05
2025-11-18 00:28:36 | INFO | Epoch 1 | Batch 6670/50000 | Loss: 0.0490 | Avg Loss: 0.6751 | LR: 9.96e-05
2025-11-18 00:28:36 | INFO | Epoch 1 | Batch 6680/50000 | Loss: 0.0673 | Avg Loss: 0.6742 | LR: 9.96e-05
2025-11-18 00:28:36 | INFO | Epoch 1 | Batch 6690/50000 | Loss: 0.0543 | Avg Loss: 0.6733 | LR: 9.96e-05
2025-11-18 00:28:36 | INFO | Epoch 1 | Batch 6700/50000 | Loss: 0.1009 | Avg Loss: 0.6725 | LR: 9.96e-05
2025-11-18 00:28:36 | INFO | Epoch 1 | Batch 6710/50000 | Loss: 0.1897 | Avg Loss: 0.6716 | LR: 9.96e-05
2025-11-18 00:28:36 | INFO | Epoch 1 | Batch 6720/50000 | Loss: 0.1480 | Avg Loss: 0.6708 | LR: 9.96e-05
2025-11-18 00:28:36 | INFO | Epoch 1 | Batch 6730/50000 | Loss: 0.1127 | Avg Loss: 0.6699 | LR: 9.96e-05
2025-11-18 00:28:36 | INFO | Epoch 1 | Batch 6740/50000 | Loss: 0.1063 | Avg Loss: 0.6690 | LR: 9.96e-05
2025-11-18 00:28:36 | INFO | Epoch 1 | Batch 6750/50000 | Loss: 0.0606 | Avg Loss: 0.6682 | LR: 9.96e-05
2025-11-18 00:28:36 | INFO | Epoch 1 | Batch 6760/50000 | Loss: 0.1123 | Avg Loss: 0.6674 | LR: 9.96e-05
2025-11-18 00:28:36 | INFO | Epoch 1 | Batch 6770/50000 | Loss: 0.1136 | Avg Loss: 0.6665 | LR: 9.96e-05
2025-11-18 00:28:36 | INFO | Epoch 1 | Batch 6780/50000 | Loss: 0.0328 | Avg Loss: 0.6656 | LR: 9.96e-05
2025-11-18 00:28:37 | INFO | Epoch 1 | Batch 6790/50000 | Loss: 0.0205 | Avg Loss: 0.6647 | LR: 9.96e-05
2025-11-18 00:28:37 | INFO | Epoch 1 | Batch 6800/50000 | Loss: 0.1764 | Avg Loss: 0.6639 | LR: 9.95e-05
2025-11-18 00:28:37 | INFO | Epoch 1 | Batch 6810/50000 | Loss: 0.0928 | Avg Loss: 0.6631 | LR: 9.95e-05
2025-11-18 00:28:37 | INFO | Epoch 1 | Batch 6820/50000 | Loss: 0.0493 | Avg Loss: 0.6622 | LR: 9.95e-05
2025-11-18 00:28:37 | INFO | Epoch 1 | Batch 6830/50000 | Loss: 0.1743 | Avg Loss: 0.6614 | LR: 9.95e-05
2025-11-18 00:28:37 | INFO | Epoch 1 | Batch 6840/50000 | Loss: 0.0451 | Avg Loss: 0.6605 | LR: 9.95e-05
2025-11-18 00:28:37 | INFO | Epoch 1 | Batch 6850/50000 | Loss: 0.0502 | Avg Loss: 0.6596 | LR: 9.95e-05
2025-11-18 00:28:37 | INFO | Epoch 1 | Batch 6860/50000 | Loss: 0.0632 | Avg Loss: 0.6588 | LR: 9.95e-05
2025-11-18 00:28:37 | INFO | Epoch 1 | Batch 6870/50000 | Loss: 0.0488 | Avg Loss: 0.6580 | LR: 9.95e-05
2025-11-18 00:28:37 | INFO | Epoch 1 | Batch 6880/50000 | Loss: 0.0804 | Avg Loss: 0.6571 | LR: 9.95e-05
2025-11-18 00:28:37 | INFO | Epoch 1 | Batch 6890/50000 | Loss: 0.0239 | Avg Loss: 0.6563 | LR: 9.95e-05
2025-11-18 00:28:37 | INFO | Epoch 1 | Batch 6900/50000 | Loss: 0.0415 | Avg Loss: 0.6554 | LR: 9.95e-05
2025-11-18 00:28:37 | INFO | Epoch 1 | Batch 6910/50000 | Loss: 0.0536 | Avg Loss: 0.6546 | LR: 9.95e-05
2025-11-18 00:28:37 | INFO | Epoch 1 | Batch 6920/50000 | Loss: 0.1014 | Avg Loss: 0.6539 | LR: 9.95e-05
2025-11-18 00:28:38 | INFO | Epoch 1 | Batch 6930/50000 | Loss: 0.1246 | Avg Loss: 0.6531 | LR: 9.95e-05
2025-11-18 00:28:38 | INFO | Epoch 1 | Batch 6940/50000 | Loss: 0.0141 | Avg Loss: 0.6522 | LR: 9.95e-05
2025-11-18 00:28:38 | INFO | Epoch 1 | Batch 6950/50000 | Loss: 0.1430 | Avg Loss: 0.6514 | LR: 9.95e-05
2025-11-18 00:28:38 | INFO | Epoch 1 | Batch 6960/50000 | Loss: 0.1024 | Avg Loss: 0.6506 | LR: 9.95e-05
2025-11-18 00:28:38 | INFO | Epoch 1 | Batch 6970/50000 | Loss: 0.0386 | Avg Loss: 0.6498 | LR: 9.95e-05
2025-11-18 00:28:38 | INFO | Epoch 1 | Batch 6980/50000 | Loss: 0.1085 | Avg Loss: 0.6490 | LR: 9.95e-05
2025-11-18 00:28:38 | INFO | Epoch 1 | Batch 6990/50000 | Loss: 0.2127 | Avg Loss: 0.6483 | LR: 9.95e-05
2025-11-18 00:28:38 | INFO | Epoch 1 | Batch 7000/50000 | Loss: 0.1420 | Avg Loss: 0.6475 | LR: 9.95e-05
2025-11-18 00:28:38 | INFO | Epoch 1 | Batch 7010/50000 | Loss: 0.0563 | Avg Loss: 0.6467 | LR: 9.95e-05
2025-11-18 00:28:38 | INFO | Epoch 1 | Batch 7020/50000 | Loss: 0.0112 | Avg Loss: 0.6459 | LR: 9.95e-05
2025-11-18 00:28:38 | INFO | Epoch 1 | Batch 7030/50000 | Loss: 0.1323 | Avg Loss: 0.6451 | LR: 9.95e-05
2025-11-18 00:28:38 | INFO | Epoch 1 | Batch 7040/50000 | Loss: 0.0584 | Avg Loss: 0.6444 | LR: 9.95e-05
2025-11-18 00:28:38 | INFO | Epoch 1 | Batch 7050/50000 | Loss: 0.1398 | Avg Loss: 0.6436 | LR: 9.95e-05
2025-11-18 00:28:38 | INFO | Epoch 1 | Batch 7060/50000 | Loss: 0.0489 | Avg Loss: 0.6428 | LR: 9.95e-05
2025-11-18 00:28:39 | INFO | Epoch 1 | Batch 7070/50000 | Loss: 0.0156 | Avg Loss: 0.6420 | LR: 9.95e-05
2025-11-18 00:28:39 | INFO | Epoch 1 | Batch 7080/50000 | Loss: 0.1194 | Avg Loss: 0.6412 | LR: 9.95e-05
2025-11-18 00:28:39 | INFO | Epoch 1 | Batch 7090/50000 | Loss: 0.0591 | Avg Loss: 0.6404 | LR: 9.95e-05
2025-11-18 00:28:39 | INFO | Epoch 1 | Batch 7100/50000 | Loss: 0.2399 | Avg Loss: 0.6396 | LR: 9.95e-05
2025-11-18 00:28:39 | INFO | Epoch 1 | Batch 7110/50000 | Loss: 0.0320 | Avg Loss: 0.6388 | LR: 9.95e-05
2025-11-18 00:28:39 | INFO | Epoch 1 | Batch 7120/50000 | Loss: 0.1719 | Avg Loss: 0.6380 | LR: 9.95e-05
2025-11-18 00:28:39 | INFO | Epoch 1 | Batch 7130/50000 | Loss: 0.0836 | Avg Loss: 0.6373 | LR: 9.95e-05
2025-11-18 00:28:39 | INFO | Epoch 1 | Batch 7140/50000 | Loss: 0.0607 | Avg Loss: 0.6365 | LR: 9.95e-05
2025-11-18 00:28:39 | INFO | Epoch 1 | Batch 7150/50000 | Loss: 0.0321 | Avg Loss: 0.6357 | LR: 9.95e-05
2025-11-18 00:28:39 | INFO | Epoch 1 | Batch 7160/50000 | Loss: 0.0475 | Avg Loss: 0.6349 | LR: 9.95e-05
2025-11-18 00:28:39 | INFO | Epoch 1 | Batch 7170/50000 | Loss: 0.0357 | Avg Loss: 0.6341 | LR: 9.95e-05
2025-11-18 00:28:39 | INFO | Epoch 1 | Batch 7180/50000 | Loss: 0.0926 | Avg Loss: 0.6333 | LR: 9.95e-05
2025-11-18 00:28:39 | INFO | Epoch 1 | Batch 7190/50000 | Loss: 0.0132 | Avg Loss: 0.6325 | LR: 9.95e-05
2025-11-18 00:28:39 | INFO | Epoch 1 | Batch 7200/50000 | Loss: 0.0128 | Avg Loss: 0.6317 | LR: 9.95e-05
2025-11-18 00:28:39 | INFO | Epoch 1 | Batch 7210/50000 | Loss: 0.0344 | Avg Loss: 0.6310 | LR: 9.95e-05
2025-11-18 00:28:40 | INFO | Epoch 1 | Batch 7220/50000 | Loss: 0.0241 | Avg Loss: 0.6302 | LR: 9.95e-05
2025-11-18 00:28:40 | INFO | Epoch 1 | Batch 7230/50000 | Loss: 0.2482 | Avg Loss: 0.6295 | LR: 9.95e-05
2025-11-18 00:28:40 | INFO | Epoch 1 | Batch 7240/50000 | Loss: 0.0939 | Avg Loss: 0.6287 | LR: 9.95e-05
2025-11-18 00:28:40 | INFO | Epoch 1 | Batch 7250/50000 | Loss: 0.0143 | Avg Loss: 0.6279 | LR: 9.95e-05
2025-11-18 00:28:40 | INFO | Epoch 1 | Batch 7260/50000 | Loss: 0.0535 | Avg Loss: 0.6271 | LR: 9.95e-05
2025-11-18 00:28:40 | INFO | Epoch 1 | Batch 7270/50000 | Loss: 0.0596 | Avg Loss: 0.6263 | LR: 9.95e-05
2025-11-18 00:28:40 | INFO | Epoch 1 | Batch 7280/50000 | Loss: 0.1548 | Avg Loss: 0.6256 | LR: 9.95e-05
2025-11-18 00:28:40 | INFO | Epoch 1 | Batch 7290/50000 | Loss: 0.0483 | Avg Loss: 0.6248 | LR: 9.95e-05
2025-11-18 00:28:40 | INFO | Epoch 1 | Batch 7300/50000 | Loss: 0.0065 | Avg Loss: 0.6240 | LR: 9.95e-05
2025-11-18 00:28:40 | INFO | Epoch 1 | Batch 7310/50000 | Loss: 0.0417 | Avg Loss: 0.6233 | LR: 9.95e-05
2025-11-18 00:28:40 | INFO | Epoch 1 | Batch 7320/50000 | Loss: 0.0351 | Avg Loss: 0.6225 | LR: 9.95e-05
2025-11-18 00:28:40 | INFO | Epoch 1 | Batch 7330/50000 | Loss: 0.0272 | Avg Loss: 0.6218 | LR: 9.95e-05
2025-11-18 00:28:40 | INFO | Epoch 1 | Batch 7340/50000 | Loss: 0.0378 | Avg Loss: 0.6211 | LR: 9.95e-05
2025-11-18 00:28:40 | INFO | Epoch 1 | Batch 7350/50000 | Loss: 0.3680 | Avg Loss: 0.6204 | LR: 9.95e-05
2025-11-18 00:28:41 | INFO | Epoch 1 | Batch 7360/50000 | Loss: 0.0505 | Avg Loss: 0.6197 | LR: 9.95e-05
2025-11-18 00:28:41 | INFO | Epoch 1 | Batch 7370/50000 | Loss: 0.0498 | Avg Loss: 0.6190 | LR: 9.95e-05
2025-11-18 00:28:41 | INFO | Epoch 1 | Batch 7380/50000 | Loss: 0.0674 | Avg Loss: 0.6182 | LR: 9.95e-05
2025-11-18 00:28:41 | INFO | Epoch 1 | Batch 7390/50000 | Loss: 0.0194 | Avg Loss: 0.6175 | LR: 9.95e-05
2025-11-18 00:28:41 | INFO | Epoch 1 | Batch 7400/50000 | Loss: 0.0130 | Avg Loss: 0.6168 | LR: 9.95e-05
2025-11-18 00:28:41 | INFO | Epoch 1 | Batch 7410/50000 | Loss: 0.0122 | Avg Loss: 0.6161 | LR: 9.95e-05
2025-11-18 00:28:41 | INFO | Epoch 1 | Batch 7420/50000 | Loss: 0.1180 | Avg Loss: 0.6154 | LR: 9.95e-05
2025-11-18 00:28:41 | INFO | Epoch 1 | Batch 7430/50000 | Loss: 0.0086 | Avg Loss: 0.6147 | LR: 9.95e-05
2025-11-18 00:28:41 | INFO | Epoch 1 | Batch 7440/50000 | Loss: 0.2162 | Avg Loss: 0.6140 | LR: 9.95e-05
2025-11-18 00:28:41 | INFO | Epoch 1 | Batch 7450/50000 | Loss: 0.0074 | Avg Loss: 0.6133 | LR: 9.95e-05
2025-11-18 00:28:41 | INFO | Epoch 1 | Batch 7460/50000 | Loss: 0.1265 | Avg Loss: 0.6125 | LR: 9.95e-05
2025-11-18 00:28:41 | INFO | Epoch 1 | Batch 7470/50000 | Loss: 0.0336 | Avg Loss: 0.6119 | LR: 9.95e-05
2025-11-18 00:28:41 | INFO | Epoch 1 | Batch 7480/50000 | Loss: 0.1735 | Avg Loss: 0.6111 | LR: 9.94e-05
2025-11-18 00:28:41 | INFO | Epoch 1 | Batch 7490/50000 | Loss: 0.0481 | Avg Loss: 0.6105 | LR: 9.94e-05
2025-11-18 00:28:42 | INFO | Epoch 1 | Batch 7500/50000 | Loss: 0.0332 | Avg Loss: 0.6097 | LR: 9.94e-05
2025-11-18 00:28:42 | INFO | Epoch 1 | Batch 7510/50000 | Loss: 0.0172 | Avg Loss: 0.6090 | LR: 9.94e-05
2025-11-18 00:28:42 | INFO | Epoch 1 | Batch 7520/50000 | Loss: 0.0483 | Avg Loss: 0.6083 | LR: 9.94e-05
2025-11-18 00:28:42 | INFO | Epoch 1 | Batch 7530/50000 | Loss: 0.0651 | Avg Loss: 0.6076 | LR: 9.94e-05
2025-11-18 00:28:42 | INFO | Epoch 1 | Batch 7540/50000 | Loss: 0.0287 | Avg Loss: 0.6068 | LR: 9.94e-05
2025-11-18 00:28:42 | INFO | Epoch 1 | Batch 7550/50000 | Loss: 0.0297 | Avg Loss: 0.6061 | LR: 9.94e-05
2025-11-18 00:28:42 | INFO | Epoch 1 | Batch 7560/50000 | Loss: 0.0253 | Avg Loss: 0.6054 | LR: 9.94e-05
2025-11-18 00:28:42 | INFO | Epoch 1 | Batch 7570/50000 | Loss: 0.0291 | Avg Loss: 0.6048 | LR: 9.94e-05
2025-11-18 00:28:42 | INFO | Epoch 1 | Batch 7580/50000 | Loss: 0.0469 | Avg Loss: 0.6041 | LR: 9.94e-05
2025-11-18 00:28:42 | INFO | Epoch 1 | Batch 7590/50000 | Loss: 0.0479 | Avg Loss: 0.6034 | LR: 9.94e-05
2025-11-18 00:28:42 | INFO | Epoch 1 | Batch 7600/50000 | Loss: 0.0349 | Avg Loss: 0.6027 | LR: 9.94e-05
2025-11-18 00:28:42 | INFO | Epoch 1 | Batch 7610/50000 | Loss: 0.0417 | Avg Loss: 0.6020 | LR: 9.94e-05
2025-11-18 00:28:42 | INFO | Epoch 1 | Batch 7620/50000 | Loss: 0.0655 | Avg Loss: 0.6013 | LR: 9.94e-05
2025-11-18 00:28:42 | INFO | Epoch 1 | Batch 7630/50000 | Loss: 0.0232 | Avg Loss: 0.6006 | LR: 9.94e-05
2025-11-18 00:28:42 | INFO | Epoch 1 | Batch 7640/50000 | Loss: 0.0623 | Avg Loss: 0.5999 | LR: 9.94e-05
2025-11-18 00:28:43 | INFO | Epoch 1 | Batch 7650/50000 | Loss: 0.0693 | Avg Loss: 0.5992 | LR: 9.94e-05
2025-11-18 00:28:43 | INFO | Epoch 1 | Batch 7660/50000 | Loss: 0.1066 | Avg Loss: 0.5985 | LR: 9.94e-05
2025-11-18 00:28:43 | INFO | Epoch 1 | Batch 7670/50000 | Loss: 0.0368 | Avg Loss: 0.5979 | LR: 9.94e-05
2025-11-18 00:28:43 | INFO | Epoch 1 | Batch 7680/50000 | Loss: 0.1066 | Avg Loss: 0.5973 | LR: 9.94e-05
2025-11-18 00:28:43 | INFO | Epoch 1 | Batch 7690/50000 | Loss: 0.1071 | Avg Loss: 0.5966 | LR: 9.94e-05
2025-11-18 00:28:43 | INFO | Epoch 1 | Batch 7700/50000 | Loss: 0.1807 | Avg Loss: 0.5959 | LR: 9.94e-05
2025-11-18 00:28:43 | INFO | Epoch 1 | Batch 7710/50000 | Loss: 0.0992 | Avg Loss: 0.5952 | LR: 9.94e-05
2025-11-18 00:28:43 | INFO | Epoch 1 | Batch 7720/50000 | Loss: 0.0330 | Avg Loss: 0.5945 | LR: 9.94e-05
2025-11-18 00:28:43 | INFO | Epoch 1 | Batch 7730/50000 | Loss: 0.1148 | Avg Loss: 0.5939 | LR: 9.94e-05
2025-11-18 00:28:43 | INFO | Epoch 1 | Batch 7740/50000 | Loss: 0.0127 | Avg Loss: 0.5932 | LR: 9.94e-05
2025-11-18 00:28:43 | INFO | Epoch 1 | Batch 7750/50000 | Loss: 0.0520 | Avg Loss: 0.5925 | LR: 9.94e-05
2025-11-18 00:28:43 | INFO | Epoch 1 | Batch 7760/50000 | Loss: 0.0557 | Avg Loss: 0.5918 | LR: 9.94e-05
2025-11-18 00:28:43 | INFO | Epoch 1 | Batch 7770/50000 | Loss: 0.0043 | Avg Loss: 0.5911 | LR: 9.94e-05
2025-11-18 00:28:43 | INFO | Epoch 1 | Batch 7780/50000 | Loss: 0.0642 | Avg Loss: 0.5905 | LR: 9.94e-05
2025-11-18 00:28:44 | INFO | Epoch 1 | Batch 7790/50000 | Loss: 0.0830 | Avg Loss: 0.5898 | LR: 9.94e-05
2025-11-18 00:28:44 | INFO | Epoch 1 | Batch 7800/50000 | Loss: 0.0222 | Avg Loss: 0.5891 | LR: 9.94e-05
2025-11-18 00:28:44 | INFO | Epoch 1 | Batch 7810/50000 | Loss: 0.0626 | Avg Loss: 0.5884 | LR: 9.94e-05
2025-11-18 00:28:44 | INFO | Epoch 1 | Batch 7820/50000 | Loss: 0.0227 | Avg Loss: 0.5877 | LR: 9.94e-05
2025-11-18 00:28:44 | INFO | Epoch 1 | Batch 7830/50000 | Loss: 0.0471 | Avg Loss: 0.5870 | LR: 9.94e-05
2025-11-18 00:28:44 | INFO | Epoch 1 | Batch 7840/50000 | Loss: 0.0484 | Avg Loss: 0.5863 | LR: 9.94e-05
2025-11-18 00:28:44 | INFO | Epoch 1 | Batch 7850/50000 | Loss: 0.0382 | Avg Loss: 0.5857 | LR: 9.94e-05
2025-11-18 00:28:44 | INFO | Epoch 1 | Batch 7860/50000 | Loss: 0.0433 | Avg Loss: 0.5850 | LR: 9.94e-05
2025-11-18 00:28:44 | INFO | Epoch 1 | Batch 7870/50000 | Loss: 0.0937 | Avg Loss: 0.5844 | LR: 9.94e-05
2025-11-18 00:28:44 | INFO | Epoch 1 | Batch 7880/50000 | Loss: 0.0092 | Avg Loss: 0.5837 | LR: 9.94e-05
2025-11-18 00:28:44 | INFO | Epoch 1 | Batch 7890/50000 | Loss: 0.1175 | Avg Loss: 0.5831 | LR: 9.94e-05
2025-11-18 00:28:44 | INFO | Epoch 1 | Batch 7900/50000 | Loss: 0.0384 | Avg Loss: 0.5824 | LR: 9.94e-05
2025-11-18 00:28:44 | INFO | Epoch 1 | Batch 7910/50000 | Loss: 0.0745 | Avg Loss: 0.5818 | LR: 9.94e-05
2025-11-18 00:28:44 | INFO | Epoch 1 | Batch 7920/50000 | Loss: 0.1190 | Avg Loss: 0.5811 | LR: 9.94e-05
2025-11-18 00:28:44 | INFO | Epoch 1 | Batch 7930/50000 | Loss: 0.1186 | Avg Loss: 0.5805 | LR: 9.94e-05
2025-11-18 00:28:45 | INFO | Epoch 1 | Batch 7940/50000 | Loss: 0.0090 | Avg Loss: 0.5798 | LR: 9.94e-05
2025-11-18 00:28:45 | INFO | Epoch 1 | Batch 7950/50000 | Loss: 0.0415 | Avg Loss: 0.5792 | LR: 9.94e-05
2025-11-18 00:28:45 | INFO | Epoch 1 | Batch 7960/50000 | Loss: 0.1273 | Avg Loss: 0.5785 | LR: 9.94e-05
2025-11-18 00:28:45 | INFO | Epoch 1 | Batch 7970/50000 | Loss: 0.0327 | Avg Loss: 0.5778 | LR: 9.94e-05
2025-11-18 00:28:45 | INFO | Epoch 1 | Batch 7980/50000 | Loss: 0.2111 | Avg Loss: 0.5772 | LR: 9.94e-05
2025-11-18 00:28:45 | INFO | Epoch 1 | Batch 7990/50000 | Loss: 0.0162 | Avg Loss: 0.5766 | LR: 9.94e-05
2025-11-18 00:28:45 | INFO | Epoch 1 | Batch 8000/50000 | Loss: 0.0724 | Avg Loss: 0.5759 | LR: 9.94e-05
2025-11-18 00:28:45 | INFO | Epoch 1 | Batch 8010/50000 | Loss: 0.0233 | Avg Loss: 0.5753 | LR: 9.94e-05
2025-11-18 00:28:45 | INFO | Epoch 1 | Batch 8020/50000 | Loss: 0.1517 | Avg Loss: 0.5746 | LR: 9.94e-05
2025-11-18 00:28:45 | INFO | Epoch 1 | Batch 8030/50000 | Loss: 0.1172 | Avg Loss: 0.5740 | LR: 9.94e-05
2025-11-18 00:28:45 | INFO | Epoch 1 | Batch 8040/50000 | Loss: 0.3242 | Avg Loss: 0.5734 | LR: 9.94e-05
2025-11-18 00:28:45 | INFO | Epoch 1 | Batch 8050/50000 | Loss: 0.0160 | Avg Loss: 0.5727 | LR: 9.94e-05
2025-11-18 00:28:45 | INFO | Epoch 1 | Batch 8060/50000 | Loss: 0.0204 | Avg Loss: 0.5721 | LR: 9.94e-05
2025-11-18 00:28:45 | INFO | Epoch 1 | Batch 8070/50000 | Loss: 0.0093 | Avg Loss: 0.5714 | LR: 9.94e-05
2025-11-18 00:28:46 | INFO | Epoch 1 | Batch 8080/50000 | Loss: 0.0606 | Avg Loss: 0.5708 | LR: 9.94e-05
2025-11-18 00:28:46 | INFO | Epoch 1 | Batch 8090/50000 | Loss: 0.0859 | Avg Loss: 0.5702 | LR: 9.93e-05
2025-11-18 00:28:46 | INFO | Epoch 1 | Batch 8100/50000 | Loss: 0.1341 | Avg Loss: 0.5696 | LR: 9.93e-05
2025-11-18 00:28:46 | INFO | Epoch 1 | Batch 8110/50000 | Loss: 0.0868 | Avg Loss: 0.5690 | LR: 9.93e-05
2025-11-18 00:28:46 | INFO | Epoch 1 | Batch 8120/50000 | Loss: 0.0211 | Avg Loss: 0.5683 | LR: 9.93e-05
2025-11-18 00:28:46 | INFO | Epoch 1 | Batch 8130/50000 | Loss: 0.0258 | Avg Loss: 0.5677 | LR: 9.93e-05
2025-11-18 00:28:46 | INFO | Epoch 1 | Batch 8140/50000 | Loss: 0.0109 | Avg Loss: 0.5671 | LR: 9.93e-05
2025-11-18 00:28:46 | INFO | Epoch 1 | Batch 8150/50000 | Loss: 0.0556 | Avg Loss: 0.5664 | LR: 9.93e-05
2025-11-18 00:28:46 | INFO | Epoch 1 | Batch 8160/50000 | Loss: 0.0133 | Avg Loss: 0.5658 | LR: 9.93e-05
2025-11-18 00:28:46 | INFO | Epoch 1 | Batch 8170/50000 | Loss: 0.0129 | Avg Loss: 0.5652 | LR: 9.93e-05
2025-11-18 00:28:46 | INFO | Epoch 1 | Batch 8180/50000 | Loss: 0.0204 | Avg Loss: 0.5646 | LR: 9.93e-05
2025-11-18 00:28:46 | INFO | Epoch 1 | Batch 8190/50000 | Loss: 0.0238 | Avg Loss: 0.5640 | LR: 9.93e-05
2025-11-18 00:28:46 | INFO | Epoch 1 | Batch 8200/50000 | Loss: 0.0144 | Avg Loss: 0.5634 | LR: 9.93e-05
2025-11-18 00:28:46 | INFO | Epoch 1 | Batch 8210/50000 | Loss: 0.0276 | Avg Loss: 0.5628 | LR: 9.93e-05
2025-11-18 00:28:47 | INFO | Epoch 1 | Batch 8220/50000 | Loss: 0.0155 | Avg Loss: 0.5621 | LR: 9.93e-05
2025-11-18 00:28:47 | INFO | Epoch 1 | Batch 8230/50000 | Loss: 0.0133 | Avg Loss: 0.5616 | LR: 9.93e-05
2025-11-18 00:28:47 | INFO | Epoch 1 | Batch 8240/50000 | Loss: 0.0280 | Avg Loss: 0.5610 | LR: 9.93e-05
2025-11-18 00:28:47 | INFO | Epoch 1 | Batch 8250/50000 | Loss: 0.0672 | Avg Loss: 0.5604 | LR: 9.93e-05
2025-11-18 00:28:47 | INFO | Epoch 1 | Batch 8260/50000 | Loss: 0.0841 | Avg Loss: 0.5598 | LR: 9.93e-05
2025-11-18 00:28:47 | INFO | Epoch 1 | Batch 8270/50000 | Loss: 0.0310 | Avg Loss: 0.5592 | LR: 9.93e-05
2025-11-18 00:28:47 | INFO | Epoch 1 | Batch 8280/50000 | Loss: 0.0382 | Avg Loss: 0.5586 | LR: 9.93e-05
2025-11-18 00:28:47 | INFO | Epoch 1 | Batch 8290/50000 | Loss: 0.0198 | Avg Loss: 0.5580 | LR: 9.93e-05
2025-11-18 00:28:47 | INFO | Epoch 1 | Batch 8300/50000 | Loss: 0.0150 | Avg Loss: 0.5574 | LR: 9.93e-05
2025-11-18 00:28:47 | INFO | Epoch 1 | Batch 8310/50000 | Loss: 0.0209 | Avg Loss: 0.5568 | LR: 9.93e-05
2025-11-18 00:28:47 | INFO | Epoch 1 | Batch 8320/50000 | Loss: 0.0268 | Avg Loss: 0.5562 | LR: 9.93e-05
2025-11-18 00:28:47 | INFO | Epoch 1 | Batch 8330/50000 | Loss: 0.1284 | Avg Loss: 0.5556 | LR: 9.93e-05
2025-11-18 00:28:47 | INFO | Epoch 1 | Batch 8340/50000 | Loss: 0.0156 | Avg Loss: 0.5550 | LR: 9.93e-05
2025-11-18 00:28:47 | INFO | Epoch 1 | Batch 8350/50000 | Loss: 0.1666 | Avg Loss: 0.5544 | LR: 9.93e-05
2025-11-18 00:28:47 | INFO | Epoch 1 | Batch 8360/50000 | Loss: 0.0326 | Avg Loss: 0.5539 | LR: 9.93e-05
2025-11-18 00:28:48 | INFO | Epoch 1 | Batch 8370/50000 | Loss: 0.0432 | Avg Loss: 0.5533 | LR: 9.93e-05
2025-11-18 00:28:48 | INFO | Epoch 1 | Batch 8380/50000 | Loss: 0.0602 | Avg Loss: 0.5528 | LR: 9.93e-05
2025-11-18 00:28:48 | INFO | Epoch 1 | Batch 8390/50000 | Loss: 0.0075 | Avg Loss: 0.5522 | LR: 9.93e-05
2025-11-18 00:28:48 | INFO | Epoch 1 | Batch 8400/50000 | Loss: 0.0969 | Avg Loss: 0.5516 | LR: 9.93e-05
2025-11-18 00:28:48 | INFO | Epoch 1 | Batch 8410/50000 | Loss: 0.0348 | Avg Loss: 0.5510 | LR: 9.93e-05
2025-11-18 00:28:48 | INFO | Epoch 1 | Batch 8420/50000 | Loss: 0.0180 | Avg Loss: 0.5504 | LR: 9.93e-05
2025-11-18 00:28:48 | INFO | Epoch 1 | Batch 8430/50000 | Loss: 0.0616 | Avg Loss: 0.5499 | LR: 9.93e-05
2025-11-18 00:28:48 | INFO | Epoch 1 | Batch 8440/50000 | Loss: 0.0182 | Avg Loss: 0.5493 | LR: 9.93e-05
2025-11-18 00:28:48 | INFO | Epoch 1 | Batch 8450/50000 | Loss: 0.0061 | Avg Loss: 0.5487 | LR: 9.93e-05
2025-11-18 00:28:48 | INFO | Epoch 1 | Batch 8460/50000 | Loss: 0.0481 | Avg Loss: 0.5481 | LR: 9.93e-05
2025-11-18 00:28:48 | INFO | Epoch 1 | Batch 8470/50000 | Loss: 0.1752 | Avg Loss: 0.5476 | LR: 9.93e-05
2025-11-18 00:28:48 | INFO | Epoch 1 | Batch 8480/50000 | Loss: 0.1257 | Avg Loss: 0.5470 | LR: 9.93e-05
2025-11-18 00:28:48 | INFO | Epoch 1 | Batch 8490/50000 | Loss: 0.1637 | Avg Loss: 0.5465 | LR: 9.93e-05
2025-11-18 00:28:48 | INFO | Epoch 1 | Batch 8500/50000 | Loss: 0.2001 | Avg Loss: 0.5459 | LR: 9.93e-05
2025-11-18 00:28:49 | INFO | Epoch 1 | Batch 8510/50000 | Loss: 0.0419 | Avg Loss: 0.5453 | LR: 9.93e-05
2025-11-18 00:28:49 | INFO | Epoch 1 | Batch 8520/50000 | Loss: 0.1006 | Avg Loss: 0.5447 | LR: 9.93e-05
2025-11-18 00:28:49 | INFO | Epoch 1 | Batch 8530/50000 | Loss: 0.1067 | Avg Loss: 0.5442 | LR: 9.93e-05
2025-11-18 00:28:49 | INFO | Epoch 1 | Batch 8540/50000 | Loss: 0.0349 | Avg Loss: 0.5436 | LR: 9.93e-05
2025-11-18 00:28:49 | INFO | Epoch 1 | Batch 8550/50000 | Loss: 0.0246 | Avg Loss: 0.5430 | LR: 9.93e-05
2025-11-18 00:28:49 | INFO | Epoch 1 | Batch 8560/50000 | Loss: 0.0708 | Avg Loss: 0.5424 | LR: 9.93e-05
2025-11-18 00:28:49 | INFO | Epoch 1 | Batch 8570/50000 | Loss: 0.1215 | Avg Loss: 0.5419 | LR: 9.93e-05
2025-11-18 00:28:49 | INFO | Epoch 1 | Batch 8580/50000 | Loss: 0.1041 | Avg Loss: 0.5414 | LR: 9.93e-05
2025-11-18 00:28:49 | INFO | Epoch 1 | Batch 8590/50000 | Loss: 0.0702 | Avg Loss: 0.5408 | LR: 9.93e-05
2025-11-18 00:28:49 | INFO | Epoch 1 | Batch 8600/50000 | Loss: 0.0031 | Avg Loss: 0.5403 | LR: 9.93e-05
2025-11-18 00:28:49 | INFO | Epoch 1 | Batch 8610/50000 | Loss: 0.0085 | Avg Loss: 0.5397 | LR: 9.93e-05
2025-11-18 00:28:49 | INFO | Epoch 1 | Batch 8620/50000 | Loss: 0.0407 | Avg Loss: 0.5391 | LR: 9.93e-05
2025-11-18 00:28:49 | INFO | Epoch 1 | Batch 8630/50000 | Loss: 0.0810 | Avg Loss: 0.5386 | LR: 9.93e-05
2025-11-18 00:28:49 | INFO | Epoch 1 | Batch 8640/50000 | Loss: 0.0172 | Avg Loss: 0.5380 | LR: 9.93e-05
2025-11-18 00:28:50 | INFO | Epoch 1 | Batch 8650/50000 | Loss: 0.0302 | Avg Loss: 0.5375 | LR: 9.93e-05
2025-11-18 00:28:50 | INFO | Epoch 1 | Batch 8660/50000 | Loss: 0.0791 | Avg Loss: 0.5369 | LR: 9.92e-05
2025-11-18 00:28:50 | INFO | Epoch 1 | Batch 8670/50000 | Loss: 0.0683 | Avg Loss: 0.5364 | LR: 9.92e-05
2025-11-18 00:28:50 | INFO | Epoch 1 | Batch 8680/50000 | Loss: 0.1066 | Avg Loss: 0.5358 | LR: 9.92e-05
2025-11-18 00:28:50 | INFO | Epoch 1 | Batch 8690/50000 | Loss: 0.0532 | Avg Loss: 0.5352 | LR: 9.92e-05
2025-11-18 00:28:50 | INFO | Epoch 1 | Batch 8700/50000 | Loss: 0.4486 | Avg Loss: 0.5348 | LR: 9.92e-05
2025-11-18 00:28:50 | INFO | Epoch 1 | Batch 8710/50000 | Loss: 0.2241 | Avg Loss: 0.5342 | LR: 9.92e-05
2025-11-18 00:28:50 | INFO | Epoch 1 | Batch 8720/50000 | Loss: 0.0220 | Avg Loss: 0.5337 | LR: 9.92e-05
2025-11-18 00:28:50 | INFO | Epoch 1 | Batch 8730/50000 | Loss: 0.0426 | Avg Loss: 0.5332 | LR: 9.92e-05
2025-11-18 00:28:50 | INFO | Epoch 1 | Batch 8740/50000 | Loss: 0.0439 | Avg Loss: 0.5327 | LR: 9.92e-05
2025-11-18 00:28:50 | INFO | Epoch 1 | Batch 8750/50000 | Loss: 0.0129 | Avg Loss: 0.5322 | LR: 9.92e-05
2025-11-18 00:28:50 | INFO | Epoch 1 | Batch 8760/50000 | Loss: 0.0190 | Avg Loss: 0.5316 | LR: 9.92e-05
2025-11-18 00:28:50 | INFO | Epoch 1 | Batch 8770/50000 | Loss: 0.0425 | Avg Loss: 0.5311 | LR: 9.92e-05
2025-11-18 00:28:50 | INFO | Epoch 1 | Batch 8780/50000 | Loss: 0.0214 | Avg Loss: 0.5305 | LR: 9.92e-05
2025-11-18 00:28:50 | INFO | Epoch 1 | Batch 8790/50000 | Loss: 0.0473 | Avg Loss: 0.5301 | LR: 9.92e-05
2025-11-18 00:28:51 | INFO | Epoch 1 | Batch 8800/50000 | Loss: 0.0055 | Avg Loss: 0.5296 | LR: 9.92e-05
2025-11-18 00:28:51 | INFO | Epoch 1 | Batch 8810/50000 | Loss: 0.0547 | Avg Loss: 0.5291 | LR: 9.92e-05
2025-11-18 00:28:51 | INFO | Epoch 1 | Batch 8820/50000 | Loss: 0.0253 | Avg Loss: 0.5285 | LR: 9.92e-05
2025-11-18 00:28:51 | INFO | Epoch 1 | Batch 8830/50000 | Loss: 0.0172 | Avg Loss: 0.5280 | LR: 9.92e-05
2025-11-18 00:28:51 | INFO | Epoch 1 | Batch 8840/50000 | Loss: 0.0105 | Avg Loss: 0.5274 | LR: 9.92e-05
2025-11-18 00:28:51 | INFO | Epoch 1 | Batch 8850/50000 | Loss: 0.3035 | Avg Loss: 0.5269 | LR: 9.92e-05
2025-11-18 00:28:51 | INFO | Epoch 1 | Batch 8860/50000 | Loss: 0.0558 | Avg Loss: 0.5264 | LR: 9.92e-05
2025-11-18 00:28:51 | INFO | Epoch 1 | Batch 8870/50000 | Loss: 0.1037 | Avg Loss: 0.5259 | LR: 9.92e-05
2025-11-18 00:28:51 | INFO | Epoch 1 | Batch 8880/50000 | Loss: 0.0472 | Avg Loss: 0.5254 | LR: 9.92e-05
2025-11-18 00:28:51 | INFO | Epoch 1 | Batch 8890/50000 | Loss: 0.0455 | Avg Loss: 0.5249 | LR: 9.92e-05
2025-11-18 00:28:51 | INFO | Epoch 1 | Batch 8900/50000 | Loss: 0.0474 | Avg Loss: 0.5244 | LR: 9.92e-05
2025-11-18 00:28:51 | INFO | Epoch 1 | Batch 8910/50000 | Loss: 0.0105 | Avg Loss: 0.5239 | LR: 9.92e-05
2025-11-18 00:28:51 | INFO | Epoch 1 | Batch 8920/50000 | Loss: 0.0417 | Avg Loss: 0.5233 | LR: 9.92e-05
2025-11-18 00:28:51 | INFO | Epoch 1 | Batch 8930/50000 | Loss: 0.0376 | Avg Loss: 0.5228 | LR: 9.92e-05
2025-11-18 00:28:52 | INFO | Epoch 1 | Batch 8940/50000 | Loss: 0.0790 | Avg Loss: 0.5223 | LR: 9.92e-05
2025-11-18 00:28:52 | INFO | Epoch 1 | Batch 8950/50000 | Loss: 0.0795 | Avg Loss: 0.5218 | LR: 9.92e-05
2025-11-18 00:28:52 | INFO | Epoch 1 | Batch 8960/50000 | Loss: 0.2788 | Avg Loss: 0.5213 | LR: 9.92e-05
2025-11-18 00:28:52 | INFO | Epoch 1 | Batch 8970/50000 | Loss: 0.1108 | Avg Loss: 0.5208 | LR: 9.92e-05
2025-11-18 00:28:52 | INFO | Epoch 1 | Batch 8980/50000 | Loss: 0.0264 | Avg Loss: 0.5202 | LR: 9.92e-05
2025-11-18 00:28:52 | INFO | Epoch 1 | Batch 8990/50000 | Loss: 0.0135 | Avg Loss: 0.5197 | LR: 9.92e-05
2025-11-18 00:28:52 | INFO | Epoch 1 | Batch 9000/50000 | Loss: 0.0365 | Avg Loss: 0.5192 | LR: 9.92e-05
2025-11-18 00:28:52 | INFO | Epoch 1 | Batch 9010/50000 | Loss: 0.0839 | Avg Loss: 0.5187 | LR: 9.92e-05
2025-11-18 00:28:52 | INFO | Epoch 1 | Batch 9020/50000 | Loss: 0.0222 | Avg Loss: 0.5181 | LR: 9.92e-05
2025-11-18 00:28:52 | INFO | Epoch 1 | Batch 9030/50000 | Loss: 0.0761 | Avg Loss: 0.5176 | LR: 9.92e-05
2025-11-18 00:28:52 | INFO | Epoch 1 | Batch 9040/50000 | Loss: 0.0622 | Avg Loss: 0.5171 | LR: 9.92e-05
2025-11-18 00:28:52 | INFO | Epoch 1 | Batch 9050/50000 | Loss: 0.0649 | Avg Loss: 0.5166 | LR: 9.92e-05
2025-11-18 00:28:52 | INFO | Epoch 1 | Batch 9060/50000 | Loss: 0.1058 | Avg Loss: 0.5161 | LR: 9.92e-05
2025-11-18 00:28:52 | INFO | Epoch 1 | Batch 9070/50000 | Loss: 0.0083 | Avg Loss: 0.5156 | LR: 9.92e-05
2025-11-18 00:28:53 | INFO | Epoch 1 | Batch 9080/50000 | Loss: 0.0110 | Avg Loss: 0.5151 | LR: 9.92e-05
2025-11-18 00:28:53 | INFO | Epoch 1 | Batch 9090/50000 | Loss: 0.0400 | Avg Loss: 0.5146 | LR: 9.92e-05
2025-11-18 00:28:53 | INFO | Epoch 1 | Batch 9100/50000 | Loss: 0.0686 | Avg Loss: 0.5141 | LR: 9.92e-05
2025-11-18 00:28:53 | INFO | Epoch 1 | Batch 9110/50000 | Loss: 0.0427 | Avg Loss: 0.5136 | LR: 9.92e-05
2025-11-18 00:28:53 | INFO | Epoch 1 | Batch 9120/50000 | Loss: 0.1068 | Avg Loss: 0.5131 | LR: 9.92e-05
2025-11-18 00:28:53 | INFO | Epoch 1 | Batch 9130/50000 | Loss: 0.0818 | Avg Loss: 0.5126 | LR: 9.92e-05
2025-11-18 00:28:53 | INFO | Epoch 1 | Batch 9140/50000 | Loss: 0.0165 | Avg Loss: 0.5121 | LR: 9.92e-05
2025-11-18 00:28:53 | INFO | Epoch 1 | Batch 9150/50000 | Loss: 0.0232 | Avg Loss: 0.5116 | LR: 9.92e-05
2025-11-18 00:28:53 | INFO | Epoch 1 | Batch 9160/50000 | Loss: 0.1362 | Avg Loss: 0.5111 | LR: 9.92e-05
2025-11-18 00:28:53 | INFO | Epoch 1 | Batch 9170/50000 | Loss: 0.1196 | Avg Loss: 0.5106 | LR: 9.92e-05
2025-11-18 00:28:53 | INFO | Epoch 1 | Batch 9180/50000 | Loss: 0.0598 | Avg Loss: 0.5101 | LR: 9.92e-05
2025-11-18 00:28:53 | INFO | Epoch 1 | Batch 9190/50000 | Loss: 0.1877 | Avg Loss: 0.5096 | LR: 9.92e-05
2025-11-18 00:28:53 | INFO | Epoch 1 | Batch 9200/50000 | Loss: 0.0965 | Avg Loss: 0.5091 | LR: 9.91e-05
2025-11-18 00:28:53 | INFO | Epoch 1 | Batch 9210/50000 | Loss: 0.0182 | Avg Loss: 0.5086 | LR: 9.91e-05
2025-11-18 00:28:53 | INFO | Epoch 1 | Batch 9220/50000 | Loss: 0.0739 | Avg Loss: 0.5081 | LR: 9.91e-05
2025-11-18 00:28:54 | INFO | Epoch 1 | Batch 9230/50000 | Loss: 0.0282 | Avg Loss: 0.5076 | LR: 9.91e-05
2025-11-18 00:28:54 | INFO | Epoch 1 | Batch 9240/50000 | Loss: 0.0186 | Avg Loss: 0.5071 | LR: 9.91e-05
2025-11-18 00:28:54 | INFO | Epoch 1 | Batch 9250/50000 | Loss: 0.0380 | Avg Loss: 0.5066 | LR: 9.91e-05
2025-11-18 00:28:54 | INFO | Epoch 1 | Batch 9260/50000 | Loss: 0.0116 | Avg Loss: 0.5061 | LR: 9.91e-05
2025-11-18 00:28:54 | INFO | Epoch 1 | Batch 9270/50000 | Loss: 0.0293 | Avg Loss: 0.5057 | LR: 9.91e-05
2025-11-18 00:28:54 | INFO | Epoch 1 | Batch 9280/50000 | Loss: 0.0083 | Avg Loss: 0.5052 | LR: 9.91e-05
2025-11-18 00:28:54 | INFO | Epoch 1 | Batch 9290/50000 | Loss: 0.1909 | Avg Loss: 0.5048 | LR: 9.91e-05
2025-11-18 00:28:54 | INFO | Epoch 1 | Batch 9300/50000 | Loss: 0.0617 | Avg Loss: 0.5043 | LR: 9.91e-05
2025-11-18 00:28:54 | INFO | Epoch 1 | Batch 9310/50000 | Loss: 0.0555 | Avg Loss: 0.5038 | LR: 9.91e-05
2025-11-18 00:28:54 | INFO | Epoch 1 | Batch 9320/50000 | Loss: 0.0537 | Avg Loss: 0.5033 | LR: 9.91e-05
2025-11-18 00:28:54 | INFO | Epoch 1 | Batch 9330/50000 | Loss: 0.1171 | Avg Loss: 0.5028 | LR: 9.91e-05
2025-11-18 00:28:54 | INFO | Epoch 1 | Batch 9340/50000 | Loss: 1.0322 | Avg Loss: 0.5025 | LR: 9.91e-05
2025-11-18 00:28:54 | INFO | Epoch 1 | Batch 9350/50000 | Loss: 0.1645 | Avg Loss: 0.5020 | LR: 9.91e-05
2025-11-18 00:28:54 | INFO | Epoch 1 | Batch 9360/50000 | Loss: 0.0026 | Avg Loss: 0.5015 | LR: 9.91e-05
2025-11-18 00:28:55 | INFO | Epoch 1 | Batch 9370/50000 | Loss: 0.0367 | Avg Loss: 0.5010 | LR: 9.91e-05
2025-11-18 00:28:55 | INFO | Epoch 1 | Batch 9380/50000 | Loss: 0.1113 | Avg Loss: 0.5006 | LR: 9.91e-05
2025-11-18 00:28:55 | INFO | Epoch 1 | Batch 9390/50000 | Loss: 0.0124 | Avg Loss: 0.5002 | LR: 9.91e-05
2025-11-18 00:28:55 | INFO | Epoch 1 | Batch 9400/50000 | Loss: 0.0734 | Avg Loss: 0.4997 | LR: 9.91e-05
2025-11-18 00:28:55 | INFO | Epoch 1 | Batch 9410/50000 | Loss: 0.1128 | Avg Loss: 0.4992 | LR: 9.91e-05
2025-11-18 00:28:55 | INFO | Epoch 1 | Batch 9420/50000 | Loss: 0.1602 | Avg Loss: 0.4988 | LR: 9.91e-05
2025-11-18 00:28:55 | INFO | Epoch 1 | Batch 9430/50000 | Loss: 0.1740 | Avg Loss: 0.4984 | LR: 9.91e-05
2025-11-18 00:28:55 | INFO | Epoch 1 | Batch 9440/50000 | Loss: 0.0820 | Avg Loss: 0.4979 | LR: 9.91e-05
2025-11-18 00:28:55 | INFO | Epoch 1 | Batch 9450/50000 | Loss: 0.3219 | Avg Loss: 0.4975 | LR: 9.91e-05
2025-11-18 00:28:55 | INFO | Epoch 1 | Batch 9460/50000 | Loss: 0.0428 | Avg Loss: 0.4970 | LR: 9.91e-05
2025-11-18 00:28:55 | INFO | Epoch 1 | Batch 9470/50000 | Loss: 0.0070 | Avg Loss: 0.4966 | LR: 9.91e-05
2025-11-18 00:28:55 | INFO | Epoch 1 | Batch 9480/50000 | Loss: 0.0094 | Avg Loss: 0.4961 | LR: 9.91e-05
2025-11-18 00:28:55 | INFO | Epoch 1 | Batch 9490/50000 | Loss: 0.0083 | Avg Loss: 0.4956 | LR: 9.91e-05
2025-11-18 00:28:55 | INFO | Epoch 1 | Batch 9500/50000 | Loss: 0.1496 | Avg Loss: 0.4951 | LR: 9.91e-05
2025-11-18 00:28:55 | INFO | Epoch 1 | Batch 9510/50000 | Loss: 0.0071 | Avg Loss: 0.4947 | LR: 9.91e-05
2025-11-18 00:28:56 | INFO | Epoch 1 | Batch 9520/50000 | Loss: 0.0216 | Avg Loss: 0.4942 | LR: 9.91e-05
2025-11-18 00:28:56 | INFO | Epoch 1 | Batch 9530/50000 | Loss: 0.0132 | Avg Loss: 0.4937 | LR: 9.91e-05
2025-11-18 00:28:56 | INFO | Epoch 1 | Batch 9540/50000 | Loss: 0.0173 | Avg Loss: 0.4933 | LR: 9.91e-05
2025-11-18 00:28:56 | INFO | Epoch 1 | Batch 9550/50000 | Loss: 0.1371 | Avg Loss: 0.4928 | LR: 9.91e-05
2025-11-18 00:28:56 | INFO | Epoch 1 | Batch 9560/50000 | Loss: 0.0131 | Avg Loss: 0.4924 | LR: 9.91e-05
2025-11-18 00:28:56 | INFO | Epoch 1 | Batch 9570/50000 | Loss: 0.0479 | Avg Loss: 0.4919 | LR: 9.91e-05
2025-11-18 00:28:56 | INFO | Epoch 1 | Batch 9580/50000 | Loss: 0.0400 | Avg Loss: 0.4915 | LR: 9.91e-05
2025-11-18 00:28:56 | INFO | Epoch 1 | Batch 9590/50000 | Loss: 0.0241 | Avg Loss: 0.4911 | LR: 9.91e-05
2025-11-18 00:28:56 | INFO | Epoch 1 | Batch 9600/50000 | Loss: 0.0401 | Avg Loss: 0.4906 | LR: 9.91e-05
2025-11-18 00:28:56 | INFO | Epoch 1 | Batch 9610/50000 | Loss: 0.0294 | Avg Loss: 0.4902 | LR: 9.91e-05
2025-11-18 00:28:56 | INFO | Epoch 1 | Batch 9620/50000 | Loss: 0.0553 | Avg Loss: 0.4897 | LR: 9.91e-05
2025-11-18 00:28:56 | INFO | Epoch 1 | Batch 9630/50000 | Loss: 0.0189 | Avg Loss: 0.4892 | LR: 9.91e-05
2025-11-18 00:28:56 | INFO | Epoch 1 | Batch 9640/50000 | Loss: 0.0280 | Avg Loss: 0.4888 | LR: 9.91e-05
2025-11-18 00:28:56 | INFO | Epoch 1 | Batch 9650/50000 | Loss: 0.0077 | Avg Loss: 0.4883 | LR: 9.91e-05
2025-11-18 00:28:57 | INFO | Epoch 1 | Batch 9660/50000 | Loss: 0.0703 | Avg Loss: 0.4879 | LR: 9.91e-05
2025-11-18 00:28:57 | INFO | Epoch 1 | Batch 9670/50000 | Loss: 0.0052 | Avg Loss: 0.4875 | LR: 9.91e-05
2025-11-18 00:28:57 | INFO | Epoch 1 | Batch 9680/50000 | Loss: 0.0321 | Avg Loss: 0.4870 | LR: 9.91e-05
2025-11-18 00:28:57 | INFO | Epoch 1 | Batch 9690/50000 | Loss: 0.0675 | Avg Loss: 0.4866 | LR: 9.91e-05
2025-11-18 00:28:57 | INFO | Epoch 1 | Batch 9700/50000 | Loss: 0.0670 | Avg Loss: 0.4861 | LR: 9.90e-05
2025-11-18 00:28:57 | INFO | Epoch 1 | Batch 9710/50000 | Loss: 0.0264 | Avg Loss: 0.4857 | LR: 9.90e-05
2025-11-18 00:28:57 | INFO | Epoch 1 | Batch 9720/50000 | Loss: 0.0653 | Avg Loss: 0.4853 | LR: 9.90e-05
2025-11-18 00:28:57 | INFO | Epoch 1 | Batch 9730/50000 | Loss: 0.0060 | Avg Loss: 0.4849 | LR: 9.90e-05
2025-11-18 00:28:57 | INFO | Epoch 1 | Batch 9740/50000 | Loss: 0.0034 | Avg Loss: 0.4844 | LR: 9.90e-05
2025-11-18 00:28:57 | INFO | Epoch 1 | Batch 9750/50000 | Loss: 0.0321 | Avg Loss: 0.4839 | LR: 9.90e-05
2025-11-18 00:28:57 | INFO | Epoch 1 | Batch 9760/50000 | Loss: 0.1198 | Avg Loss: 0.4835 | LR: 9.90e-05
2025-11-18 00:28:57 | INFO | Epoch 1 | Batch 9770/50000 | Loss: 0.0043 | Avg Loss: 0.4831 | LR: 9.90e-05
2025-11-18 00:28:57 | INFO | Epoch 1 | Batch 9780/50000 | Loss: 0.0233 | Avg Loss: 0.4826 | LR: 9.90e-05
2025-11-18 00:28:57 | INFO | Epoch 1 | Batch 9790/50000 | Loss: 0.0238 | Avg Loss: 0.4821 | LR: 9.90e-05
2025-11-18 00:28:58 | INFO | Epoch 1 | Batch 9800/50000 | Loss: 0.0841 | Avg Loss: 0.4817 | LR: 9.90e-05
2025-11-18 00:28:58 | INFO | Epoch 1 | Batch 9810/50000 | Loss: 0.0190 | Avg Loss: 0.4813 | LR: 9.90e-05
2025-11-18 00:28:58 | INFO | Epoch 1 | Batch 9820/50000 | Loss: 0.0155 | Avg Loss: 0.4808 | LR: 9.90e-05
2025-11-18 00:28:58 | INFO | Epoch 1 | Batch 9830/50000 | Loss: 0.0039 | Avg Loss: 0.4804 | LR: 9.90e-05
2025-11-18 00:28:58 | INFO | Epoch 1 | Batch 9840/50000 | Loss: 0.0678 | Avg Loss: 0.4800 | LR: 9.90e-05
2025-11-18 00:28:58 | INFO | Epoch 1 | Batch 9850/50000 | Loss: 0.0035 | Avg Loss: 0.4796 | LR: 9.90e-05
2025-11-18 00:28:58 | INFO | Epoch 1 | Batch 9860/50000 | Loss: 0.0087 | Avg Loss: 0.4791 | LR: 9.90e-05
2025-11-18 00:28:58 | INFO | Epoch 1 | Batch 9870/50000 | Loss: 0.0119 | Avg Loss: 0.4787 | LR: 9.90e-05
2025-11-18 00:28:58 | INFO | Epoch 1 | Batch 9880/50000 | Loss: 0.0312 | Avg Loss: 0.4782 | LR: 9.90e-05
2025-11-18 00:28:58 | INFO | Epoch 1 | Batch 9890/50000 | Loss: 0.0037 | Avg Loss: 0.4778 | LR: 9.90e-05
2025-11-18 00:28:58 | INFO | Epoch 1 | Batch 9900/50000 | Loss: 0.0029 | Avg Loss: 0.4773 | LR: 9.90e-05
2025-11-18 00:28:58 | INFO | Epoch 1 | Batch 9910/50000 | Loss: 0.0227 | Avg Loss: 0.4769 | LR: 9.90e-05
2025-11-18 00:28:58 | INFO | Epoch 1 | Batch 9920/50000 | Loss: 0.0550 | Avg Loss: 0.4765 | LR: 9.90e-05
2025-11-18 00:28:58 | INFO | Epoch 1 | Batch 9930/50000 | Loss: 0.0873 | Avg Loss: 0.4761 | LR: 9.90e-05
2025-11-18 00:28:58 | INFO | Epoch 1 | Batch 9940/50000 | Loss: 0.0694 | Avg Loss: 0.4756 | LR: 9.90e-05
2025-11-18 00:28:59 | INFO | Epoch 1 | Batch 9950/50000 | Loss: 0.0524 | Avg Loss: 0.4752 | LR: 9.90e-05
2025-11-18 00:28:59 | INFO | Epoch 1 | Batch 9960/50000 | Loss: 0.0055 | Avg Loss: 0.4748 | LR: 9.90e-05
2025-11-18 00:28:59 | INFO | Epoch 1 | Batch 9970/50000 | Loss: 0.0367 | Avg Loss: 0.4744 | LR: 9.90e-05
2025-11-18 00:28:59 | INFO | Epoch 1 | Batch 9980/50000 | Loss: 0.0600 | Avg Loss: 0.4740 | LR: 9.90e-05
2025-11-18 00:28:59 | INFO | Epoch 1 | Batch 9990/50000 | Loss: 0.0048 | Avg Loss: 0.4735 | LR: 9.90e-05
2025-11-18 00:28:59 | INFO | Epoch 1 | Batch 10000/50000 | Loss: 0.0037 | Avg Loss: 0.4731 | LR: 9.90e-05
2025-11-18 00:28:59 | INFO | Epoch 1 | Batch 10010/50000 | Loss: 0.0024 | Avg Loss: 0.4726 | LR: 9.90e-05
2025-11-18 00:28:59 | INFO | Epoch 1 | Batch 10020/50000 | Loss: 0.0183 | Avg Loss: 0.4722 | LR: 9.90e-05
2025-11-18 00:28:59 | INFO | Epoch 1 | Batch 10030/50000 | Loss: 0.0105 | Avg Loss: 0.4718 | LR: 9.90e-05
2025-11-18 00:28:59 | INFO | Epoch 1 | Batch 10040/50000 | Loss: 0.0299 | Avg Loss: 0.4714 | LR: 9.90e-05
2025-11-18 00:28:59 | INFO | Epoch 1 | Batch 10050/50000 | Loss: 0.0209 | Avg Loss: 0.4709 | LR: 9.90e-05
2025-11-18 00:28:59 | INFO | Epoch 1 | Batch 10060/50000 | Loss: 0.0931 | Avg Loss: 0.4705 | LR: 9.90e-05
2025-11-18 00:28:59 | INFO | Epoch 1 | Batch 10070/50000 | Loss: 0.0259 | Avg Loss: 0.4701 | LR: 9.90e-05
2025-11-18 00:28:59 | INFO | Epoch 1 | Batch 10080/50000 | Loss: 0.1848 | Avg Loss: 0.4697 | LR: 9.90e-05
2025-11-18 00:29:00 | INFO | Epoch 1 | Batch 10090/50000 | Loss: 0.0061 | Avg Loss: 0.4693 | LR: 9.90e-05
2025-11-18 00:29:00 | INFO | Epoch 1 | Batch 10100/50000 | Loss: 0.0288 | Avg Loss: 0.4689 | LR: 9.90e-05
2025-11-18 00:29:00 | INFO | Epoch 1 | Batch 10110/50000 | Loss: 0.0481 | Avg Loss: 0.4685 | LR: 9.90e-05
2025-11-18 00:29:00 | INFO | Epoch 1 | Batch 10120/50000 | Loss: 0.0501 | Avg Loss: 0.4681 | LR: 9.90e-05
2025-11-18 00:29:00 | INFO | Epoch 1 | Batch 10130/50000 | Loss: 0.0164 | Avg Loss: 0.4677 | LR: 9.90e-05
2025-11-18 00:29:00 | INFO | Epoch 1 | Batch 10140/50000 | Loss: 0.0056 | Avg Loss: 0.4673 | LR: 9.90e-05
2025-11-18 00:29:00 | INFO | Epoch 1 | Batch 10150/50000 | Loss: 0.0826 | Avg Loss: 0.4669 | LR: 9.90e-05
2025-11-18 00:29:00 | INFO | Epoch 1 | Batch 10160/50000 | Loss: 0.0091 | Avg Loss: 0.4664 | LR: 9.90e-05
2025-11-18 00:29:00 | INFO | Epoch 1 | Batch 10170/50000 | Loss: 0.0086 | Avg Loss: 0.4661 | LR: 9.90e-05
2025-11-18 00:29:00 | INFO | Epoch 1 | Batch 10180/50000 | Loss: 0.0540 | Avg Loss: 0.4656 | LR: 9.89e-05
2025-11-18 00:29:00 | INFO | Epoch 1 | Batch 10190/50000 | Loss: 0.0039 | Avg Loss: 0.4652 | LR: 9.89e-05
2025-11-18 00:29:00 | INFO | Epoch 1 | Batch 10200/50000 | Loss: 0.0197 | Avg Loss: 0.4648 | LR: 9.89e-05
2025-11-18 00:29:00 | INFO | Epoch 1 | Batch 10210/50000 | Loss: 0.0119 | Avg Loss: 0.4644 | LR: 9.89e-05
2025-11-18 00:29:00 | INFO | Epoch 1 | Batch 10220/50000 | Loss: 0.0498 | Avg Loss: 0.4639 | LR: 9.89e-05
2025-11-18 00:29:00 | INFO | Epoch 1 | Batch 10230/50000 | Loss: 0.0344 | Avg Loss: 0.4635 | LR: 9.89e-05
2025-11-18 00:29:01 | INFO | Epoch 1 | Batch 10240/50000 | Loss: 0.0104 | Avg Loss: 0.4631 | LR: 9.89e-05
2025-11-18 00:29:01 | INFO | Epoch 1 | Batch 10250/50000 | Loss: 0.1110 | Avg Loss: 0.4627 | LR: 9.89e-05
2025-11-18 00:29:01 | INFO | Epoch 1 | Batch 10260/50000 | Loss: 0.0044 | Avg Loss: 0.4623 | LR: 9.89e-05
2025-11-18 00:29:01 | INFO | Epoch 1 | Batch 10270/50000 | Loss: 0.1687 | Avg Loss: 0.4619 | LR: 9.89e-05
2025-11-18 00:29:01 | INFO | Epoch 1 | Batch 10280/50000 | Loss: 0.0242 | Avg Loss: 0.4615 | LR: 9.89e-05
2025-11-18 00:29:01 | INFO | Epoch 1 | Batch 10290/50000 | Loss: 0.0636 | Avg Loss: 0.4611 | LR: 9.89e-05
2025-11-18 00:29:01 | INFO | Epoch 1 | Batch 10300/50000 | Loss: 0.0530 | Avg Loss: 0.4607 | LR: 9.89e-05
2025-11-18 00:29:01 | INFO | Epoch 1 | Batch 10310/50000 | Loss: 0.1189 | Avg Loss: 0.4603 | LR: 9.89e-05
2025-11-18 00:29:01 | INFO | Epoch 1 | Batch 10320/50000 | Loss: 0.0133 | Avg Loss: 0.4599 | LR: 9.89e-05
2025-11-18 00:29:01 | INFO | Epoch 1 | Batch 10330/50000 | Loss: 0.0692 | Avg Loss: 0.4596 | LR: 9.89e-05
2025-11-18 00:29:01 | INFO | Epoch 1 | Batch 10340/50000 | Loss: 0.0035 | Avg Loss: 0.4591 | LR: 9.89e-05
2025-11-18 00:29:01 | INFO | Epoch 1 | Batch 10350/50000 | Loss: 0.0367 | Avg Loss: 0.4588 | LR: 9.89e-05
2025-11-18 00:29:01 | INFO | Epoch 1 | Batch 10360/50000 | Loss: 0.1702 | Avg Loss: 0.4584 | LR: 9.89e-05
2025-11-18 00:29:01 | INFO | Epoch 1 | Batch 10370/50000 | Loss: 0.2008 | Avg Loss: 0.4580 | LR: 9.89e-05
2025-11-18 00:29:02 | INFO | Epoch 1 | Batch 10380/50000 | Loss: 0.1337 | Avg Loss: 0.4576 | LR: 9.89e-05
2025-11-18 00:29:02 | INFO | Epoch 1 | Batch 10390/50000 | Loss: 0.0019 | Avg Loss: 0.4572 | LR: 9.89e-05
2025-11-18 00:29:02 | INFO | Epoch 1 | Batch 10400/50000 | Loss: 0.1283 | Avg Loss: 0.4569 | LR: 9.89e-05
2025-11-18 00:29:02 | INFO | Epoch 1 | Batch 10410/50000 | Loss: 0.0575 | Avg Loss: 0.4565 | LR: 9.89e-05
2025-11-18 00:29:02 | INFO | Epoch 1 | Batch 10420/50000 | Loss: 0.0625 | Avg Loss: 0.4561 | LR: 9.89e-05
2025-11-18 00:29:02 | INFO | Epoch 1 | Batch 10430/50000 | Loss: 0.0271 | Avg Loss: 0.4557 | LR: 9.89e-05
2025-11-18 00:29:02 | INFO | Epoch 1 | Batch 10440/50000 | Loss: 0.0077 | Avg Loss: 0.4553 | LR: 9.89e-05
2025-11-18 00:29:02 | INFO | Epoch 1 | Batch 10450/50000 | Loss: 0.1031 | Avg Loss: 0.4549 | LR: 9.89e-05
2025-11-18 00:29:02 | INFO | Epoch 1 | Batch 10460/50000 | Loss: 0.0126 | Avg Loss: 0.4544 | LR: 9.89e-05
2025-11-18 00:29:02 | INFO | Epoch 1 | Batch 10470/50000 | Loss: 0.0382 | Avg Loss: 0.4541 | LR: 9.89e-05
2025-11-18 00:29:02 | INFO | Epoch 1 | Batch 10480/50000 | Loss: 0.0040 | Avg Loss: 0.4537 | LR: 9.89e-05
2025-11-18 00:29:02 | INFO | Epoch 1 | Batch 10490/50000 | Loss: 0.0352 | Avg Loss: 0.4533 | LR: 9.89e-05
2025-11-18 00:29:02 | INFO | Epoch 1 | Batch 10500/50000 | Loss: 0.0401 | Avg Loss: 0.4529 | LR: 9.89e-05
2025-11-18 00:29:02 | INFO | Epoch 1 | Batch 10510/50000 | Loss: 0.0588 | Avg Loss: 0.4525 | LR: 9.89e-05
2025-11-18 00:29:03 | INFO | Epoch 1 | Batch 10520/50000 | Loss: 0.0666 | Avg Loss: 0.4521 | LR: 9.89e-05
2025-11-18 00:29:03 | INFO | Epoch 1 | Batch 10530/50000 | Loss: 0.0131 | Avg Loss: 0.4517 | LR: 9.89e-05
2025-11-18 00:29:03 | INFO | Epoch 1 | Batch 10540/50000 | Loss: 0.0271 | Avg Loss: 0.4513 | LR: 9.89e-05
2025-11-18 00:29:03 | INFO | Epoch 1 | Batch 10550/50000 | Loss: 0.0058 | Avg Loss: 0.4510 | LR: 9.89e-05
2025-11-18 00:29:03 | INFO | Epoch 1 | Batch 10560/50000 | Loss: 0.1296 | Avg Loss: 0.4506 | LR: 9.89e-05
2025-11-18 00:29:03 | INFO | Epoch 1 | Batch 10570/50000 | Loss: 0.0594 | Avg Loss: 0.4502 | LR: 9.89e-05
2025-11-18 00:29:03 | INFO | Epoch 1 | Batch 10580/50000 | Loss: 0.0030 | Avg Loss: 0.4499 | LR: 9.89e-05
2025-11-18 00:29:03 | INFO | Epoch 1 | Batch 10590/50000 | Loss: 0.0627 | Avg Loss: 0.4495 | LR: 9.89e-05
2025-11-18 00:29:03 | INFO | Epoch 1 | Batch 10600/50000 | Loss: 0.0479 | Avg Loss: 0.4491 | LR: 9.89e-05
2025-11-18 00:29:03 | INFO | Epoch 1 | Batch 10610/50000 | Loss: 0.0094 | Avg Loss: 0.4487 | LR: 9.89e-05
2025-11-18 00:29:03 | INFO | Epoch 1 | Batch 10620/50000 | Loss: 0.1078 | Avg Loss: 0.4484 | LR: 9.89e-05
2025-11-18 00:29:03 | INFO | Epoch 1 | Batch 10630/50000 | Loss: 0.0053 | Avg Loss: 0.4480 | LR: 9.89e-05
2025-11-18 00:29:03 | INFO | Epoch 1 | Batch 10640/50000 | Loss: 0.0114 | Avg Loss: 0.4477 | LR: 9.88e-05
2025-11-18 00:29:03 | INFO | Epoch 1 | Batch 10650/50000 | Loss: 0.2016 | Avg Loss: 0.4473 | LR: 9.88e-05
2025-11-18 00:29:03 | INFO | Epoch 1 | Batch 10660/50000 | Loss: 0.0801 | Avg Loss: 0.4469 | LR: 9.88e-05
2025-11-18 00:29:04 | INFO | Epoch 1 | Batch 10670/50000 | Loss: 0.0127 | Avg Loss: 0.4465 | LR: 9.88e-05
2025-11-18 00:29:04 | INFO | Epoch 1 | Batch 10680/50000 | Loss: 0.0214 | Avg Loss: 0.4462 | LR: 9.88e-05
2025-11-18 00:29:04 | INFO | Epoch 1 | Batch 10690/50000 | Loss: 0.0274 | Avg Loss: 0.4458 | LR: 9.88e-05
2025-11-18 00:29:04 | INFO | Epoch 1 | Batch 10700/50000 | Loss: 0.0860 | Avg Loss: 0.4454 | LR: 9.88e-05
2025-11-18 00:29:04 | INFO | Epoch 1 | Batch 10710/50000 | Loss: 0.0035 | Avg Loss: 0.4450 | LR: 9.88e-05
2025-11-18 00:29:04 | INFO | Epoch 1 | Batch 10720/50000 | Loss: 0.0022 | Avg Loss: 0.4447 | LR: 9.88e-05
2025-11-18 00:29:04 | INFO | Epoch 1 | Batch 10730/50000 | Loss: 0.0310 | Avg Loss: 0.4443 | LR: 9.88e-05
2025-11-18 00:29:04 | INFO | Epoch 1 | Batch 10740/50000 | Loss: 0.0475 | Avg Loss: 0.4439 | LR: 9.88e-05
2025-11-18 00:29:04 | INFO | Epoch 1 | Batch 10750/50000 | Loss: 0.0043 | Avg Loss: 0.4435 | LR: 9.88e-05
2025-11-18 00:29:04 | INFO | Epoch 1 | Batch 10760/50000 | Loss: 0.0181 | Avg Loss: 0.4432 | LR: 9.88e-05
2025-11-18 00:29:04 | INFO | Epoch 1 | Batch 10770/50000 | Loss: 0.1105 | Avg Loss: 0.4428 | LR: 9.88e-05
2025-11-18 00:29:04 | INFO | Epoch 1 | Batch 10780/50000 | Loss: 0.1132 | Avg Loss: 0.4424 | LR: 9.88e-05
2025-11-18 00:29:04 | INFO | Epoch 1 | Batch 10790/50000 | Loss: 0.0044 | Avg Loss: 0.4420 | LR: 9.88e-05
2025-11-18 00:29:04 | INFO | Epoch 1 | Batch 10800/50000 | Loss: 0.0338 | Avg Loss: 0.4417 | LR: 9.88e-05
2025-11-18 00:29:05 | INFO | Epoch 1 | Batch 10810/50000 | Loss: 0.0681 | Avg Loss: 0.4413 | LR: 9.88e-05
2025-11-18 00:29:05 | INFO | Epoch 1 | Batch 10820/50000 | Loss: 0.1418 | Avg Loss: 0.4410 | LR: 9.88e-05
2025-11-18 00:29:05 | INFO | Epoch 1 | Batch 10830/50000 | Loss: 0.0046 | Avg Loss: 0.4406 | LR: 9.88e-05
2025-11-18 00:29:05 | INFO | Epoch 1 | Batch 10840/50000 | Loss: 0.0035 | Avg Loss: 0.4403 | LR: 9.88e-05
2025-11-18 00:29:05 | INFO | Epoch 1 | Batch 10850/50000 | Loss: 0.0916 | Avg Loss: 0.4399 | LR: 9.88e-05
2025-11-18 00:29:05 | INFO | Epoch 1 | Batch 10860/50000 | Loss: 0.0580 | Avg Loss: 0.4395 | LR: 9.88e-05
2025-11-18 00:29:05 | INFO | Epoch 1 | Batch 10870/50000 | Loss: 0.0894 | Avg Loss: 0.4392 | LR: 9.88e-05
2025-11-18 00:29:05 | INFO | Epoch 1 | Batch 10880/50000 | Loss: 0.0063 | Avg Loss: 0.4388 | LR: 9.88e-05
2025-11-18 00:29:05 | INFO | Epoch 1 | Batch 10890/50000 | Loss: 0.0060 | Avg Loss: 0.4384 | LR: 9.88e-05
2025-11-18 00:29:05 | INFO | Epoch 1 | Batch 10900/50000 | Loss: 0.1165 | Avg Loss: 0.4381 | LR: 9.88e-05
2025-11-18 00:29:05 | INFO | Epoch 1 | Batch 10910/50000 | Loss: 0.0599 | Avg Loss: 0.4377 | LR: 9.88e-05
2025-11-18 00:29:05 | INFO | Epoch 1 | Batch 10920/50000 | Loss: 0.0180 | Avg Loss: 0.4374 | LR: 9.88e-05
2025-11-18 00:29:05 | INFO | Epoch 1 | Batch 10930/50000 | Loss: 0.2020 | Avg Loss: 0.4370 | LR: 9.88e-05
2025-11-18 00:29:05 | INFO | Epoch 1 | Batch 10940/50000 | Loss: 0.0101 | Avg Loss: 0.4366 | LR: 9.88e-05
2025-11-18 00:29:06 | INFO | Epoch 1 | Batch 10950/50000 | Loss: 0.0188 | Avg Loss: 0.4363 | LR: 9.88e-05
2025-11-18 00:29:06 | INFO | Epoch 1 | Batch 10960/50000 | Loss: 0.0451 | Avg Loss: 0.4359 | LR: 9.88e-05
2025-11-18 00:29:06 | INFO | Epoch 1 | Batch 10970/50000 | Loss: 0.0021 | Avg Loss: 0.4356 | LR: 9.88e-05
2025-11-18 00:29:06 | INFO | Epoch 1 | Batch 10980/50000 | Loss: 0.0464 | Avg Loss: 0.4352 | LR: 9.88e-05
2025-11-18 00:29:06 | INFO | Epoch 1 | Batch 10990/50000 | Loss: 0.0034 | Avg Loss: 0.4349 | LR: 9.88e-05
2025-11-18 00:29:06 | INFO | Epoch 1 | Batch 11000/50000 | Loss: 0.0655 | Avg Loss: 0.4345 | LR: 9.88e-05
2025-11-18 00:29:06 | INFO | Epoch 1 | Batch 11010/50000 | Loss: 0.3595 | Avg Loss: 0.4342 | LR: 9.88e-05
2025-11-18 00:29:06 | INFO | Epoch 1 | Batch 11020/50000 | Loss: 0.0218 | Avg Loss: 0.4338 | LR: 9.88e-05
2025-11-18 00:29:06 | INFO | Epoch 1 | Batch 11030/50000 | Loss: 0.0196 | Avg Loss: 0.4335 | LR: 9.88e-05
2025-11-18 00:29:06 | INFO | Epoch 1 | Batch 11040/50000 | Loss: 0.0396 | Avg Loss: 0.4331 | LR: 9.88e-05
2025-11-18 00:29:06 | INFO | Epoch 1 | Batch 11050/50000 | Loss: 0.0575 | Avg Loss: 0.4327 | LR: 9.88e-05
2025-11-18 00:29:06 | INFO | Epoch 1 | Batch 11060/50000 | Loss: 0.0017 | Avg Loss: 0.4324 | LR: 9.88e-05
2025-11-18 00:29:06 | INFO | Epoch 1 | Batch 11070/50000 | Loss: 0.0056 | Avg Loss: 0.4320 | LR: 9.88e-05
2025-11-18 00:29:06 | INFO | Epoch 1 | Batch 11080/50000 | Loss: 0.0429 | Avg Loss: 0.4316 | LR: 9.87e-05
2025-11-18 00:29:06 | INFO | Epoch 1 | Batch 11090/50000 | Loss: 0.0041 | Avg Loss: 0.4313 | LR: 9.87e-05
2025-11-18 00:29:07 | INFO | Epoch 1 | Batch 11100/50000 | Loss: 0.0481 | Avg Loss: 0.4309 | LR: 9.87e-05
2025-11-18 00:29:07 | INFO | Epoch 1 | Batch 11110/50000 | Loss: 0.0442 | Avg Loss: 0.4306 | LR: 9.87e-05
2025-11-18 00:29:07 | INFO | Epoch 1 | Batch 11120/50000 | Loss: 0.0022 | Avg Loss: 0.4302 | LR: 9.87e-05
2025-11-18 00:29:07 | INFO | Epoch 1 | Batch 11130/50000 | Loss: 0.0919 | Avg Loss: 0.4299 | LR: 9.87e-05
2025-11-18 00:29:07 | INFO | Epoch 1 | Batch 11140/50000 | Loss: 0.0486 | Avg Loss: 0.4296 | LR: 9.87e-05
2025-11-18 00:29:07 | INFO | Epoch 1 | Batch 11150/50000 | Loss: 0.0462 | Avg Loss: 0.4292 | LR: 9.87e-05
2025-11-18 00:29:07 | INFO | Epoch 1 | Batch 11160/50000 | Loss: 0.0270 | Avg Loss: 0.4288 | LR: 9.87e-05
2025-11-18 00:29:07 | INFO | Epoch 1 | Batch 11170/50000 | Loss: 0.0363 | Avg Loss: 0.4285 | LR: 9.87e-05
2025-11-18 00:29:07 | INFO | Epoch 1 | Batch 11180/50000 | Loss: 0.0350 | Avg Loss: 0.4282 | LR: 9.87e-05
2025-11-18 00:29:07 | INFO | Epoch 1 | Batch 11190/50000 | Loss: 0.0124 | Avg Loss: 0.4278 | LR: 9.87e-05
2025-11-18 00:29:07 | INFO | Epoch 1 | Batch 11200/50000 | Loss: 0.0287 | Avg Loss: 0.4274 | LR: 9.87e-05
2025-11-18 00:29:07 | INFO | Epoch 1 | Batch 11210/50000 | Loss: 0.1849 | Avg Loss: 0.4271 | LR: 9.87e-05
2025-11-18 00:29:07 | INFO | Epoch 1 | Batch 11220/50000 | Loss: 0.0788 | Avg Loss: 0.4268 | LR: 9.87e-05
2025-11-18 00:29:07 | INFO | Epoch 1 | Batch 11230/50000 | Loss: 0.0388 | Avg Loss: 0.4265 | LR: 9.87e-05
2025-11-18 00:29:08 | INFO | Epoch 1 | Batch 11240/50000 | Loss: 0.0064 | Avg Loss: 0.4261 | LR: 9.87e-05
2025-11-18 00:29:08 | INFO | Epoch 1 | Batch 11250/50000 | Loss: 0.0450 | Avg Loss: 0.4258 | LR: 9.87e-05
2025-11-18 00:29:08 | INFO | Epoch 1 | Batch 11260/50000 | Loss: 0.0016 | Avg Loss: 0.4255 | LR: 9.87e-05
2025-11-18 00:29:08 | INFO | Epoch 1 | Batch 11270/50000 | Loss: 0.0115 | Avg Loss: 0.4251 | LR: 9.87e-05
2025-11-18 00:29:08 | INFO | Epoch 1 | Batch 11280/50000 | Loss: 0.0048 | Avg Loss: 0.4248 | LR: 9.87e-05
2025-11-18 00:29:08 | INFO | Epoch 1 | Batch 11290/50000 | Loss: 0.0877 | Avg Loss: 0.4245 | LR: 9.87e-05
2025-11-18 00:29:08 | INFO | Epoch 1 | Batch 11300/50000 | Loss: 0.0373 | Avg Loss: 0.4241 | LR: 9.87e-05
2025-11-18 00:29:08 | INFO | Epoch 1 | Batch 11310/50000 | Loss: 0.0212 | Avg Loss: 0.4238 | LR: 9.87e-05
2025-11-18 00:29:08 | INFO | Epoch 1 | Batch 11320/50000 | Loss: 0.0340 | Avg Loss: 0.4235 | LR: 9.87e-05
2025-11-18 00:29:08 | INFO | Epoch 1 | Batch 11330/50000 | Loss: 0.0385 | Avg Loss: 0.4231 | LR: 9.87e-05
2025-11-18 00:29:08 | INFO | Epoch 1 | Batch 11340/50000 | Loss: 0.0565 | Avg Loss: 0.4228 | LR: 9.87e-05
2025-11-18 00:29:08 | INFO | Epoch 1 | Batch 11350/50000 | Loss: 0.0075 | Avg Loss: 0.4225 | LR: 9.87e-05
2025-11-18 00:29:08 | INFO | Epoch 1 | Batch 11360/50000 | Loss: 0.0303 | Avg Loss: 0.4221 | LR: 9.87e-05
2025-11-18 00:29:08 | INFO | Epoch 1 | Batch 11370/50000 | Loss: 0.0034 | Avg Loss: 0.4218 | LR: 9.87e-05
2025-11-18 00:29:08 | INFO | Epoch 1 | Batch 11380/50000 | Loss: 0.0234 | Avg Loss: 0.4215 | LR: 9.87e-05
2025-11-18 00:29:09 | INFO | Epoch 1 | Batch 11390/50000 | Loss: 0.1088 | Avg Loss: 0.4212 | LR: 9.87e-05
2025-11-18 00:29:09 | INFO | Epoch 1 | Batch 11400/50000 | Loss: 0.0232 | Avg Loss: 0.4208 | LR: 9.87e-05
2025-11-18 00:29:09 | INFO | Epoch 1 | Batch 11410/50000 | Loss: 0.0519 | Avg Loss: 0.4205 | LR: 9.87e-05
2025-11-18 00:29:09 | INFO | Epoch 1 | Batch 11420/50000 | Loss: 0.0627 | Avg Loss: 0.4201 | LR: 9.87e-05
2025-11-18 00:29:09 | INFO | Epoch 1 | Batch 11430/50000 | Loss: 0.0362 | Avg Loss: 0.4198 | LR: 9.87e-05
2025-11-18 00:29:09 | INFO | Epoch 1 | Batch 11440/50000 | Loss: 0.0292 | Avg Loss: 0.4195 | LR: 9.87e-05
2025-11-18 00:29:09 | INFO | Epoch 1 | Batch 11450/50000 | Loss: 0.0135 | Avg Loss: 0.4191 | LR: 9.87e-05
2025-11-18 00:29:09 | INFO | Epoch 1 | Batch 11460/50000 | Loss: 0.0280 | Avg Loss: 0.4188 | LR: 9.87e-05
2025-11-18 00:29:09 | INFO | Epoch 1 | Batch 11470/50000 | Loss: 0.0260 | Avg Loss: 0.4185 | LR: 9.87e-05
2025-11-18 00:29:09 | INFO | Epoch 1 | Batch 11480/50000 | Loss: 0.0132 | Avg Loss: 0.4182 | LR: 9.87e-05
2025-11-18 00:29:09 | INFO | Epoch 1 | Batch 11490/50000 | Loss: 0.0912 | Avg Loss: 0.4179 | LR: 9.87e-05
2025-11-18 00:29:09 | INFO | Epoch 1 | Batch 11500/50000 | Loss: 0.5901 | Avg Loss: 0.4176 | LR: 9.86e-05
2025-11-18 00:29:09 | INFO | Epoch 1 | Batch 11510/50000 | Loss: 0.0083 | Avg Loss: 0.4172 | LR: 9.86e-05
2025-11-18 00:29:09 | INFO | Epoch 1 | Batch 11520/50000 | Loss: 0.0560 | Avg Loss: 0.4169 | LR: 9.86e-05
2025-11-18 00:29:10 | INFO | Epoch 1 | Batch 11530/50000 | Loss: 0.1733 | Avg Loss: 0.4166 | LR: 9.86e-05
2025-11-18 00:29:10 | INFO | Epoch 1 | Batch 11540/50000 | Loss: 0.0279 | Avg Loss: 0.4163 | LR: 9.86e-05
2025-11-18 00:29:10 | INFO | Epoch 1 | Batch 11550/50000 | Loss: 0.0373 | Avg Loss: 0.4160 | LR: 9.86e-05
2025-11-18 00:29:10 | INFO | Epoch 1 | Batch 11560/50000 | Loss: 0.0109 | Avg Loss: 0.4157 | LR: 9.86e-05
2025-11-18 00:29:10 | INFO | Epoch 1 | Batch 11570/50000 | Loss: 0.0022 | Avg Loss: 0.4153 | LR: 9.86e-05
2025-11-18 00:29:10 | INFO | Epoch 1 | Batch 11580/50000 | Loss: 0.1699 | Avg Loss: 0.4150 | LR: 9.86e-05
2025-11-18 00:29:10 | INFO | Epoch 1 | Batch 11590/50000 | Loss: 0.0648 | Avg Loss: 0.4147 | LR: 9.86e-05
2025-11-18 00:29:10 | INFO | Epoch 1 | Batch 11600/50000 | Loss: 0.0030 | Avg Loss: 0.4143 | LR: 9.86e-05
2025-11-18 00:29:10 | INFO | Epoch 1 | Batch 11610/50000 | Loss: 0.0462 | Avg Loss: 0.4140 | LR: 9.86e-05
2025-11-18 00:29:10 | INFO | Epoch 1 | Batch 11620/50000 | Loss: 0.0037 | Avg Loss: 0.4137 | LR: 9.86e-05
2025-11-18 00:29:10 | INFO | Epoch 1 | Batch 11630/50000 | Loss: 0.0414 | Avg Loss: 0.4134 | LR: 9.86e-05
2025-11-18 00:29:10 | INFO | Epoch 1 | Batch 11640/50000 | Loss: 0.3472 | Avg Loss: 0.4131 | LR: 9.86e-05
2025-11-18 00:29:10 | INFO | Epoch 1 | Batch 11650/50000 | Loss: 0.0303 | Avg Loss: 0.4128 | LR: 9.86e-05
2025-11-18 00:29:10 | INFO | Epoch 1 | Batch 11660/50000 | Loss: 0.0231 | Avg Loss: 0.4125 | LR: 9.86e-05
2025-11-18 00:29:11 | INFO | Epoch 1 | Batch 11670/50000 | Loss: 0.0315 | Avg Loss: 0.4122 | LR: 9.86e-05
2025-11-18 00:29:11 | INFO | Epoch 1 | Batch 11680/50000 | Loss: 0.0100 | Avg Loss: 0.4119 | LR: 9.86e-05
2025-11-18 00:29:11 | INFO | Epoch 1 | Batch 11690/50000 | Loss: 0.0019 | Avg Loss: 0.4115 | LR: 9.86e-05
2025-11-18 00:29:11 | INFO | Epoch 1 | Batch 11700/50000 | Loss: 0.0883 | Avg Loss: 0.4112 | LR: 9.86e-05
2025-11-18 00:29:11 | INFO | Epoch 1 | Batch 11710/50000 | Loss: 0.0115 | Avg Loss: 0.4109 | LR: 9.86e-05
2025-11-18 00:29:11 | INFO | Epoch 1 | Batch 11720/50000 | Loss: 0.0609 | Avg Loss: 0.4106 | LR: 9.86e-05
2025-11-18 00:29:11 | INFO | Epoch 1 | Batch 11730/50000 | Loss: 0.0354 | Avg Loss: 0.4102 | LR: 9.86e-05
2025-11-18 00:29:11 | INFO | Epoch 1 | Batch 11740/50000 | Loss: 0.0039 | Avg Loss: 0.4099 | LR: 9.86e-05
2025-11-18 00:29:11 | INFO | Epoch 1 | Batch 11750/50000 | Loss: 0.0178 | Avg Loss: 0.4096 | LR: 9.86e-05
2025-11-18 00:29:11 | INFO | Epoch 1 | Batch 11760/50000 | Loss: 0.1837 | Avg Loss: 0.4093 | LR: 9.86e-05
2025-11-18 00:29:11 | INFO | Epoch 1 | Batch 11770/50000 | Loss: 0.0653 | Avg Loss: 0.4090 | LR: 9.86e-05
2025-11-18 00:29:11 | INFO | Epoch 1 | Batch 11780/50000 | Loss: 0.0572 | Avg Loss: 0.4087 | LR: 9.86e-05
2025-11-18 00:29:11 | INFO | Epoch 1 | Batch 11790/50000 | Loss: 0.0964 | Avg Loss: 0.4084 | LR: 9.86e-05
2025-11-18 00:29:11 | INFO | Epoch 1 | Batch 11800/50000 | Loss: 0.1199 | Avg Loss: 0.4081 | LR: 9.86e-05
2025-11-18 00:29:11 | INFO | Epoch 1 | Batch 11810/50000 | Loss: 0.0059 | Avg Loss: 0.4078 | LR: 9.86e-05
2025-11-18 00:29:12 | INFO | Epoch 1 | Batch 11820/50000 | Loss: 0.0674 | Avg Loss: 0.4075 | LR: 9.86e-05
2025-11-18 00:29:12 | INFO | Epoch 1 | Batch 11830/50000 | Loss: 0.0010 | Avg Loss: 0.4071 | LR: 9.86e-05
2025-11-18 00:29:12 | INFO | Epoch 1 | Batch 11840/50000 | Loss: 0.0636 | Avg Loss: 0.4068 | LR: 9.86e-05
2025-11-18 00:29:12 | INFO | Epoch 1 | Batch 11850/50000 | Loss: 0.2056 | Avg Loss: 0.4065 | LR: 9.86e-05
2025-11-18 00:29:12 | INFO | Epoch 1 | Batch 11860/50000 | Loss: 0.1445 | Avg Loss: 0.4062 | LR: 9.86e-05
2025-11-18 00:29:12 | INFO | Epoch 1 | Batch 11870/50000 | Loss: 0.0426 | Avg Loss: 0.4059 | LR: 9.86e-05
2025-11-18 00:29:12 | INFO | Epoch 1 | Batch 11880/50000 | Loss: 0.0718 | Avg Loss: 0.4056 | LR: 9.86e-05
2025-11-18 00:29:12 | INFO | Epoch 1 | Batch 11890/50000 | Loss: 0.0087 | Avg Loss: 0.4053 | LR: 9.86e-05
2025-11-18 00:29:12 | INFO | Epoch 1 | Batch 11900/50000 | Loss: 0.0114 | Avg Loss: 0.4050 | LR: 9.85e-05
2025-11-18 00:29:12 | INFO | Epoch 1 | Batch 11910/50000 | Loss: 0.0026 | Avg Loss: 0.4047 | LR: 9.85e-05
2025-11-18 00:29:12 | INFO | Epoch 1 | Batch 11920/50000 | Loss: 0.4110 | Avg Loss: 0.4044 | LR: 9.85e-05
2025-11-18 00:29:12 | INFO | Epoch 1 | Batch 11930/50000 | Loss: 0.0361 | Avg Loss: 0.4041 | LR: 9.85e-05
2025-11-18 00:29:12 | INFO | Epoch 1 | Batch 11940/50000 | Loss: 0.0137 | Avg Loss: 0.4038 | LR: 9.85e-05
2025-11-18 00:29:12 | INFO | Epoch 1 | Batch 11950/50000 | Loss: 0.2764 | Avg Loss: 0.4035 | LR: 9.85e-05
2025-11-18 00:29:13 | INFO | Epoch 1 | Batch 11960/50000 | Loss: 0.1019 | Avg Loss: 0.4033 | LR: 9.85e-05
2025-11-18 00:29:13 | INFO | Epoch 1 | Batch 11970/50000 | Loss: 0.0247 | Avg Loss: 0.4029 | LR: 9.85e-05
2025-11-18 00:29:13 | INFO | Epoch 1 | Batch 11980/50000 | Loss: 0.0026 | Avg Loss: 0.4027 | LR: 9.85e-05
2025-11-18 00:29:13 | INFO | Epoch 1 | Batch 11990/50000 | Loss: 0.0042 | Avg Loss: 0.4023 | LR: 9.85e-05
2025-11-18 00:29:13 | INFO | Epoch 1 | Batch 12000/50000 | Loss: 0.0059 | Avg Loss: 0.4020 | LR: 9.85e-05
2025-11-18 00:29:13 | INFO | Epoch 1 | Batch 12010/50000 | Loss: 0.0062 | Avg Loss: 0.4017 | LR: 9.85e-05
2025-11-18 00:29:13 | INFO | Epoch 1 | Batch 12020/50000 | Loss: 0.0745 | Avg Loss: 0.4014 | LR: 9.85e-05
2025-11-18 00:29:13 | INFO | Epoch 1 | Batch 12030/50000 | Loss: 0.0253 | Avg Loss: 0.4011 | LR: 9.85e-05
2025-11-18 00:29:13 | INFO | Epoch 1 | Batch 12040/50000 | Loss: 0.0030 | Avg Loss: 0.4008 | LR: 9.85e-05
2025-11-18 00:29:13 | INFO | Epoch 1 | Batch 12050/50000 | Loss: 0.1425 | Avg Loss: 0.4005 | LR: 9.85e-05
2025-11-18 00:29:13 | INFO | Epoch 1 | Batch 12060/50000 | Loss: 0.0031 | Avg Loss: 0.4002 | LR: 9.85e-05
2025-11-18 00:29:13 | INFO | Epoch 1 | Batch 12070/50000 | Loss: 0.0394 | Avg Loss: 0.3999 | LR: 9.85e-05
2025-11-18 00:29:13 | INFO | Epoch 1 | Batch 12080/50000 | Loss: 0.0306 | Avg Loss: 0.3996 | LR: 9.85e-05
2025-11-18 00:29:13 | INFO | Epoch 1 | Batch 12090/50000 | Loss: 0.0867 | Avg Loss: 0.3993 | LR: 9.85e-05
2025-11-18 00:29:14 | INFO | Epoch 1 | Batch 12100/50000 | Loss: 0.0155 | Avg Loss: 0.3990 | LR: 9.85e-05
2025-11-18 00:29:14 | INFO | Epoch 1 | Batch 12110/50000 | Loss: 0.0162 | Avg Loss: 0.3987 | LR: 9.85e-05
2025-11-18 00:29:14 | INFO | Epoch 1 | Batch 12120/50000 | Loss: 0.0097 | Avg Loss: 0.3984 | LR: 9.85e-05
2025-11-18 00:29:14 | INFO | Epoch 1 | Batch 12130/50000 | Loss: 0.0649 | Avg Loss: 0.3981 | LR: 9.85e-05
2025-11-18 00:29:14 | INFO | Epoch 1 | Batch 12140/50000 | Loss: 0.0075 | Avg Loss: 0.3979 | LR: 9.85e-05
2025-11-18 00:29:14 | INFO | Epoch 1 | Batch 12150/50000 | Loss: 0.0029 | Avg Loss: 0.3976 | LR: 9.85e-05
2025-11-18 00:29:14 | INFO | Epoch 1 | Batch 12160/50000 | Loss: 0.0020 | Avg Loss: 0.3973 | LR: 9.85e-05
2025-11-18 00:29:14 | INFO | Epoch 1 | Batch 12170/50000 | Loss: 0.0357 | Avg Loss: 0.3970 | LR: 9.85e-05
2025-11-18 00:29:14 | INFO | Epoch 1 | Batch 12180/50000 | Loss: 0.0515 | Avg Loss: 0.3967 | LR: 9.85e-05
2025-11-18 00:29:14 | INFO | Epoch 1 | Batch 12190/50000 | Loss: 0.0068 | Avg Loss: 0.3964 | LR: 9.85e-05
2025-11-18 00:29:14 | INFO | Epoch 1 | Batch 12200/50000 | Loss: 0.0020 | Avg Loss: 0.3961 | LR: 9.85e-05
2025-11-18 00:29:14 | INFO | Epoch 1 | Batch 12210/50000 | Loss: 0.0822 | Avg Loss: 0.3958 | LR: 9.85e-05
2025-11-18 00:29:14 | INFO | Epoch 1 | Batch 12220/50000 | Loss: 0.0026 | Avg Loss: 0.3955 | LR: 9.85e-05
2025-11-18 00:29:14 | INFO | Epoch 1 | Batch 12230/50000 | Loss: 0.0236 | Avg Loss: 0.3952 | LR: 9.85e-05
2025-11-18 00:29:14 | INFO | Epoch 1 | Batch 12240/50000 | Loss: 0.0586 | Avg Loss: 0.3950 | LR: 9.85e-05
2025-11-18 00:29:15 | INFO | Epoch 1 | Batch 12250/50000 | Loss: 0.0026 | Avg Loss: 0.3947 | LR: 9.85e-05
2025-11-18 00:29:15 | INFO | Epoch 1 | Batch 12260/50000 | Loss: 0.0251 | Avg Loss: 0.3944 | LR: 9.85e-05
2025-11-18 00:29:15 | INFO | Epoch 1 | Batch 12270/50000 | Loss: 0.0648 | Avg Loss: 0.3941 | LR: 9.85e-05
2025-11-18 00:29:15 | INFO | Epoch 1 | Batch 12280/50000 | Loss: 0.0058 | Avg Loss: 0.3938 | LR: 9.85e-05
2025-11-18 00:29:15 | INFO | Epoch 1 | Batch 12290/50000 | Loss: 0.0323 | Avg Loss: 0.3935 | LR: 9.84e-05
2025-11-18 00:29:15 | INFO | Epoch 1 | Batch 12300/50000 | Loss: 0.0699 | Avg Loss: 0.3932 | LR: 9.84e-05
2025-11-18 00:29:15 | INFO | Epoch 1 | Batch 12310/50000 | Loss: 0.0027 | Avg Loss: 0.3929 | LR: 9.84e-05
2025-11-18 00:29:15 | INFO | Epoch 1 | Batch 12320/50000 | Loss: 0.0057 | Avg Loss: 0.3926 | LR: 9.84e-05
2025-11-18 00:29:15 | INFO | Epoch 1 | Batch 12330/50000 | Loss: 0.0115 | Avg Loss: 0.3923 | LR: 9.84e-05
2025-11-18 00:29:15 | INFO | Epoch 1 | Batch 12340/50000 | Loss: 0.0504 | Avg Loss: 0.3921 | LR: 9.84e-05
2025-11-18 00:29:15 | INFO | Epoch 1 | Batch 12350/50000 | Loss: 0.0821 | Avg Loss: 0.3918 | LR: 9.84e-05
2025-11-18 00:29:15 | INFO | Epoch 1 | Batch 12360/50000 | Loss: 0.0046 | Avg Loss: 0.3915 | LR: 9.84e-05
2025-11-18 00:29:15 | INFO | Epoch 1 | Batch 12370/50000 | Loss: 0.0031 | Avg Loss: 0.3912 | LR: 9.84e-05
2025-11-18 00:29:15 | INFO | Epoch 1 | Batch 12380/50000 | Loss: 0.0019 | Avg Loss: 0.3910 | LR: 9.84e-05
2025-11-18 00:29:16 | INFO | Epoch 1 | Batch 12390/50000 | Loss: 0.4533 | Avg Loss: 0.3907 | LR: 9.84e-05
2025-11-18 00:29:16 | INFO | Epoch 1 | Batch 12400/50000 | Loss: 0.2230 | Avg Loss: 0.3904 | LR: 9.84e-05
2025-11-18 00:29:16 | INFO | Epoch 1 | Batch 12410/50000 | Loss: 0.0098 | Avg Loss: 0.3902 | LR: 9.84e-05
2025-11-18 00:29:16 | INFO | Epoch 1 | Batch 12420/50000 | Loss: 0.0025 | Avg Loss: 0.3899 | LR: 9.84e-05
2025-11-18 00:29:16 | INFO | Epoch 1 | Batch 12430/50000 | Loss: 0.0582 | Avg Loss: 0.3896 | LR: 9.84e-05
2025-11-18 00:29:16 | INFO | Epoch 1 | Batch 12440/50000 | Loss: 0.0306 | Avg Loss: 0.3893 | LR: 9.84e-05
2025-11-18 00:29:16 | INFO | Epoch 1 | Batch 12450/50000 | Loss: 0.0378 | Avg Loss: 0.3891 | LR: 9.84e-05
2025-11-18 00:29:16 | INFO | Epoch 1 | Batch 12460/50000 | Loss: 0.0324 | Avg Loss: 0.3888 | LR: 9.84e-05
2025-11-18 00:29:16 | INFO | Epoch 1 | Batch 12470/50000 | Loss: 0.0076 | Avg Loss: 0.3885 | LR: 9.84e-05
2025-11-18 00:29:16 | INFO | Epoch 1 | Batch 12480/50000 | Loss: 0.0280 | Avg Loss: 0.3882 | LR: 9.84e-05
2025-11-18 00:29:16 | INFO | Epoch 1 | Batch 12490/50000 | Loss: 0.0965 | Avg Loss: 0.3879 | LR: 9.84e-05
2025-11-18 00:29:16 | INFO | Epoch 1 | Batch 12500/50000 | Loss: 0.0817 | Avg Loss: 0.3877 | LR: 9.84e-05
2025-11-18 00:29:16 | INFO | Epoch 1 | Batch 12510/50000 | Loss: 0.0726 | Avg Loss: 0.3874 | LR: 9.84e-05
2025-11-18 00:29:16 | INFO | Epoch 1 | Batch 12520/50000 | Loss: 0.0052 | Avg Loss: 0.3871 | LR: 9.84e-05
2025-11-18 00:29:16 | INFO | Epoch 1 | Batch 12530/50000 | Loss: 0.0977 | Avg Loss: 0.3868 | LR: 9.84e-05
2025-11-18 00:29:17 | INFO | Epoch 1 | Batch 12540/50000 | Loss: 0.0486 | Avg Loss: 0.3866 | LR: 9.84e-05
2025-11-18 00:29:17 | INFO | Epoch 1 | Batch 12550/50000 | Loss: 0.0601 | Avg Loss: 0.3863 | LR: 9.84e-05
2025-11-18 00:29:17 | INFO | Epoch 1 | Batch 12560/50000 | Loss: 0.0378 | Avg Loss: 0.3860 | LR: 9.84e-05
2025-11-18 00:29:17 | INFO | Epoch 1 | Batch 12570/50000 | Loss: 0.0137 | Avg Loss: 0.3857 | LR: 9.84e-05
2025-11-18 00:29:17 | INFO | Epoch 1 | Batch 12580/50000 | Loss: 0.0127 | Avg Loss: 0.3854 | LR: 9.84e-05
2025-11-18 00:29:17 | INFO | Epoch 1 | Batch 12590/50000 | Loss: 0.0168 | Avg Loss: 0.3851 | LR: 9.84e-05
2025-11-18 00:29:17 | INFO | Epoch 1 | Batch 12600/50000 | Loss: 0.0063 | Avg Loss: 0.3848 | LR: 9.84e-05
2025-11-18 00:29:17 | INFO | Epoch 1 | Batch 12610/50000 | Loss: 0.0956 | Avg Loss: 0.3846 | LR: 9.84e-05
2025-11-18 00:29:17 | INFO | Epoch 1 | Batch 12620/50000 | Loss: 0.0060 | Avg Loss: 0.3843 | LR: 9.84e-05
2025-11-18 00:29:17 | INFO | Epoch 1 | Batch 12630/50000 | Loss: 0.0480 | Avg Loss: 0.3840 | LR: 9.84e-05
2025-11-18 00:29:17 | INFO | Epoch 1 | Batch 12640/50000 | Loss: 0.0333 | Avg Loss: 0.3837 | LR: 9.84e-05
2025-11-18 00:29:17 | INFO | Epoch 1 | Batch 12650/50000 | Loss: 0.0245 | Avg Loss: 0.3835 | LR: 9.84e-05
2025-11-18 00:29:17 | INFO | Epoch 1 | Batch 12660/50000 | Loss: 0.0102 | Avg Loss: 0.3832 | LR: 9.84e-05
2025-11-18 00:29:17 | INFO | Epoch 1 | Batch 12670/50000 | Loss: 0.0187 | Avg Loss: 0.3829 | LR: 9.83e-05
2025-11-18 00:29:18 | INFO | Epoch 1 | Batch 12680/50000 | Loss: 0.0162 | Avg Loss: 0.3826 | LR: 9.83e-05
2025-11-18 00:29:18 | INFO | Epoch 1 | Batch 12690/50000 | Loss: 0.0474 | Avg Loss: 0.3824 | LR: 9.83e-05
2025-11-18 00:29:18 | INFO | Epoch 1 | Batch 12700/50000 | Loss: 0.0509 | Avg Loss: 0.3821 | LR: 9.83e-05
2025-11-18 00:29:18 | INFO | Epoch 1 | Batch 12710/50000 | Loss: 0.0350 | Avg Loss: 0.3818 | LR: 9.83e-05
2025-11-18 00:29:18 | INFO | Epoch 1 | Batch 12720/50000 | Loss: 0.0130 | Avg Loss: 0.3815 | LR: 9.83e-05
2025-11-18 00:29:18 | INFO | Epoch 1 | Batch 12730/50000 | Loss: 0.0027 | Avg Loss: 0.3813 | LR: 9.83e-05
2025-11-18 00:29:18 | INFO | Epoch 1 | Batch 12740/50000 | Loss: 0.0534 | Avg Loss: 0.3810 | LR: 9.83e-05
2025-11-18 00:29:18 | INFO | Epoch 1 | Batch 12750/50000 | Loss: 0.1594 | Avg Loss: 0.3807 | LR: 9.83e-05
2025-11-18 00:29:18 | INFO | Epoch 1 | Batch 12760/50000 | Loss: 0.0240 | Avg Loss: 0.3805 | LR: 9.83e-05
2025-11-18 00:29:18 | INFO | Epoch 1 | Batch 12770/50000 | Loss: 0.0308 | Avg Loss: 0.3802 | LR: 9.83e-05
2025-11-18 00:29:18 | INFO | Epoch 1 | Batch 12780/50000 | Loss: 0.0029 | Avg Loss: 0.3799 | LR: 9.83e-05
2025-11-18 00:29:18 | INFO | Epoch 1 | Batch 12790/50000 | Loss: 0.0041 | Avg Loss: 0.3797 | LR: 9.83e-05
2025-11-18 00:29:18 | INFO | Epoch 1 | Batch 12800/50000 | Loss: 0.0196 | Avg Loss: 0.3794 | LR: 9.83e-05
2025-11-18 00:29:18 | INFO | Epoch 1 | Batch 12810/50000 | Loss: 0.0064 | Avg Loss: 0.3791 | LR: 9.83e-05
2025-11-18 00:29:19 | INFO | Epoch 1 | Batch 12820/50000 | Loss: 0.0170 | Avg Loss: 0.3788 | LR: 9.83e-05
2025-11-18 00:29:19 | INFO | Epoch 1 | Batch 12830/50000 | Loss: 0.0862 | Avg Loss: 0.3786 | LR: 9.83e-05
2025-11-18 00:29:19 | INFO | Epoch 1 | Batch 12840/50000 | Loss: 0.0036 | Avg Loss: 0.3783 | LR: 9.83e-05
2025-11-18 00:29:19 | INFO | Epoch 1 | Batch 12850/50000 | Loss: 0.0769 | Avg Loss: 0.3781 | LR: 9.83e-05
2025-11-18 00:29:19 | INFO | Epoch 1 | Batch 12860/50000 | Loss: 0.0337 | Avg Loss: 0.3778 | LR: 9.83e-05
2025-11-18 00:29:19 | INFO | Epoch 1 | Batch 12870/50000 | Loss: 0.0076 | Avg Loss: 0.3775 | LR: 9.83e-05
2025-11-18 00:29:19 | INFO | Epoch 1 | Batch 12880/50000 | Loss: 0.0047 | Avg Loss: 0.3773 | LR: 9.83e-05
2025-11-18 00:29:19 | INFO | Epoch 1 | Batch 12890/50000 | Loss: 0.0150 | Avg Loss: 0.3770 | LR: 9.83e-05
2025-11-18 00:29:19 | INFO | Epoch 1 | Batch 12900/50000 | Loss: 0.0164 | Avg Loss: 0.3767 | LR: 9.83e-05
2025-11-18 00:29:19 | INFO | Epoch 1 | Batch 12910/50000 | Loss: 0.0314 | Avg Loss: 0.3765 | LR: 9.83e-05
2025-11-18 00:29:19 | INFO | Epoch 1 | Batch 12920/50000 | Loss: 0.0286 | Avg Loss: 0.3762 | LR: 9.83e-05
2025-11-18 00:29:19 | INFO | Epoch 1 | Batch 12930/50000 | Loss: 0.0020 | Avg Loss: 0.3760 | LR: 9.83e-05
2025-11-18 00:29:19 | INFO | Epoch 1 | Batch 12940/50000 | Loss: 0.0027 | Avg Loss: 0.3757 | LR: 9.83e-05
2025-11-18 00:29:19 | INFO | Epoch 1 | Batch 12950/50000 | Loss: 0.0386 | Avg Loss: 0.3755 | LR: 9.83e-05
2025-11-18 00:29:20 | INFO | Epoch 1 | Batch 12960/50000 | Loss: 0.0640 | Avg Loss: 0.3752 | LR: 9.83e-05
2025-11-18 00:29:20 | INFO | Epoch 1 | Batch 12970/50000 | Loss: 0.0109 | Avg Loss: 0.3749 | LR: 9.83e-05
2025-11-18 00:29:20 | INFO | Epoch 1 | Batch 12980/50000 | Loss: 0.0576 | Avg Loss: 0.3747 | LR: 9.83e-05
2025-11-18 00:29:20 | INFO | Epoch 1 | Batch 12990/50000 | Loss: 0.0253 | Avg Loss: 0.3744 | LR: 9.83e-05
2025-11-18 00:29:20 | INFO | Epoch 1 | Batch 13000/50000 | Loss: 0.0167 | Avg Loss: 0.3742 | LR: 9.83e-05
2025-11-18 00:29:20 | INFO | Epoch 1 | Batch 13010/50000 | Loss: 0.1081 | Avg Loss: 0.3739 | LR: 9.83e-05
2025-11-18 00:29:20 | INFO | Epoch 1 | Batch 13020/50000 | Loss: 0.0012 | Avg Loss: 0.3736 | LR: 9.83e-05
2025-11-18 00:29:20 | INFO | Epoch 1 | Batch 13030/50000 | Loss: 0.1562 | Avg Loss: 0.3734 | LR: 9.83e-05
2025-11-18 00:29:20 | INFO | Epoch 1 | Batch 13040/50000 | Loss: 0.0037 | Avg Loss: 0.3731 | LR: 9.82e-05
2025-11-18 00:29:20 | INFO | Epoch 1 | Batch 13050/50000 | Loss: 0.0565 | Avg Loss: 0.3728 | LR: 9.82e-05
2025-11-18 00:29:20 | INFO | Epoch 1 | Batch 13060/50000 | Loss: 0.0322 | Avg Loss: 0.3726 | LR: 9.82e-05
2025-11-18 00:29:20 | INFO | Epoch 1 | Batch 13070/50000 | Loss: 0.0360 | Avg Loss: 0.3723 | LR: 9.82e-05
2025-11-18 00:29:20 | INFO | Epoch 1 | Batch 13080/50000 | Loss: 0.0138 | Avg Loss: 0.3720 | LR: 9.82e-05
2025-11-18 00:29:20 | INFO | Epoch 1 | Batch 13090/50000 | Loss: 0.1969 | Avg Loss: 0.3718 | LR: 9.82e-05
2025-11-18 00:29:20 | INFO | Epoch 1 | Batch 13100/50000 | Loss: 0.0431 | Avg Loss: 0.3716 | LR: 9.82e-05
2025-11-18 00:29:21 | INFO | Epoch 1 | Batch 13110/50000 | Loss: 0.0026 | Avg Loss: 0.3713 | LR: 9.82e-05
2025-11-18 00:29:21 | INFO | Epoch 1 | Batch 13120/50000 | Loss: 0.0140 | Avg Loss: 0.3711 | LR: 9.82e-05
2025-11-18 00:29:21 | INFO | Epoch 1 | Batch 13130/50000 | Loss: 0.0319 | Avg Loss: 0.3708 | LR: 9.82e-05
2025-11-18 00:29:21 | INFO | Epoch 1 | Batch 13140/50000 | Loss: 0.1156 | Avg Loss: 0.3706 | LR: 9.82e-05
2025-11-18 00:29:21 | INFO | Epoch 1 | Batch 13150/50000 | Loss: 0.0028 | Avg Loss: 0.3703 | LR: 9.82e-05
2025-11-18 00:29:21 | INFO | Epoch 1 | Batch 13160/50000 | Loss: 0.0368 | Avg Loss: 0.3701 | LR: 9.82e-05
2025-11-18 00:29:21 | INFO | Epoch 1 | Batch 13170/50000 | Loss: 0.0058 | Avg Loss: 0.3698 | LR: 9.82e-05
2025-11-18 00:29:21 | INFO | Epoch 1 | Batch 13180/50000 | Loss: 0.0485 | Avg Loss: 0.3696 | LR: 9.82e-05
2025-11-18 00:29:21 | INFO | Epoch 1 | Batch 13190/50000 | Loss: 0.0077 | Avg Loss: 0.3693 | LR: 9.82e-05
2025-11-18 00:29:21 | INFO | Epoch 1 | Batch 13200/50000 | Loss: 0.0139 | Avg Loss: 0.3691 | LR: 9.82e-05
2025-11-18 00:29:21 | INFO | Epoch 1 | Batch 13210/50000 | Loss: 0.0507 | Avg Loss: 0.3688 | LR: 9.82e-05
2025-11-18 00:29:21 | INFO | Epoch 1 | Batch 13220/50000 | Loss: 0.0080 | Avg Loss: 0.3686 | LR: 9.82e-05
2025-11-18 00:29:21 | INFO | Epoch 1 | Batch 13230/50000 | Loss: 0.0797 | Avg Loss: 0.3683 | LR: 9.82e-05
2025-11-18 00:29:21 | INFO | Epoch 1 | Batch 13240/50000 | Loss: 0.0549 | Avg Loss: 0.3681 | LR: 9.82e-05
2025-11-18 00:29:22 | INFO | Epoch 1 | Batch 13250/50000 | Loss: 0.0236 | Avg Loss: 0.3678 | LR: 9.82e-05
2025-11-18 00:29:22 | INFO | Epoch 1 | Batch 13260/50000 | Loss: 0.0059 | Avg Loss: 0.3676 | LR: 9.82e-05
2025-11-18 00:29:22 | INFO | Epoch 1 | Batch 13270/50000 | Loss: 0.0017 | Avg Loss: 0.3673 | LR: 9.82e-05
2025-11-18 00:29:22 | INFO | Epoch 1 | Batch 13280/50000 | Loss: 0.0797 | Avg Loss: 0.3671 | LR: 9.82e-05
2025-11-18 00:29:22 | INFO | Epoch 1 | Batch 13290/50000 | Loss: 0.0722 | Avg Loss: 0.3668 | LR: 9.82e-05
2025-11-18 00:29:22 | INFO | Epoch 1 | Batch 13300/50000 | Loss: 0.0198 | Avg Loss: 0.3666 | LR: 9.82e-05
2025-11-18 00:29:22 | INFO | Epoch 1 | Batch 13310/50000 | Loss: 0.0013 | Avg Loss: 0.3664 | LR: 9.82e-05
2025-11-18 00:29:22 | INFO | Epoch 1 | Batch 13320/50000 | Loss: 0.0135 | Avg Loss: 0.3661 | LR: 9.82e-05
2025-11-18 00:29:22 | INFO | Epoch 1 | Batch 13330/50000 | Loss: 0.0025 | Avg Loss: 0.3659 | LR: 9.82e-05
2025-11-18 00:29:22 | INFO | Epoch 1 | Batch 13340/50000 | Loss: 0.2867 | Avg Loss: 0.3657 | LR: 9.82e-05
2025-11-18 00:29:22 | INFO | Epoch 1 | Batch 13350/50000 | Loss: 0.0028 | Avg Loss: 0.3654 | LR: 9.82e-05
2025-11-18 00:29:22 | INFO | Epoch 1 | Batch 13360/50000 | Loss: 0.0495 | Avg Loss: 0.3652 | LR: 9.82e-05
2025-11-18 00:29:22 | INFO | Epoch 1 | Batch 13370/50000 | Loss: 0.0587 | Avg Loss: 0.3649 | LR: 9.82e-05
2025-11-18 00:29:22 | INFO | Epoch 1 | Batch 13380/50000 | Loss: 0.0222 | Avg Loss: 0.3647 | LR: 9.82e-05
2025-11-18 00:29:23 | INFO | Epoch 1 | Batch 13390/50000 | Loss: 0.0027 | Avg Loss: 0.3644 | LR: 9.82e-05
2025-11-18 00:29:23 | INFO | Epoch 1 | Batch 13400/50000 | Loss: 0.0013 | Avg Loss: 0.3642 | LR: 9.81e-05
2025-11-18 00:29:23 | INFO | Epoch 1 | Batch 13410/50000 | Loss: 0.0891 | Avg Loss: 0.3639 | LR: 9.81e-05
2025-11-18 00:29:23 | INFO | Epoch 1 | Batch 13420/50000 | Loss: 0.0013 | Avg Loss: 0.3637 | LR: 9.81e-05
2025-11-18 00:29:23 | INFO | Epoch 1 | Batch 13430/50000 | Loss: 0.0211 | Avg Loss: 0.3635 | LR: 9.81e-05
2025-11-18 00:29:23 | INFO | Epoch 1 | Batch 13440/50000 | Loss: 0.0077 | Avg Loss: 0.3632 | LR: 9.81e-05
2025-11-18 00:29:23 | INFO | Epoch 1 | Batch 13450/50000 | Loss: 0.0287 | Avg Loss: 0.3630 | LR: 9.81e-05
2025-11-18 00:29:23 | INFO | Epoch 1 | Batch 13460/50000 | Loss: 0.0040 | Avg Loss: 0.3627 | LR: 9.81e-05
2025-11-18 00:29:23 | INFO | Epoch 1 | Batch 13470/50000 | Loss: 0.0189 | Avg Loss: 0.3625 | LR: 9.81e-05
2025-11-18 00:29:23 | INFO | Epoch 1 | Batch 13480/50000 | Loss: 0.0032 | Avg Loss: 0.3622 | LR: 9.81e-05
2025-11-18 00:29:23 | INFO | Epoch 1 | Batch 13490/50000 | Loss: 0.0020 | Avg Loss: 0.3620 | LR: 9.81e-05
2025-11-18 00:29:23 | INFO | Epoch 1 | Batch 13500/50000 | Loss: 0.3634 | Avg Loss: 0.3618 | LR: 9.81e-05
2025-11-18 00:29:23 | INFO | Epoch 1 | Batch 13510/50000 | Loss: 0.0226 | Avg Loss: 0.3615 | LR: 9.81e-05
2025-11-18 00:29:24 | INFO | Epoch 1 | Batch 13520/50000 | Loss: 0.0023 | Avg Loss: 0.3613 | LR: 9.81e-05
2025-11-18 00:29:24 | INFO | Epoch 1 | Batch 13530/50000 | Loss: 0.0034 | Avg Loss: 0.3611 | LR: 9.81e-05
2025-11-18 00:29:24 | INFO | Epoch 1 | Batch 13540/50000 | Loss: 0.0900 | Avg Loss: 0.3608 | LR: 9.81e-05
2025-11-18 00:29:24 | INFO | Epoch 1 | Batch 13550/50000 | Loss: 0.0139 | Avg Loss: 0.3606 | LR: 9.81e-05
2025-11-18 00:29:24 | INFO | Epoch 1 | Batch 13560/50000 | Loss: 0.0208 | Avg Loss: 0.3603 | LR: 9.81e-05
2025-11-18 00:29:24 | INFO | Epoch 1 | Batch 13570/50000 | Loss: 0.0012 | Avg Loss: 0.3601 | LR: 9.81e-05
2025-11-18 00:29:24 | INFO | Epoch 1 | Batch 13580/50000 | Loss: 0.0407 | Avg Loss: 0.3598 | LR: 9.81e-05
2025-11-18 00:29:24 | INFO | Epoch 1 | Batch 13590/50000 | Loss: 0.0483 | Avg Loss: 0.3596 | LR: 9.81e-05
2025-11-18 00:29:24 | INFO | Epoch 1 | Batch 13600/50000 | Loss: 0.0114 | Avg Loss: 0.3594 | LR: 9.81e-05
2025-11-18 00:29:24 | INFO | Epoch 1 | Batch 13610/50000 | Loss: 0.0041 | Avg Loss: 0.3591 | LR: 9.81e-05
2025-11-18 00:29:24 | INFO | Epoch 1 | Batch 13620/50000 | Loss: 0.1658 | Avg Loss: 0.3589 | LR: 9.81e-05
2025-11-18 00:29:24 | INFO | Epoch 1 | Batch 13630/50000 | Loss: 0.0037 | Avg Loss: 0.3587 | LR: 9.81e-05
2025-11-18 00:29:24 | INFO | Epoch 1 | Batch 13640/50000 | Loss: 0.0206 | Avg Loss: 0.3585 | LR: 9.81e-05
2025-11-18 00:29:24 | INFO | Epoch 1 | Batch 13650/50000 | Loss: 0.0028 | Avg Loss: 0.3582 | LR: 9.81e-05
2025-11-18 00:29:25 | INFO | Epoch 1 | Batch 13660/50000 | Loss: 0.0966 | Avg Loss: 0.3580 | LR: 9.81e-05
2025-11-18 00:29:25 | INFO | Epoch 1 | Batch 13670/50000 | Loss: 0.0129 | Avg Loss: 0.3578 | LR: 9.81e-05
2025-11-18 00:29:25 | INFO | Epoch 1 | Batch 13680/50000 | Loss: 0.0040 | Avg Loss: 0.3575 | LR: 9.81e-05
2025-11-18 00:29:25 | INFO | Epoch 1 | Batch 13690/50000 | Loss: 0.0147 | Avg Loss: 0.3573 | LR: 9.81e-05
2025-11-18 00:29:25 | INFO | Epoch 1 | Batch 13700/50000 | Loss: 0.0398 | Avg Loss: 0.3571 | LR: 9.81e-05
2025-11-18 00:29:25 | INFO | Epoch 1 | Batch 13710/50000 | Loss: 0.0494 | Avg Loss: 0.3568 | LR: 9.81e-05
2025-11-18 00:29:25 | INFO | Epoch 1 | Batch 13720/50000 | Loss: 0.0018 | Avg Loss: 0.3566 | LR: 9.81e-05
2025-11-18 00:29:25 | INFO | Epoch 1 | Batch 13730/50000 | Loss: 0.0357 | Avg Loss: 0.3564 | LR: 9.81e-05
2025-11-18 00:29:25 | INFO | Epoch 1 | Batch 13740/50000 | Loss: 0.0202 | Avg Loss: 0.3561 | LR: 9.81e-05
2025-11-18 00:29:25 | INFO | Epoch 1 | Batch 13750/50000 | Loss: 0.0424 | Avg Loss: 0.3559 | LR: 9.80e-05
2025-11-18 00:29:25 | INFO | Epoch 1 | Batch 13760/50000 | Loss: 0.0029 | Avg Loss: 0.3557 | LR: 9.80e-05
2025-11-18 00:29:25 | INFO | Epoch 1 | Batch 13770/50000 | Loss: 0.0013 | Avg Loss: 0.3554 | LR: 9.80e-05
2025-11-18 00:29:25 | INFO | Epoch 1 | Batch 13780/50000 | Loss: 0.0068 | Avg Loss: 0.3552 | LR: 9.80e-05
2025-11-18 00:29:25 | INFO | Epoch 1 | Batch 13790/50000 | Loss: 0.0115 | Avg Loss: 0.3549 | LR: 9.80e-05
2025-11-18 00:29:26 | INFO | Epoch 1 | Batch 13800/50000 | Loss: 0.0557 | Avg Loss: 0.3547 | LR: 9.80e-05
2025-11-18 00:29:26 | INFO | Epoch 1 | Batch 13810/50000 | Loss: 0.0722 | Avg Loss: 0.3545 | LR: 9.80e-05
2025-11-18 00:29:26 | INFO | Epoch 1 | Batch 13820/50000 | Loss: 0.0267 | Avg Loss: 0.3543 | LR: 9.80e-05
2025-11-18 00:29:26 | INFO | Epoch 1 | Batch 13830/50000 | Loss: 0.0279 | Avg Loss: 0.3541 | LR: 9.80e-05
2025-11-18 00:29:26 | INFO | Epoch 1 | Batch 13840/50000 | Loss: 0.0259 | Avg Loss: 0.3538 | LR: 9.80e-05
2025-11-18 00:29:26 | INFO | Epoch 1 | Batch 13850/50000 | Loss: 0.0198 | Avg Loss: 0.3536 | LR: 9.80e-05
2025-11-18 00:29:26 | INFO | Epoch 1 | Batch 13860/50000 | Loss: 0.0628 | Avg Loss: 0.3534 | LR: 9.80e-05
2025-11-18 00:29:26 | INFO | Epoch 1 | Batch 13870/50000 | Loss: 0.0271 | Avg Loss: 0.3531 | LR: 9.80e-05
2025-11-18 00:29:26 | INFO | Epoch 1 | Batch 13880/50000 | Loss: 0.0018 | Avg Loss: 0.3529 | LR: 9.80e-05
2025-11-18 00:29:26 | INFO | Epoch 1 | Batch 13890/50000 | Loss: 0.0161 | Avg Loss: 0.3527 | LR: 9.80e-05
2025-11-18 00:29:26 | INFO | Epoch 1 | Batch 13900/50000 | Loss: 0.0269 | Avg Loss: 0.3524 | LR: 9.80e-05
2025-11-18 00:29:26 | INFO | Epoch 1 | Batch 13910/50000 | Loss: 0.0053 | Avg Loss: 0.3522 | LR: 9.80e-05
2025-11-18 00:29:26 | INFO | Epoch 1 | Batch 13920/50000 | Loss: 0.0270 | Avg Loss: 0.3520 | LR: 9.80e-05
2025-11-18 00:29:27 | INFO | Epoch 1 | Batch 13930/50000 | Loss: 0.0323 | Avg Loss: 0.3518 | LR: 9.80e-05
2025-11-18 00:29:27 | INFO | Epoch 1 | Batch 13940/50000 | Loss: 0.0037 | Avg Loss: 0.3515 | LR: 9.80e-05
2025-11-18 00:29:27 | INFO | Epoch 1 | Batch 13950/50000 | Loss: 0.0233 | Avg Loss: 0.3513 | LR: 9.80e-05
2025-11-18 00:29:27 | INFO | Epoch 1 | Batch 13960/50000 | Loss: 0.0246 | Avg Loss: 0.3511 | LR: 9.80e-05
2025-11-18 00:29:27 | INFO | Epoch 1 | Batch 13970/50000 | Loss: 0.0689 | Avg Loss: 0.3508 | LR: 9.80e-05
2025-11-18 00:29:27 | INFO | Epoch 1 | Batch 13980/50000 | Loss: 0.0557 | Avg Loss: 0.3506 | LR: 9.80e-05
2025-11-18 00:29:27 | INFO | Epoch 1 | Batch 13990/50000 | Loss: 0.0029 | Avg Loss: 0.3504 | LR: 9.80e-05
2025-11-18 00:29:27 | INFO | Epoch 1 | Batch 14000/50000 | Loss: 0.0379 | Avg Loss: 0.3502 | LR: 9.80e-05
2025-11-18 00:29:27 | INFO | Epoch 1 | Batch 14010/50000 | Loss: 0.0166 | Avg Loss: 0.3499 | LR: 9.80e-05
2025-11-18 00:29:27 | INFO | Epoch 1 | Batch 14020/50000 | Loss: 0.0492 | Avg Loss: 0.3497 | LR: 9.80e-05
2025-11-18 00:29:27 | INFO | Epoch 1 | Batch 14030/50000 | Loss: 0.0171 | Avg Loss: 0.3495 | LR: 9.80e-05
2025-11-18 00:29:27 | INFO | Epoch 1 | Batch 14040/50000 | Loss: 0.1741 | Avg Loss: 0.3493 | LR: 9.80e-05
2025-11-18 00:29:27 | INFO | Epoch 1 | Batch 14050/50000 | Loss: 0.1061 | Avg Loss: 0.3491 | LR: 9.80e-05
2025-11-18 00:29:27 | INFO | Epoch 1 | Batch 14060/50000 | Loss: 0.0240 | Avg Loss: 0.3489 | LR: 9.80e-05
2025-11-18 00:29:28 | INFO | Epoch 1 | Batch 14070/50000 | Loss: 0.0142 | Avg Loss: 0.3486 | LR: 9.80e-05
2025-11-18 00:29:28 | INFO | Epoch 1 | Batch 14080/50000 | Loss: 0.0406 | Avg Loss: 0.3484 | LR: 9.80e-05
2025-11-18 00:29:28 | INFO | Epoch 1 | Batch 14090/50000 | Loss: 0.0211 | Avg Loss: 0.3482 | LR: 9.79e-05
2025-11-18 00:29:28 | INFO | Epoch 1 | Batch 14100/50000 | Loss: 0.0030 | Avg Loss: 0.3480 | LR: 9.79e-05
2025-11-18 00:29:28 | INFO | Epoch 1 | Batch 14110/50000 | Loss: 0.0040 | Avg Loss: 0.3477 | LR: 9.79e-05
2025-11-18 00:29:28 | INFO | Epoch 1 | Batch 14120/50000 | Loss: 0.0268 | Avg Loss: 0.3475 | LR: 9.79e-05
2025-11-18 00:29:28 | INFO | Epoch 1 | Batch 14130/50000 | Loss: 0.0084 | Avg Loss: 0.3473 | LR: 9.79e-05
2025-11-18 00:29:28 | INFO | Epoch 1 | Batch 14140/50000 | Loss: 0.0146 | Avg Loss: 0.3471 | LR: 9.79e-05
2025-11-18 00:29:28 | INFO | Epoch 1 | Batch 14150/50000 | Loss: 0.0218 | Avg Loss: 0.3468 | LR: 9.79e-05
2025-11-18 00:29:28 | INFO | Epoch 1 | Batch 14160/50000 | Loss: 0.0627 | Avg Loss: 0.3466 | LR: 9.79e-05
2025-11-18 00:29:28 | INFO | Epoch 1 | Batch 14170/50000 | Loss: 0.0225 | Avg Loss: 0.3464 | LR: 9.79e-05
2025-11-18 00:29:28 | INFO | Epoch 1 | Batch 14180/50000 | Loss: 0.0127 | Avg Loss: 0.3461 | LR: 9.79e-05
2025-11-18 00:29:28 | INFO | Epoch 1 | Batch 14190/50000 | Loss: 0.0034 | Avg Loss: 0.3459 | LR: 9.79e-05
2025-11-18 00:29:28 | INFO | Epoch 1 | Batch 14200/50000 | Loss: 0.0028 | Avg Loss: 0.3457 | LR: 9.79e-05
2025-11-18 00:29:29 | INFO | Epoch 1 | Batch 14210/50000 | Loss: 0.0781 | Avg Loss: 0.3455 | LR: 9.79e-05
2025-11-18 00:29:29 | INFO | Epoch 1 | Batch 14220/50000 | Loss: 0.0418 | Avg Loss: 0.3453 | LR: 9.79e-05
2025-11-18 00:29:29 | INFO | Epoch 1 | Batch 14230/50000 | Loss: 0.0066 | Avg Loss: 0.3450 | LR: 9.79e-05
2025-11-18 00:29:29 | INFO | Epoch 1 | Batch 14240/50000 | Loss: 0.0257 | Avg Loss: 0.3448 | LR: 9.79e-05
2025-11-18 00:29:29 | INFO | Epoch 1 | Batch 14250/50000 | Loss: 0.0440 | Avg Loss: 0.3446 | LR: 9.79e-05
2025-11-18 00:29:29 | INFO | Epoch 1 | Batch 14260/50000 | Loss: 0.0153 | Avg Loss: 0.3444 | LR: 9.79e-05
2025-11-18 00:29:29 | INFO | Epoch 1 | Batch 14270/50000 | Loss: 0.0520 | Avg Loss: 0.3442 | LR: 9.79e-05
2025-11-18 00:29:29 | INFO | Epoch 1 | Batch 14280/50000 | Loss: 0.0179 | Avg Loss: 0.3440 | LR: 9.79e-05
2025-11-18 00:29:29 | INFO | Epoch 1 | Batch 14290/50000 | Loss: 0.0018 | Avg Loss: 0.3437 | LR: 9.79e-05
2025-11-18 00:29:29 | INFO | Epoch 1 | Batch 14300/50000 | Loss: 0.0059 | Avg Loss: 0.3435 | LR: 9.79e-05
2025-11-18 00:29:29 | INFO | Epoch 1 | Batch 14310/50000 | Loss: 0.0286 | Avg Loss: 0.3433 | LR: 9.79e-05
2025-11-18 00:29:29 | INFO | Epoch 1 | Batch 14320/50000 | Loss: 0.0224 | Avg Loss: 0.3431 | LR: 9.79e-05
2025-11-18 00:29:29 | INFO | Epoch 1 | Batch 14330/50000 | Loss: 0.0864 | Avg Loss: 0.3429 | LR: 9.79e-05
2025-11-18 00:29:30 | INFO | Epoch 1 | Batch 14340/50000 | Loss: 0.0112 | Avg Loss: 0.3427 | LR: 9.79e-05
2025-11-18 00:29:30 | INFO | Epoch 1 | Batch 14350/50000 | Loss: 0.0089 | Avg Loss: 0.3424 | LR: 9.79e-05
2025-11-18 00:29:30 | INFO | Epoch 1 | Batch 14360/50000 | Loss: 0.0171 | Avg Loss: 0.3422 | LR: 9.79e-05
2025-11-18 00:29:30 | INFO | Epoch 1 | Batch 14370/50000 | Loss: 0.0191 | Avg Loss: 0.3420 | LR: 9.79e-05
2025-11-18 00:29:30 | INFO | Epoch 1 | Batch 14380/50000 | Loss: 0.0065 | Avg Loss: 0.3418 | LR: 9.79e-05
2025-11-18 00:29:30 | INFO | Epoch 1 | Batch 14390/50000 | Loss: 0.0135 | Avg Loss: 0.3416 | LR: 9.79e-05
2025-11-18 00:29:30 | INFO | Epoch 1 | Batch 14400/50000 | Loss: 0.0048 | Avg Loss: 0.3413 | LR: 9.79e-05
2025-11-18 00:29:30 | INFO | Epoch 1 | Batch 14410/50000 | Loss: 0.0924 | Avg Loss: 0.3411 | LR: 9.79e-05
2025-11-18 00:29:30 | INFO | Epoch 1 | Batch 14420/50000 | Loss: 0.0530 | Avg Loss: 0.3409 | LR: 9.78e-05
2025-11-18 00:29:30 | INFO | Epoch 1 | Batch 14430/50000 | Loss: 0.0015 | Avg Loss: 0.3407 | LR: 9.78e-05
2025-11-18 00:29:30 | INFO | Epoch 1 | Batch 14440/50000 | Loss: 0.0020 | Avg Loss: 0.3405 | LR: 9.78e-05
2025-11-18 00:29:30 | INFO | Epoch 1 | Batch 14450/50000 | Loss: 0.0022 | Avg Loss: 0.3402 | LR: 9.78e-05
2025-11-18 00:29:30 | INFO | Epoch 1 | Batch 14460/50000 | Loss: 0.0240 | Avg Loss: 0.3400 | LR: 9.78e-05
2025-11-18 00:29:30 | INFO | Epoch 1 | Batch 14470/50000 | Loss: 0.0283 | Avg Loss: 0.3398 | LR: 9.78e-05
2025-11-18 00:29:31 | INFO | Epoch 1 | Batch 14480/50000 | Loss: 0.0460 | Avg Loss: 0.3396 | LR: 9.78e-05
2025-11-18 00:29:31 | INFO | Epoch 1 | Batch 14490/50000 | Loss: 0.0092 | Avg Loss: 0.3394 | LR: 9.78e-05
2025-11-18 00:29:31 | INFO | Epoch 1 | Batch 14500/50000 | Loss: 0.0325 | Avg Loss: 0.3392 | LR: 9.78e-05
2025-11-18 00:29:31 | INFO | Epoch 1 | Batch 14510/50000 | Loss: 0.0032 | Avg Loss: 0.3390 | LR: 9.78e-05
2025-11-18 00:29:31 | INFO | Epoch 1 | Batch 14520/50000 | Loss: 0.0027 | Avg Loss: 0.3388 | LR: 9.78e-05
2025-11-18 00:29:31 | INFO | Epoch 1 | Batch 14530/50000 | Loss: 0.0010 | Avg Loss: 0.3385 | LR: 9.78e-05
2025-11-18 00:29:31 | INFO | Epoch 1 | Batch 14540/50000 | Loss: 0.0020 | Avg Loss: 0.3383 | LR: 9.78e-05
2025-11-18 00:29:31 | INFO | Epoch 1 | Batch 14550/50000 | Loss: 0.0270 | Avg Loss: 0.3381 | LR: 9.78e-05
2025-11-18 00:29:31 | INFO | Epoch 1 | Batch 14560/50000 | Loss: 0.0404 | Avg Loss: 0.3379 | LR: 9.78e-05
2025-11-18 00:29:31 | INFO | Epoch 1 | Batch 14570/50000 | Loss: 0.0463 | Avg Loss: 0.3377 | LR: 9.78e-05
2025-11-18 00:29:31 | INFO | Epoch 1 | Batch 14580/50000 | Loss: 0.0015 | Avg Loss: 0.3375 | LR: 9.78e-05
2025-11-18 00:29:31 | INFO | Epoch 1 | Batch 14590/50000 | Loss: 0.0428 | Avg Loss: 0.3373 | LR: 9.78e-05
2025-11-18 00:29:31 | INFO | Epoch 1 | Batch 14600/50000 | Loss: 0.0350 | Avg Loss: 0.3371 | LR: 9.78e-05
2025-11-18 00:29:31 | INFO | Epoch 1 | Batch 14610/50000 | Loss: 0.0412 | Avg Loss: 0.3369 | LR: 9.78e-05
2025-11-18 00:29:32 | INFO | Epoch 1 | Batch 14620/50000 | Loss: 0.0232 | Avg Loss: 0.3366 | LR: 9.78e-05
2025-11-18 00:29:32 | INFO | Epoch 1 | Batch 14630/50000 | Loss: 0.0236 | Avg Loss: 0.3364 | LR: 9.78e-05
2025-11-18 00:29:32 | INFO | Epoch 1 | Batch 14640/50000 | Loss: 0.0017 | Avg Loss: 0.3362 | LR: 9.78e-05
2025-11-18 00:29:32 | INFO | Epoch 1 | Batch 14650/50000 | Loss: 0.0294 | Avg Loss: 0.3360 | LR: 9.78e-05
2025-11-18 00:29:32 | INFO | Epoch 1 | Batch 14660/50000 | Loss: 0.0011 | Avg Loss: 0.3358 | LR: 9.78e-05
2025-11-18 00:29:32 | INFO | Epoch 1 | Batch 14670/50000 | Loss: 0.0010 | Avg Loss: 0.3356 | LR: 9.78e-05
2025-11-18 00:29:32 | INFO | Epoch 1 | Batch 14680/50000 | Loss: 0.0362 | Avg Loss: 0.3354 | LR: 9.78e-05
2025-11-18 00:29:32 | INFO | Epoch 1 | Batch 14690/50000 | Loss: 0.0029 | Avg Loss: 0.3351 | LR: 9.78e-05
2025-11-18 00:29:32 | INFO | Epoch 1 | Batch 14700/50000 | Loss: 0.0128 | Avg Loss: 0.3349 | LR: 9.78e-05
2025-11-18 00:29:32 | INFO | Epoch 1 | Batch 14710/50000 | Loss: 0.0012 | Avg Loss: 0.3347 | LR: 9.78e-05
2025-11-18 00:29:32 | INFO | Epoch 1 | Batch 14720/50000 | Loss: 0.0204 | Avg Loss: 0.3345 | LR: 9.78e-05
2025-11-18 00:29:32 | INFO | Epoch 1 | Batch 14730/50000 | Loss: 0.0014 | Avg Loss: 0.3343 | LR: 9.78e-05
2025-11-18 00:29:32 | INFO | Epoch 1 | Batch 14740/50000 | Loss: 0.0020 | Avg Loss: 0.3341 | LR: 9.77e-05
2025-11-18 00:29:33 | INFO | Epoch 1 | Batch 14750/50000 | Loss: 0.0370 | Avg Loss: 0.3339 | LR: 9.77e-05
2025-11-18 00:29:33 | INFO | Epoch 1 | Batch 14760/50000 | Loss: 0.0148 | Avg Loss: 0.3337 | LR: 9.77e-05
2025-11-18 00:29:33 | INFO | Epoch 1 | Batch 14770/50000 | Loss: 0.0021 | Avg Loss: 0.3334 | LR: 9.77e-05
2025-11-18 00:29:33 | INFO | Epoch 1 | Batch 14780/50000 | Loss: 0.0981 | Avg Loss: 0.3333 | LR: 9.77e-05
2025-11-18 00:29:33 | INFO | Epoch 1 | Batch 14790/50000 | Loss: 0.0753 | Avg Loss: 0.3331 | LR: 9.77e-05
2025-11-18 00:29:33 | INFO | Epoch 1 | Batch 14800/50000 | Loss: 0.0166 | Avg Loss: 0.3329 | LR: 9.77e-05
2025-11-18 00:29:33 | INFO | Epoch 1 | Batch 14810/50000 | Loss: 0.0093 | Avg Loss: 0.3327 | LR: 9.77e-05
2025-11-18 00:29:33 | INFO | Epoch 1 | Batch 14820/50000 | Loss: 0.1000 | Avg Loss: 0.3325 | LR: 9.77e-05
2025-11-18 00:29:33 | INFO | Epoch 1 | Batch 14830/50000 | Loss: 0.0450 | Avg Loss: 0.3323 | LR: 9.77e-05
2025-11-18 00:29:33 | INFO | Epoch 1 | Batch 14840/50000 | Loss: 0.0157 | Avg Loss: 0.3321 | LR: 9.77e-05
2025-11-18 00:29:33 | INFO | Epoch 1 | Batch 14850/50000 | Loss: 0.0684 | Avg Loss: 0.3319 | LR: 9.77e-05
2025-11-18 00:29:33 | INFO | Epoch 1 | Batch 14860/50000 | Loss: 0.0296 | Avg Loss: 0.3317 | LR: 9.77e-05
2025-11-18 00:29:33 | INFO | Epoch 1 | Batch 14870/50000 | Loss: 0.0502 | Avg Loss: 0.3315 | LR: 9.77e-05
2025-11-18 00:29:33 | INFO | Epoch 1 | Batch 14880/50000 | Loss: 0.0448 | Avg Loss: 0.3313 | LR: 9.77e-05
2025-11-18 00:29:34 | INFO | Epoch 1 | Batch 14890/50000 | Loss: 0.0015 | Avg Loss: 0.3311 | LR: 9.77e-05
2025-11-18 00:29:34 | INFO | Epoch 1 | Batch 14900/50000 | Loss: 0.0309 | Avg Loss: 0.3309 | LR: 9.77e-05
2025-11-18 00:29:34 | INFO | Epoch 1 | Batch 14910/50000 | Loss: 0.0137 | Avg Loss: 0.3307 | LR: 9.77e-05
2025-11-18 00:29:34 | INFO | Epoch 1 | Batch 14920/50000 | Loss: 0.0195 | Avg Loss: 0.3305 | LR: 9.77e-05
2025-11-18 00:29:34 | INFO | Epoch 1 | Batch 14930/50000 | Loss: 0.0016 | Avg Loss: 0.3303 | LR: 9.77e-05
2025-11-18 00:29:34 | INFO | Epoch 1 | Batch 14940/50000 | Loss: 0.0965 | Avg Loss: 0.3301 | LR: 9.77e-05
2025-11-18 00:29:34 | INFO | Epoch 1 | Batch 14950/50000 | Loss: 0.0319 | Avg Loss: 0.3299 | LR: 9.77e-05
2025-11-18 00:29:34 | INFO | Epoch 1 | Batch 14960/50000 | Loss: 0.0442 | Avg Loss: 0.3297 | LR: 9.77e-05
2025-11-18 00:29:34 | INFO | Epoch 1 | Batch 14970/50000 | Loss: 0.0013 | Avg Loss: 0.3295 | LR: 9.77e-05
2025-11-18 00:29:34 | INFO | Epoch 1 | Batch 14980/50000 | Loss: 0.0190 | Avg Loss: 0.3293 | LR: 9.77e-05
2025-11-18 00:29:34 | INFO | Epoch 1 | Batch 14990/50000 | Loss: 0.0045 | Avg Loss: 0.3291 | LR: 9.77e-05
2025-11-18 00:29:34 | INFO | Epoch 1 | Batch 15000/50000 | Loss: 0.0662 | Avg Loss: 0.3289 | LR: 9.77e-05
2025-11-18 00:29:34 | INFO | Epoch 1 | Batch 15010/50000 | Loss: 0.0691 | Avg Loss: 0.3287 | LR: 9.77e-05
2025-11-18 00:29:34 | INFO | Epoch 1 | Batch 15020/50000 | Loss: 0.0043 | Avg Loss: 0.3285 | LR: 9.77e-05
2025-11-18 00:29:35 | INFO | Epoch 1 | Batch 15030/50000 | Loss: 0.0300 | Avg Loss: 0.3283 | LR: 9.77e-05
2025-11-18 00:29:35 | INFO | Epoch 1 | Batch 15040/50000 | Loss: 0.0112 | Avg Loss: 0.3281 | LR: 9.77e-05
2025-11-18 00:29:35 | INFO | Epoch 1 | Batch 15050/50000 | Loss: 0.0049 | Avg Loss: 0.3279 | LR: 9.77e-05
2025-11-18 00:29:35 | INFO | Epoch 1 | Batch 15060/50000 | Loss: 0.0066 | Avg Loss: 0.3277 | LR: 9.76e-05
2025-11-18 00:29:35 | INFO | Epoch 1 | Batch 15070/50000 | Loss: 0.0018 | Avg Loss: 0.3275 | LR: 9.76e-05
2025-11-18 00:29:35 | INFO | Epoch 1 | Batch 15080/50000 | Loss: 0.0271 | Avg Loss: 0.3273 | LR: 9.76e-05
2025-11-18 00:29:35 | INFO | Epoch 1 | Batch 15090/50000 | Loss: 0.1142 | Avg Loss: 0.3271 | LR: 9.76e-05
2025-11-18 00:29:35 | INFO | Epoch 1 | Batch 15100/50000 | Loss: 0.0021 | Avg Loss: 0.3269 | LR: 9.76e-05
2025-11-18 00:29:35 | INFO | Epoch 1 | Batch 15110/50000 | Loss: 0.0173 | Avg Loss: 0.3267 | LR: 9.76e-05
2025-11-18 00:29:35 | INFO | Epoch 1 | Batch 15120/50000 | Loss: 0.0438 | Avg Loss: 0.3265 | LR: 9.76e-05
2025-11-18 00:29:35 | INFO | Epoch 1 | Batch 15130/50000 | Loss: 0.0083 | Avg Loss: 0.3263 | LR: 9.76e-05
2025-11-18 00:29:35 | INFO | Epoch 1 | Batch 15140/50000 | Loss: 0.0549 | Avg Loss: 0.3261 | LR: 9.76e-05
2025-11-18 00:29:35 | INFO | Epoch 1 | Batch 15150/50000 | Loss: 0.0010 | Avg Loss: 0.3259 | LR: 9.76e-05
2025-11-18 00:29:35 | INFO | Epoch 1 | Batch 15160/50000 | Loss: 0.0543 | Avg Loss: 0.3257 | LR: 9.76e-05
2025-11-18 00:29:36 | INFO | Epoch 1 | Batch 15170/50000 | Loss: 0.0318 | Avg Loss: 0.3255 | LR: 9.76e-05
2025-11-18 00:29:36 | INFO | Epoch 1 | Batch 15180/50000 | Loss: 0.0290 | Avg Loss: 0.3253 | LR: 9.76e-05
2025-11-18 00:29:36 | INFO | Epoch 1 | Batch 15190/50000 | Loss: 0.0011 | Avg Loss: 0.3251 | LR: 9.76e-05
2025-11-18 00:29:36 | INFO | Epoch 1 | Batch 15200/50000 | Loss: 0.0349 | Avg Loss: 0.3250 | LR: 9.76e-05
2025-11-18 00:29:36 | INFO | Epoch 1 | Batch 15210/50000 | Loss: 0.0337 | Avg Loss: 0.3248 | LR: 9.76e-05
2025-11-18 00:29:36 | INFO | Epoch 1 | Batch 15220/50000 | Loss: 0.0113 | Avg Loss: 0.3246 | LR: 9.76e-05
2025-11-18 00:29:36 | INFO | Epoch 1 | Batch 15230/50000 | Loss: 0.0210 | Avg Loss: 0.3244 | LR: 9.76e-05
2025-11-18 00:29:36 | INFO | Epoch 1 | Batch 15240/50000 | Loss: 0.0024 | Avg Loss: 0.3242 | LR: 9.76e-05
2025-11-18 00:29:36 | INFO | Epoch 1 | Batch 15250/50000 | Loss: 0.0182 | Avg Loss: 0.3240 | LR: 9.76e-05
2025-11-18 00:29:36 | INFO | Epoch 1 | Batch 15260/50000 | Loss: 0.0192 | Avg Loss: 0.3238 | LR: 9.76e-05
2025-11-18 00:29:36 | INFO | Epoch 1 | Batch 15270/50000 | Loss: 0.0896 | Avg Loss: 0.3236 | LR: 9.76e-05
2025-11-18 00:29:36 | INFO | Epoch 1 | Batch 15280/50000 | Loss: 0.0517 | Avg Loss: 0.3234 | LR: 9.76e-05
2025-11-18 00:29:36 | INFO | Epoch 1 | Batch 15290/50000 | Loss: 0.0439 | Avg Loss: 0.3232 | LR: 9.76e-05
2025-11-18 00:29:36 | INFO | Epoch 1 | Batch 15300/50000 | Loss: 0.0020 | Avg Loss: 0.3230 | LR: 9.76e-05
2025-11-18 00:29:37 | INFO | Epoch 1 | Batch 15310/50000 | Loss: 0.0459 | Avg Loss: 0.3228 | LR: 9.76e-05
2025-11-18 00:29:37 | INFO | Epoch 1 | Batch 15320/50000 | Loss: 0.0405 | Avg Loss: 0.3226 | LR: 9.76e-05
2025-11-18 00:29:37 | INFO | Epoch 1 | Batch 15330/50000 | Loss: 0.1213 | Avg Loss: 0.3224 | LR: 9.76e-05
2025-11-18 00:29:37 | INFO | Epoch 1 | Batch 15340/50000 | Loss: 0.0479 | Avg Loss: 0.3222 | LR: 9.76e-05
2025-11-18 00:29:37 | INFO | Epoch 1 | Batch 15350/50000 | Loss: 0.0302 | Avg Loss: 0.3220 | LR: 9.76e-05
2025-11-18 00:29:37 | INFO | Epoch 1 | Batch 15360/50000 | Loss: 0.0029 | Avg Loss: 0.3218 | LR: 9.76e-05
2025-11-18 00:29:37 | INFO | Epoch 1 | Batch 15370/50000 | Loss: 0.1007 | Avg Loss: 0.3217 | LR: 9.76e-05
2025-11-18 00:29:37 | INFO | Epoch 1 | Batch 15380/50000 | Loss: 0.0018 | Avg Loss: 0.3215 | LR: 9.75e-05
2025-11-18 00:29:37 | INFO | Epoch 1 | Batch 15390/50000 | Loss: 0.0011 | Avg Loss: 0.3213 | LR: 9.75e-05
2025-11-18 00:29:37 | INFO | Epoch 1 | Batch 15400/50000 | Loss: 0.0112 | Avg Loss: 0.3211 | LR: 9.75e-05
2025-11-18 00:29:37 | INFO | Epoch 1 | Batch 15410/50000 | Loss: 0.0106 | Avg Loss: 0.3209 | LR: 9.75e-05
2025-11-18 00:29:37 | INFO | Epoch 1 | Batch 15420/50000 | Loss: 0.0022 | Avg Loss: 0.3207 | LR: 9.75e-05
2025-11-18 00:29:37 | INFO | Epoch 1 | Batch 15430/50000 | Loss: 0.0014 | Avg Loss: 0.3205 | LR: 9.75e-05
2025-11-18 00:29:37 | INFO | Epoch 1 | Batch 15440/50000 | Loss: 0.0223 | Avg Loss: 0.3203 | LR: 9.75e-05
2025-11-18 00:29:38 | INFO | Epoch 1 | Batch 15450/50000 | Loss: 0.0121 | Avg Loss: 0.3202 | LR: 9.75e-05
2025-11-18 00:29:38 | INFO | Epoch 1 | Batch 15460/50000 | Loss: 0.0017 | Avg Loss: 0.3200 | LR: 9.75e-05
2025-11-18 00:29:38 | INFO | Epoch 1 | Batch 15470/50000 | Loss: 0.0291 | Avg Loss: 0.3198 | LR: 9.75e-05
2025-11-18 00:29:38 | INFO | Epoch 1 | Batch 15480/50000 | Loss: 0.0012 | Avg Loss: 0.3196 | LR: 9.75e-05
2025-11-18 00:29:38 | INFO | Epoch 1 | Batch 15490/50000 | Loss: 0.0919 | Avg Loss: 0.3194 | LR: 9.75e-05
2025-11-18 00:29:38 | INFO | Epoch 1 | Batch 15500/50000 | Loss: 0.0416 | Avg Loss: 0.3192 | LR: 9.75e-05
2025-11-18 00:29:38 | INFO | Epoch 1 | Batch 15510/50000 | Loss: 0.0011 | Avg Loss: 0.3190 | LR: 9.75e-05
2025-11-18 00:29:38 | INFO | Epoch 1 | Batch 15520/50000 | Loss: 0.0507 | Avg Loss: 0.3188 | LR: 9.75e-05
2025-11-18 00:29:38 | INFO | Epoch 1 | Batch 15530/50000 | Loss: 0.2600 | Avg Loss: 0.3187 | LR: 9.75e-05
2025-11-18 00:29:38 | INFO | Epoch 1 | Batch 15540/50000 | Loss: 0.0035 | Avg Loss: 0.3185 | LR: 9.75e-05
2025-11-18 00:29:38 | INFO | Epoch 1 | Batch 15550/50000 | Loss: 0.0110 | Avg Loss: 0.3183 | LR: 9.75e-05
2025-11-18 00:29:38 | INFO | Epoch 1 | Batch 15560/50000 | Loss: 0.0235 | Avg Loss: 0.3182 | LR: 9.75e-05
2025-11-18 00:29:38 | INFO | Epoch 1 | Batch 15570/50000 | Loss: 0.0124 | Avg Loss: 0.3180 | LR: 9.75e-05
2025-11-18 00:29:39 | INFO | Epoch 1 | Batch 15580/50000 | Loss: 0.0022 | Avg Loss: 0.3178 | LR: 9.75e-05
2025-11-18 00:29:39 | INFO | Epoch 1 | Batch 15590/50000 | Loss: 0.0712 | Avg Loss: 0.3176 | LR: 9.75e-05
2025-11-18 00:29:39 | INFO | Epoch 1 | Batch 15600/50000 | Loss: 0.0570 | Avg Loss: 0.3175 | LR: 9.75e-05
2025-11-18 00:29:39 | INFO | Epoch 1 | Batch 15610/50000 | Loss: 0.0047 | Avg Loss: 0.3173 | LR: 9.75e-05
2025-11-18 00:29:39 | INFO | Epoch 1 | Batch 15620/50000 | Loss: 0.0017 | Avg Loss: 0.3171 | LR: 9.75e-05
2025-11-18 00:29:39 | INFO | Epoch 1 | Batch 15630/50000 | Loss: 0.0207 | Avg Loss: 0.3169 | LR: 9.75e-05
2025-11-18 00:29:39 | INFO | Epoch 1 | Batch 15640/50000 | Loss: 0.0340 | Avg Loss: 0.3167 | LR: 9.75e-05
2025-11-18 00:29:39 | INFO | Epoch 1 | Batch 15650/50000 | Loss: 0.0155 | Avg Loss: 0.3165 | LR: 9.75e-05
2025-11-18 00:29:39 | INFO | Epoch 1 | Batch 15660/50000 | Loss: 0.0012 | Avg Loss: 0.3163 | LR: 9.75e-05
2025-11-18 00:29:39 | INFO | Epoch 1 | Batch 15670/50000 | Loss: 0.0409 | Avg Loss: 0.3162 | LR: 9.75e-05
2025-11-18 00:29:39 | INFO | Epoch 1 | Batch 15680/50000 | Loss: 0.0008 | Avg Loss: 0.3160 | LR: 9.74e-05
2025-11-18 00:29:39 | INFO | Epoch 1 | Batch 15690/50000 | Loss: 0.0243 | Avg Loss: 0.3158 | LR: 9.74e-05
2025-11-18 00:29:39 | INFO | Epoch 1 | Batch 15700/50000 | Loss: 0.2291 | Avg Loss: 0.3156 | LR: 9.74e-05
2025-11-18 00:29:39 | INFO | Epoch 1 | Batch 15710/50000 | Loss: 0.0011 | Avg Loss: 0.3154 | LR: 9.74e-05
2025-11-18 00:29:40 | INFO | Epoch 1 | Batch 15720/50000 | Loss: 0.0773 | Avg Loss: 0.3153 | LR: 9.74e-05
2025-11-18 00:29:40 | INFO | Epoch 1 | Batch 15730/50000 | Loss: 0.0048 | Avg Loss: 0.3151 | LR: 9.74e-05
2025-11-18 00:29:40 | INFO | Epoch 1 | Batch 15740/50000 | Loss: 0.0248 | Avg Loss: 0.3149 | LR: 9.74e-05
2025-11-18 00:29:40 | INFO | Epoch 1 | Batch 15750/50000 | Loss: 0.2296 | Avg Loss: 0.3147 | LR: 9.74e-05
2025-11-18 00:29:40 | INFO | Epoch 1 | Batch 15760/50000 | Loss: 0.0023 | Avg Loss: 0.3146 | LR: 9.74e-05
2025-11-18 00:29:40 | INFO | Epoch 1 | Batch 15770/50000 | Loss: 0.0767 | Avg Loss: 0.3144 | LR: 9.74e-05
2025-11-18 00:29:40 | INFO | Epoch 1 | Batch 15780/50000 | Loss: 0.0038 | Avg Loss: 0.3142 | LR: 9.74e-05
2025-11-18 00:29:40 | INFO | Epoch 1 | Batch 15790/50000 | Loss: 0.0347 | Avg Loss: 0.3140 | LR: 9.74e-05
2025-11-18 00:29:40 | INFO | Epoch 1 | Batch 15800/50000 | Loss: 0.0129 | Avg Loss: 0.3138 | LR: 9.74e-05
2025-11-18 00:29:40 | INFO | Epoch 1 | Batch 15810/50000 | Loss: 0.0011 | Avg Loss: 0.3136 | LR: 9.74e-05
2025-11-18 00:29:40 | INFO | Epoch 1 | Batch 15820/50000 | Loss: 0.0023 | Avg Loss: 0.3135 | LR: 9.74e-05
2025-11-18 00:29:40 | INFO | Epoch 1 | Batch 15830/50000 | Loss: 0.0124 | Avg Loss: 0.3133 | LR: 9.74e-05
2025-11-18 00:29:40 | INFO | Epoch 1 | Batch 15840/50000 | Loss: 0.0014 | Avg Loss: 0.3131 | LR: 9.74e-05
2025-11-18 00:29:40 | INFO | Epoch 1 | Batch 15850/50000 | Loss: 0.0214 | Avg Loss: 0.3129 | LR: 9.74e-05
2025-11-18 00:29:41 | INFO | Epoch 1 | Batch 15860/50000 | Loss: 0.0279 | Avg Loss: 0.3127 | LR: 9.74e-05
2025-11-18 00:29:41 | INFO | Epoch 1 | Batch 15870/50000 | Loss: 0.0008 | Avg Loss: 0.3126 | LR: 9.74e-05
2025-11-18 00:29:41 | INFO | Epoch 1 | Batch 15880/50000 | Loss: 0.0070 | Avg Loss: 0.3124 | LR: 9.74e-05
2025-11-18 00:29:41 | INFO | Epoch 1 | Batch 15890/50000 | Loss: 0.0026 | Avg Loss: 0.3122 | LR: 9.74e-05
2025-11-18 00:29:41 | INFO | Epoch 1 | Batch 15900/50000 | Loss: 0.0098 | Avg Loss: 0.3121 | LR: 9.74e-05
2025-11-18 00:29:41 | INFO | Epoch 1 | Batch 15910/50000 | Loss: 0.0019 | Avg Loss: 0.3119 | LR: 9.74e-05
2025-11-18 00:29:41 | INFO | Epoch 1 | Batch 15920/50000 | Loss: 0.0086 | Avg Loss: 0.3117 | LR: 9.74e-05
2025-11-18 00:29:41 | INFO | Epoch 1 | Batch 15930/50000 | Loss: 0.0029 | Avg Loss: 0.3115 | LR: 9.74e-05
2025-11-18 00:29:41 | INFO | Epoch 1 | Batch 15940/50000 | Loss: 0.0194 | Avg Loss: 0.3113 | LR: 9.74e-05
2025-11-18 00:29:41 | INFO | Epoch 1 | Batch 15950/50000 | Loss: 0.0025 | Avg Loss: 0.3112 | LR: 9.74e-05
2025-11-18 00:29:41 | INFO | Epoch 1 | Batch 15960/50000 | Loss: 0.0754 | Avg Loss: 0.3110 | LR: 9.74e-05
2025-11-18 00:29:41 | INFO | Epoch 1 | Batch 15970/50000 | Loss: 0.0104 | Avg Loss: 0.3108 | LR: 9.74e-05
2025-11-18 00:29:41 | INFO | Epoch 1 | Batch 15980/50000 | Loss: 0.0012 | Avg Loss: 0.3106 | LR: 9.73e-05
2025-11-18 00:29:41 | INFO | Epoch 1 | Batch 15990/50000 | Loss: 0.0031 | Avg Loss: 0.3105 | LR: 9.73e-05
2025-11-18 00:29:42 | INFO | Epoch 1 | Batch 16000/50000 | Loss: 0.0014 | Avg Loss: 0.3103 | LR: 9.73e-05
2025-11-18 00:29:42 | INFO | Epoch 1 | Batch 16010/50000 | Loss: 0.0292 | Avg Loss: 0.3101 | LR: 9.73e-05
2025-11-18 00:29:42 | INFO | Epoch 1 | Batch 16020/50000 | Loss: 0.0024 | Avg Loss: 0.3099 | LR: 9.73e-05
2025-11-18 00:29:42 | INFO | Epoch 1 | Batch 16030/50000 | Loss: 0.0052 | Avg Loss: 0.3097 | LR: 9.73e-05
2025-11-18 00:29:42 | INFO | Epoch 1 | Batch 16040/50000 | Loss: 0.0014 | Avg Loss: 0.3096 | LR: 9.73e-05
2025-11-18 00:29:42 | INFO | Epoch 1 | Batch 16050/50000 | Loss: 0.0967 | Avg Loss: 0.3094 | LR: 9.73e-05
2025-11-18 00:29:42 | INFO | Epoch 1 | Batch 16060/50000 | Loss: 0.0007 | Avg Loss: 0.3092 | LR: 9.73e-05
2025-11-18 00:29:42 | INFO | Epoch 1 | Batch 16070/50000 | Loss: 0.0018 | Avg Loss: 0.3091 | LR: 9.73e-05
2025-11-18 00:29:42 | INFO | Epoch 1 | Batch 16080/50000 | Loss: 0.0089 | Avg Loss: 0.3089 | LR: 9.73e-05
2025-11-18 00:29:42 | INFO | Epoch 1 | Batch 16090/50000 | Loss: 0.0022 | Avg Loss: 0.3087 | LR: 9.73e-05
2025-11-18 00:29:42 | INFO | Epoch 1 | Batch 16100/50000 | Loss: 0.1066 | Avg Loss: 0.3085 | LR: 9.73e-05
2025-11-18 00:29:42 | INFO | Epoch 1 | Batch 16110/50000 | Loss: 0.0014 | Avg Loss: 0.3084 | LR: 9.73e-05
2025-11-18 00:29:42 | INFO | Epoch 1 | Batch 16120/50000 | Loss: 0.0042 | Avg Loss: 0.3082 | LR: 9.73e-05
2025-11-18 00:29:42 | INFO | Epoch 1 | Batch 16130/50000 | Loss: 0.0300 | Avg Loss: 0.3080 | LR: 9.73e-05
2025-11-18 00:29:43 | INFO | Epoch 1 | Batch 16140/50000 | Loss: 0.0346 | Avg Loss: 0.3078 | LR: 9.73e-05
2025-11-18 00:29:43 | INFO | Epoch 1 | Batch 16150/50000 | Loss: 0.0305 | Avg Loss: 0.3077 | LR: 9.73e-05
2025-11-18 00:29:43 | INFO | Epoch 1 | Batch 16160/50000 | Loss: 0.0285 | Avg Loss: 0.3075 | LR: 9.73e-05
2025-11-18 00:29:43 | INFO | Epoch 1 | Batch 16170/50000 | Loss: 0.0020 | Avg Loss: 0.3073 | LR: 9.73e-05
2025-11-18 00:29:43 | INFO | Epoch 1 | Batch 16180/50000 | Loss: 0.0319 | Avg Loss: 0.3071 | LR: 9.73e-05
2025-11-18 00:29:43 | INFO | Epoch 1 | Batch 16190/50000 | Loss: 0.0026 | Avg Loss: 0.3070 | LR: 9.73e-05
2025-11-18 00:29:43 | INFO | Epoch 1 | Batch 16200/50000 | Loss: 0.0791 | Avg Loss: 0.3068 | LR: 9.73e-05
2025-11-18 00:29:43 | INFO | Epoch 1 | Batch 16210/50000 | Loss: 0.0503 | Avg Loss: 0.3066 | LR: 9.73e-05
2025-11-18 00:29:43 | INFO | Epoch 1 | Batch 16220/50000 | Loss: 0.0482 | Avg Loss: 0.3065 | LR: 9.73e-05
2025-11-18 00:29:43 | INFO | Epoch 1 | Batch 16230/50000 | Loss: 0.0015 | Avg Loss: 0.3063 | LR: 9.73e-05
2025-11-18 00:29:43 | INFO | Epoch 1 | Batch 16240/50000 | Loss: 0.0507 | Avg Loss: 0.3061 | LR: 9.73e-05
2025-11-18 00:29:43 | INFO | Epoch 1 | Batch 16250/50000 | Loss: 0.0022 | Avg Loss: 0.3059 | LR: 9.73e-05
2025-11-18 00:29:43 | INFO | Epoch 1 | Batch 16260/50000 | Loss: 0.0019 | Avg Loss: 0.3058 | LR: 9.73e-05
2025-11-18 00:29:43 | INFO | Epoch 1 | Batch 16270/50000 | Loss: 0.0055 | Avg Loss: 0.3056 | LR: 9.72e-05
2025-11-18 00:29:44 | INFO | Epoch 1 | Batch 16280/50000 | Loss: 0.2041 | Avg Loss: 0.3054 | LR: 9.72e-05
2025-11-18 00:29:44 | INFO | Epoch 1 | Batch 16290/50000 | Loss: 0.0620 | Avg Loss: 0.3053 | LR: 9.72e-05
2025-11-18 00:29:44 | INFO | Epoch 1 | Batch 16300/50000 | Loss: 0.0200 | Avg Loss: 0.3051 | LR: 9.72e-05
2025-11-18 00:29:44 | INFO | Epoch 1 | Batch 16310/50000 | Loss: 0.0100 | Avg Loss: 0.3049 | LR: 9.72e-05
2025-11-18 00:29:44 | INFO | Epoch 1 | Batch 16320/50000 | Loss: 0.0334 | Avg Loss: 0.3048 | LR: 9.72e-05
2025-11-18 00:29:44 | INFO | Epoch 1 | Batch 16330/50000 | Loss: 0.0014 | Avg Loss: 0.3046 | LR: 9.72e-05
2025-11-18 00:29:44 | INFO | Epoch 1 | Batch 16340/50000 | Loss: 0.0009 | Avg Loss: 0.3044 | LR: 9.72e-05
2025-11-18 00:29:44 | INFO | Epoch 1 | Batch 16350/50000 | Loss: 0.0682 | Avg Loss: 0.3042 | LR: 9.72e-05
2025-11-18 00:29:44 | INFO | Epoch 1 | Batch 16360/50000 | Loss: 0.0031 | Avg Loss: 0.3041 | LR: 9.72e-05
2025-11-18 00:29:44 | INFO | Epoch 1 | Batch 16370/50000 | Loss: 0.0037 | Avg Loss: 0.3039 | LR: 9.72e-05
2025-11-18 00:29:44 | INFO | Epoch 1 | Batch 16380/50000 | Loss: 0.0206 | Avg Loss: 0.3037 | LR: 9.72e-05
2025-11-18 00:29:44 | INFO | Epoch 1 | Batch 16390/50000 | Loss: 0.0320 | Avg Loss: 0.3036 | LR: 9.72e-05
2025-11-18 00:29:44 | INFO | Epoch 1 | Batch 16400/50000 | Loss: 0.0178 | Avg Loss: 0.3034 | LR: 9.72e-05
2025-11-18 00:29:44 | INFO | Epoch 1 | Batch 16410/50000 | Loss: 0.0012 | Avg Loss: 0.3032 | LR: 9.72e-05
2025-11-18 00:29:45 | INFO | Epoch 1 | Batch 16420/50000 | Loss: 0.0043 | Avg Loss: 0.3031 | LR: 9.72e-05
2025-11-18 00:29:45 | INFO | Epoch 1 | Batch 16430/50000 | Loss: 0.0260 | Avg Loss: 0.3029 | LR: 9.72e-05
2025-11-18 00:29:45 | INFO | Epoch 1 | Batch 16440/50000 | Loss: 0.0055 | Avg Loss: 0.3027 | LR: 9.72e-05
2025-11-18 00:29:45 | INFO | Epoch 1 | Batch 16450/50000 | Loss: 0.0094 | Avg Loss: 0.3026 | LR: 9.72e-05
2025-11-18 00:29:45 | INFO | Epoch 1 | Batch 16460/50000 | Loss: 0.0152 | Avg Loss: 0.3024 | LR: 9.72e-05
2025-11-18 00:29:45 | INFO | Epoch 1 | Batch 16470/50000 | Loss: 0.0044 | Avg Loss: 0.3022 | LR: 9.72e-05
2025-11-18 00:29:45 | INFO | Epoch 1 | Batch 16480/50000 | Loss: 0.0170 | Avg Loss: 0.3021 | LR: 9.72e-05
2025-11-18 00:29:45 | INFO | Epoch 1 | Batch 16490/50000 | Loss: 0.0349 | Avg Loss: 0.3019 | LR: 9.72e-05
2025-11-18 00:29:45 | INFO | Epoch 1 | Batch 16500/50000 | Loss: 0.0075 | Avg Loss: 0.3017 | LR: 9.72e-05
2025-11-18 00:29:45 | INFO | Epoch 1 | Batch 16510/50000 | Loss: 0.0034 | Avg Loss: 0.3015 | LR: 9.72e-05
2025-11-18 00:29:45 | INFO | Epoch 1 | Batch 16520/50000 | Loss: 0.0136 | Avg Loss: 0.3014 | LR: 9.72e-05
2025-11-18 00:29:45 | INFO | Epoch 1 | Batch 16530/50000 | Loss: 0.0791 | Avg Loss: 0.3012 | LR: 9.72e-05
2025-11-18 00:29:45 | INFO | Epoch 1 | Batch 16540/50000 | Loss: 0.0051 | Avg Loss: 0.3011 | LR: 9.72e-05
2025-11-18 00:29:46 | INFO | Epoch 1 | Batch 16550/50000 | Loss: 0.0658 | Avg Loss: 0.3009 | LR: 9.72e-05
2025-11-18 00:29:46 | INFO | Epoch 1 | Batch 16560/50000 | Loss: 0.0015 | Avg Loss: 0.3007 | LR: 9.71e-05
2025-11-18 00:29:46 | INFO | Epoch 1 | Batch 16570/50000 | Loss: 0.0070 | Avg Loss: 0.3006 | LR: 9.71e-05
2025-11-18 00:29:46 | INFO | Epoch 1 | Batch 16580/50000 | Loss: 0.0048 | Avg Loss: 0.3004 | LR: 9.71e-05
2025-11-18 00:29:46 | INFO | Epoch 1 | Batch 16590/50000 | Loss: 0.0025 | Avg Loss: 0.3003 | LR: 9.71e-05
2025-11-18 00:29:46 | INFO | Epoch 1 | Batch 16600/50000 | Loss: 0.0078 | Avg Loss: 0.3001 | LR: 9.71e-05
2025-11-18 00:29:46 | INFO | Epoch 1 | Batch 16610/50000 | Loss: 0.0013 | Avg Loss: 0.3000 | LR: 9.71e-05
2025-11-18 00:29:46 | INFO | Epoch 1 | Batch 16620/50000 | Loss: 0.0344 | Avg Loss: 0.2998 | LR: 9.71e-05
2025-11-18 00:29:46 | INFO | Epoch 1 | Batch 16630/50000 | Loss: 0.0414 | Avg Loss: 0.2996 | LR: 9.71e-05
2025-11-18 00:29:46 | INFO | Epoch 1 | Batch 16640/50000 | Loss: 0.0015 | Avg Loss: 0.2995 | LR: 9.71e-05
2025-11-18 00:29:46 | INFO | Epoch 1 | Batch 16650/50000 | Loss: 0.0182 | Avg Loss: 0.2993 | LR: 9.71e-05
2025-11-18 00:29:46 | INFO | Epoch 1 | Batch 16660/50000 | Loss: 0.0210 | Avg Loss: 0.2991 | LR: 9.71e-05
2025-11-18 00:29:46 | INFO | Epoch 1 | Batch 16670/50000 | Loss: 0.0051 | Avg Loss: 0.2990 | LR: 9.71e-05
2025-11-18 00:29:46 | INFO | Epoch 1 | Batch 16680/50000 | Loss: 0.0146 | Avg Loss: 0.2988 | LR: 9.71e-05
2025-11-18 00:29:47 | INFO | Epoch 1 | Batch 16690/50000 | Loss: 0.0058 | Avg Loss: 0.2987 | LR: 9.71e-05
2025-11-18 00:29:47 | INFO | Epoch 1 | Batch 16700/50000 | Loss: 0.3614 | Avg Loss: 0.2985 | LR: 9.71e-05
2025-11-18 00:29:47 | INFO | Epoch 1 | Batch 16710/50000 | Loss: 0.0047 | Avg Loss: 0.2984 | LR: 9.71e-05
2025-11-18 00:29:47 | INFO | Epoch 1 | Batch 16720/50000 | Loss: 0.0082 | Avg Loss: 0.2982 | LR: 9.71e-05
2025-11-18 00:29:47 | INFO | Epoch 1 | Batch 16730/50000 | Loss: 0.0013 | Avg Loss: 0.2980 | LR: 9.71e-05
2025-11-18 00:29:47 | INFO | Epoch 1 | Batch 16740/50000 | Loss: 0.0134 | Avg Loss: 0.2979 | LR: 9.71e-05
2025-11-18 00:29:47 | INFO | Epoch 1 | Batch 16750/50000 | Loss: 0.0051 | Avg Loss: 0.2977 | LR: 9.71e-05
2025-11-18 00:29:47 | INFO | Epoch 1 | Batch 16760/50000 | Loss: 0.0230 | Avg Loss: 0.2976 | LR: 9.71e-05
2025-11-18 00:29:47 | INFO | Epoch 1 | Batch 16770/50000 | Loss: 0.0012 | Avg Loss: 0.2974 | LR: 9.71e-05
2025-11-18 00:29:47 | INFO | Epoch 1 | Batch 16780/50000 | Loss: 0.0287 | Avg Loss: 0.2973 | LR: 9.71e-05
2025-11-18 00:29:47 | INFO | Epoch 1 | Batch 16790/50000 | Loss: 0.0015 | Avg Loss: 0.2971 | LR: 9.71e-05
2025-11-18 00:29:47 | INFO | Epoch 1 | Batch 16800/50000 | Loss: 0.0009 | Avg Loss: 0.2969 | LR: 9.71e-05
2025-11-18 00:29:47 | INFO | Epoch 1 | Batch 16810/50000 | Loss: 0.0049 | Avg Loss: 0.2968 | LR: 9.71e-05
2025-11-18 00:29:47 | INFO | Epoch 1 | Batch 16820/50000 | Loss: 0.0219 | Avg Loss: 0.2966 | LR: 9.71e-05
2025-11-18 00:29:48 | INFO | Epoch 1 | Batch 16830/50000 | Loss: 0.0029 | Avg Loss: 0.2965 | LR: 9.71e-05
2025-11-18 00:29:48 | INFO | Epoch 1 | Batch 16840/50000 | Loss: 0.1001 | Avg Loss: 0.2963 | LR: 9.70e-05
2025-11-18 00:29:48 | INFO | Epoch 1 | Batch 16850/50000 | Loss: 0.1118 | Avg Loss: 0.2962 | LR: 9.70e-05
2025-11-18 00:29:48 | INFO | Epoch 1 | Batch 16860/50000 | Loss: 0.0008 | Avg Loss: 0.2960 | LR: 9.70e-05
2025-11-18 00:29:48 | INFO | Epoch 1 | Batch 16870/50000 | Loss: 0.0483 | Avg Loss: 0.2958 | LR: 9.70e-05
2025-11-18 00:29:48 | INFO | Epoch 1 | Batch 16880/50000 | Loss: 0.0100 | Avg Loss: 0.2957 | LR: 9.70e-05
2025-11-18 00:29:48 | INFO | Epoch 1 | Batch 16890/50000 | Loss: 0.0376 | Avg Loss: 0.2955 | LR: 9.70e-05
2025-11-18 00:29:48 | INFO | Epoch 1 | Batch 16900/50000 | Loss: 0.0096 | Avg Loss: 0.2953 | LR: 9.70e-05
2025-11-18 00:29:48 | INFO | Epoch 1 | Batch 16910/50000 | Loss: 0.0652 | Avg Loss: 0.2952 | LR: 9.70e-05
2025-11-18 00:29:48 | INFO | Epoch 1 | Batch 16920/50000 | Loss: 0.0302 | Avg Loss: 0.2950 | LR: 9.70e-05
2025-11-18 00:29:48 | INFO | Epoch 1 | Batch 16930/50000 | Loss: 0.0152 | Avg Loss: 0.2949 | LR: 9.70e-05
2025-11-18 00:29:48 | INFO | Epoch 1 | Batch 16940/50000 | Loss: 0.0009 | Avg Loss: 0.2947 | LR: 9.70e-05
2025-11-18 00:29:48 | INFO | Epoch 1 | Batch 16950/50000 | Loss: 0.0019 | Avg Loss: 0.2945 | LR: 9.70e-05
2025-11-18 00:29:48 | INFO | Epoch 1 | Batch 16960/50000 | Loss: 0.0054 | Avg Loss: 0.2944 | LR: 9.70e-05
2025-11-18 00:29:49 | INFO | Epoch 1 | Batch 16970/50000 | Loss: 0.0011 | Avg Loss: 0.2942 | LR: 9.70e-05
2025-11-18 00:29:49 | INFO | Epoch 1 | Batch 16980/50000 | Loss: 0.0237 | Avg Loss: 0.2941 | LR: 9.70e-05
2025-11-18 00:29:49 | INFO | Epoch 1 | Batch 16990/50000 | Loss: 0.0056 | Avg Loss: 0.2939 | LR: 9.70e-05
2025-11-18 00:29:49 | INFO | Epoch 1 | Batch 17000/50000 | Loss: 0.1378 | Avg Loss: 0.2938 | LR: 9.70e-05
2025-11-18 00:29:49 | INFO | Epoch 1 | Batch 17010/50000 | Loss: 0.0259 | Avg Loss: 0.2936 | LR: 9.70e-05
2025-11-18 00:29:49 | INFO | Epoch 1 | Batch 17020/50000 | Loss: 0.0456 | Avg Loss: 0.2935 | LR: 9.70e-05
2025-11-18 00:29:49 | INFO | Epoch 1 | Batch 17030/50000 | Loss: 0.1492 | Avg Loss: 0.2933 | LR: 9.70e-05
2025-11-18 00:29:49 | INFO | Epoch 1 | Batch 17040/50000 | Loss: 0.0025 | Avg Loss: 0.2932 | LR: 9.70e-05
2025-11-18 00:29:49 | INFO | Epoch 1 | Batch 17050/50000 | Loss: 0.0027 | Avg Loss: 0.2930 | LR: 9.70e-05
2025-11-18 00:29:49 | INFO | Epoch 1 | Batch 17060/50000 | Loss: 0.0220 | Avg Loss: 0.2929 | LR: 9.70e-05
2025-11-18 00:29:49 | INFO | Epoch 1 | Batch 17070/50000 | Loss: 0.0047 | Avg Loss: 0.2927 | LR: 9.70e-05
2025-11-18 00:29:49 | INFO | Epoch 1 | Batch 17080/50000 | Loss: 0.0145 | Avg Loss: 0.2926 | LR: 9.70e-05
2025-11-18 00:29:49 | INFO | Epoch 1 | Batch 17090/50000 | Loss: 0.0327 | Avg Loss: 0.2924 | LR: 9.70e-05
2025-11-18 00:29:49 | INFO | Epoch 1 | Batch 17100/50000 | Loss: 0.0200 | Avg Loss: 0.2923 | LR: 9.70e-05
2025-11-18 00:29:50 | INFO | Epoch 1 | Batch 17110/50000 | Loss: 0.0011 | Avg Loss: 0.2921 | LR: 9.70e-05
2025-11-18 00:29:50 | INFO | Epoch 1 | Batch 17120/50000 | Loss: 0.0138 | Avg Loss: 0.2920 | LR: 9.69e-05
2025-11-18 00:29:50 | INFO | Epoch 1 | Batch 17130/50000 | Loss: 0.0012 | Avg Loss: 0.2918 | LR: 9.69e-05
2025-11-18 00:29:50 | INFO | Epoch 1 | Batch 17140/50000 | Loss: 0.0556 | Avg Loss: 0.2916 | LR: 9.69e-05
2025-11-18 00:29:50 | INFO | Epoch 1 | Batch 17150/50000 | Loss: 0.0194 | Avg Loss: 0.2915 | LR: 9.69e-05
2025-11-18 00:29:50 | INFO | Epoch 1 | Batch 17160/50000 | Loss: 0.0130 | Avg Loss: 0.2913 | LR: 9.69e-05
2025-11-18 00:29:50 | INFO | Epoch 1 | Batch 17170/50000 | Loss: 0.0071 | Avg Loss: 0.2912 | LR: 9.69e-05
2025-11-18 00:29:50 | INFO | Epoch 1 | Batch 17180/50000 | Loss: 0.0016 | Avg Loss: 0.2910 | LR: 9.69e-05
2025-11-18 00:29:50 | INFO | Epoch 1 | Batch 17190/50000 | Loss: 0.0265 | Avg Loss: 0.2909 | LR: 9.69e-05
2025-11-18 00:29:50 | INFO | Epoch 1 | Batch 17200/50000 | Loss: 0.0011 | Avg Loss: 0.2907 | LR: 9.69e-05
2025-11-18 00:29:50 | INFO | Epoch 1 | Batch 17210/50000 | Loss: 0.0335 | Avg Loss: 0.2906 | LR: 9.69e-05
2025-11-18 00:29:50 | INFO | Epoch 1 | Batch 17220/50000 | Loss: 0.0102 | Avg Loss: 0.2904 | LR: 9.69e-05
2025-11-18 00:29:50 | INFO | Epoch 1 | Batch 17230/50000 | Loss: 0.0155 | Avg Loss: 0.2902 | LR: 9.69e-05
2025-11-18 00:29:50 | INFO | Epoch 1 | Batch 17240/50000 | Loss: 0.0335 | Avg Loss: 0.2901 | LR: 9.69e-05
2025-11-18 00:29:51 | INFO | Epoch 1 | Batch 17250/50000 | Loss: 0.0010 | Avg Loss: 0.2899 | LR: 9.69e-05
2025-11-18 00:29:51 | INFO | Epoch 1 | Batch 17260/50000 | Loss: 0.0008 | Avg Loss: 0.2898 | LR: 9.69e-05
2025-11-18 00:29:51 | INFO | Epoch 1 | Batch 17270/50000 | Loss: 0.0107 | Avg Loss: 0.2896 | LR: 9.69e-05
2025-11-18 00:29:51 | INFO | Epoch 1 | Batch 17280/50000 | Loss: 0.0104 | Avg Loss: 0.2895 | LR: 9.69e-05
2025-11-18 00:29:51 | INFO | Epoch 1 | Batch 17290/50000 | Loss: 0.0440 | Avg Loss: 0.2893 | LR: 9.69e-05
2025-11-18 00:29:51 | INFO | Epoch 1 | Batch 17300/50000 | Loss: 0.0144 | Avg Loss: 0.2892 | LR: 9.69e-05
2025-11-18 00:29:51 | INFO | Epoch 1 | Batch 17310/50000 | Loss: 0.0011 | Avg Loss: 0.2890 | LR: 9.69e-05
2025-11-18 00:29:51 | INFO | Epoch 1 | Batch 17320/50000 | Loss: 0.0215 | Avg Loss: 0.2888 | LR: 9.69e-05
2025-11-18 00:29:51 | INFO | Epoch 1 | Batch 17330/50000 | Loss: 0.0144 | Avg Loss: 0.2887 | LR: 9.69e-05
2025-11-18 00:29:51 | INFO | Epoch 1 | Batch 17340/50000 | Loss: 0.0010 | Avg Loss: 0.2885 | LR: 9.69e-05
2025-11-18 00:29:51 | INFO | Epoch 1 | Batch 17350/50000 | Loss: 0.0265 | Avg Loss: 0.2884 | LR: 9.69e-05
2025-11-18 00:29:51 | INFO | Epoch 1 | Batch 17360/50000 | Loss: 0.0531 | Avg Loss: 0.2882 | LR: 9.69e-05
2025-11-18 00:29:51 | INFO | Epoch 1 | Batch 17370/50000 | Loss: 0.0276 | Avg Loss: 0.2881 | LR: 9.69e-05
2025-11-18 00:29:51 | INFO | Epoch 1 | Batch 17380/50000 | Loss: 0.0043 | Avg Loss: 0.2879 | LR: 9.69e-05
2025-11-18 00:29:52 | INFO | Epoch 1 | Batch 17390/50000 | Loss: 0.0024 | Avg Loss: 0.2878 | LR: 9.69e-05
2025-11-18 00:29:52 | INFO | Epoch 1 | Batch 17400/50000 | Loss: 0.0009 | Avg Loss: 0.2876 | LR: 9.68e-05
2025-11-18 00:29:52 | INFO | Epoch 1 | Batch 17410/50000 | Loss: 0.0404 | Avg Loss: 0.2875 | LR: 9.68e-05
2025-11-18 00:29:52 | INFO | Epoch 1 | Batch 17420/50000 | Loss: 0.0007 | Avg Loss: 0.2873 | LR: 9.68e-05
2025-11-18 00:29:52 | INFO | Epoch 1 | Batch 17430/50000 | Loss: 0.0157 | Avg Loss: 0.2872 | LR: 9.68e-05
2025-11-18 00:29:52 | INFO | Epoch 1 | Batch 17440/50000 | Loss: 0.0041 | Avg Loss: 0.2870 | LR: 9.68e-05
2025-11-18 00:29:52 | INFO | Epoch 1 | Batch 17450/50000 | Loss: 0.0012 | Avg Loss: 0.2869 | LR: 9.68e-05
2025-11-18 00:29:52 | INFO | Epoch 1 | Batch 17460/50000 | Loss: 0.0025 | Avg Loss: 0.2867 | LR: 9.68e-05
2025-11-18 00:29:52 | INFO | Epoch 1 | Batch 17470/50000 | Loss: 0.0162 | Avg Loss: 0.2866 | LR: 9.68e-05
2025-11-18 00:29:52 | INFO | Epoch 1 | Batch 17480/50000 | Loss: 0.0624 | Avg Loss: 0.2864 | LR: 9.68e-05
2025-11-18 00:29:52 | INFO | Epoch 1 | Batch 17490/50000 | Loss: 0.0110 | Avg Loss: 0.2863 | LR: 9.68e-05
2025-11-18 00:29:52 | INFO | Epoch 1 | Batch 17500/50000 | Loss: 0.0033 | Avg Loss: 0.2861 | LR: 9.68e-05
2025-11-18 00:29:52 | INFO | Epoch 1 | Batch 17510/50000 | Loss: 0.0512 | Avg Loss: 0.2860 | LR: 9.68e-05
2025-11-18 00:29:52 | INFO | Epoch 1 | Batch 17520/50000 | Loss: 0.0253 | Avg Loss: 0.2858 | LR: 9.68e-05
2025-11-18 00:29:53 | INFO | Epoch 1 | Batch 17530/50000 | Loss: 0.0015 | Avg Loss: 0.2857 | LR: 9.68e-05
2025-11-18 00:29:53 | INFO | Epoch 1 | Batch 17540/50000 | Loss: 0.0095 | Avg Loss: 0.2855 | LR: 9.68e-05
2025-11-18 00:29:53 | INFO | Epoch 1 | Batch 17550/50000 | Loss: 0.0004 | Avg Loss: 0.2854 | LR: 9.68e-05
2025-11-18 00:29:53 | INFO | Epoch 1 | Batch 17560/50000 | Loss: 0.0186 | Avg Loss: 0.2852 | LR: 9.68e-05
2025-11-18 00:29:53 | INFO | Epoch 1 | Batch 17570/50000 | Loss: 0.0334 | Avg Loss: 0.2851 | LR: 9.68e-05
2025-11-18 00:29:53 | INFO | Epoch 1 | Batch 17580/50000 | Loss: 0.0292 | Avg Loss: 0.2849 | LR: 9.68e-05
2025-11-18 00:29:53 | INFO | Epoch 1 | Batch 17590/50000 | Loss: 0.0441 | Avg Loss: 0.2848 | LR: 9.68e-05
2025-11-18 00:29:53 | INFO | Epoch 1 | Batch 17600/50000 | Loss: 0.0277 | Avg Loss: 0.2846 | LR: 9.68e-05
2025-11-18 00:29:53 | INFO | Epoch 1 | Batch 17610/50000 | Loss: 0.0024 | Avg Loss: 0.2845 | LR: 9.68e-05
2025-11-18 00:29:53 | INFO | Epoch 1 | Batch 17620/50000 | Loss: 0.0028 | Avg Loss: 0.2843 | LR: 9.68e-05
2025-11-18 00:29:53 | INFO | Epoch 1 | Batch 17630/50000 | Loss: 0.0018 | Avg Loss: 0.2842 | LR: 9.68e-05
2025-11-18 00:29:53 | INFO | Epoch 1 | Batch 17640/50000 | Loss: 0.0048 | Avg Loss: 0.2840 | LR: 9.68e-05
2025-11-18 00:29:53 | INFO | Epoch 1 | Batch 17650/50000 | Loss: 0.0016 | Avg Loss: 0.2839 | LR: 9.68e-05
2025-11-18 00:29:53 | INFO | Epoch 1 | Batch 17660/50000 | Loss: 0.1471 | Avg Loss: 0.2838 | LR: 9.68e-05
2025-11-18 00:29:54 | INFO | Epoch 1 | Batch 17670/50000 | Loss: 0.0173 | Avg Loss: 0.2836 | LR: 9.67e-05
2025-11-18 00:29:54 | INFO | Epoch 1 | Batch 17680/50000 | Loss: 0.0258 | Avg Loss: 0.2835 | LR: 9.67e-05
2025-11-18 00:29:54 | INFO | Epoch 1 | Batch 17690/50000 | Loss: 0.0417 | Avg Loss: 0.2833 | LR: 9.67e-05
2025-11-18 00:29:54 | INFO | Epoch 1 | Batch 17700/50000 | Loss: 0.0017 | Avg Loss: 0.2832 | LR: 9.67e-05
2025-11-18 00:29:54 | INFO | Epoch 1 | Batch 17710/50000 | Loss: 0.0010 | Avg Loss: 0.2830 | LR: 9.67e-05
2025-11-18 00:29:54 | INFO | Epoch 1 | Batch 17720/50000 | Loss: 0.0684 | Avg Loss: 0.2829 | LR: 9.67e-05
2025-11-18 00:29:54 | INFO | Epoch 1 | Batch 17730/50000 | Loss: 0.0021 | Avg Loss: 0.2828 | LR: 9.67e-05
2025-11-18 00:29:54 | INFO | Epoch 1 | Batch 17740/50000 | Loss: 0.0044 | Avg Loss: 0.2826 | LR: 9.67e-05
2025-11-18 00:29:54 | INFO | Epoch 1 | Batch 17750/50000 | Loss: 0.0224 | Avg Loss: 0.2825 | LR: 9.67e-05
2025-11-18 00:29:54 | INFO | Epoch 1 | Batch 17760/50000 | Loss: 0.0594 | Avg Loss: 0.2824 | LR: 9.67e-05
2025-11-18 00:29:54 | INFO | Epoch 1 | Batch 17770/50000 | Loss: 0.0313 | Avg Loss: 0.2822 | LR: 9.67e-05
2025-11-18 00:29:54 | INFO | Epoch 1 | Batch 17780/50000 | Loss: 0.0016 | Avg Loss: 0.2821 | LR: 9.67e-05
2025-11-18 00:29:54 | INFO | Epoch 1 | Batch 17790/50000 | Loss: 0.0067 | Avg Loss: 0.2819 | LR: 9.67e-05
2025-11-18 00:29:54 | INFO | Epoch 1 | Batch 17800/50000 | Loss: 0.0836 | Avg Loss: 0.2818 | LR: 9.67e-05
2025-11-18 00:29:54 | INFO | Epoch 1 | Batch 17810/50000 | Loss: 0.1598 | Avg Loss: 0.2816 | LR: 9.67e-05
2025-11-18 00:29:55 | INFO | Epoch 1 | Batch 17820/50000 | Loss: 0.0014 | Avg Loss: 0.2815 | LR: 9.67e-05
2025-11-18 00:29:55 | INFO | Epoch 1 | Batch 17830/50000 | Loss: 0.0018 | Avg Loss: 0.2813 | LR: 9.67e-05
2025-11-18 00:29:55 | INFO | Epoch 1 | Batch 17840/50000 | Loss: 0.0013 | Avg Loss: 0.2812 | LR: 9.67e-05
2025-11-18 00:29:55 | INFO | Epoch 1 | Batch 17850/50000 | Loss: 0.0248 | Avg Loss: 0.2811 | LR: 9.67e-05
2025-11-18 00:29:55 | INFO | Epoch 1 | Batch 17860/50000 | Loss: 0.0013 | Avg Loss: 0.2809 | LR: 9.67e-05
2025-11-18 00:29:55 | INFO | Epoch 1 | Batch 17870/50000 | Loss: 0.1448 | Avg Loss: 0.2808 | LR: 9.67e-05
2025-11-18 00:29:55 | INFO | Epoch 1 | Batch 17880/50000 | Loss: 0.1549 | Avg Loss: 0.2806 | LR: 9.67e-05
2025-11-18 00:29:55 | INFO | Epoch 1 | Batch 17890/50000 | Loss: 0.0128 | Avg Loss: 0.2805 | LR: 9.67e-05
2025-11-18 00:29:55 | INFO | Epoch 1 | Batch 17900/50000 | Loss: 0.0025 | Avg Loss: 0.2804 | LR: 9.67e-05
2025-11-18 00:29:55 | INFO | Epoch 1 | Batch 17910/50000 | Loss: 0.0016 | Avg Loss: 0.2802 | LR: 9.67e-05
2025-11-18 00:29:55 | INFO | Epoch 1 | Batch 17920/50000 | Loss: 0.0019 | Avg Loss: 0.2801 | LR: 9.67e-05
2025-11-18 00:29:55 | INFO | Epoch 1 | Batch 17930/50000 | Loss: 0.0734 | Avg Loss: 0.2799 | LR: 9.67e-05
2025-11-18 00:29:55 | INFO | Epoch 1 | Batch 17940/50000 | Loss: 0.0184 | Avg Loss: 0.2798 | LR: 9.66e-05
2025-11-18 00:29:55 | INFO | Epoch 1 | Batch 17950/50000 | Loss: 0.0023 | Avg Loss: 0.2797 | LR: 9.66e-05
2025-11-18 00:29:56 | INFO | Epoch 1 | Batch 17960/50000 | Loss: 0.0110 | Avg Loss: 0.2795 | LR: 9.66e-05
2025-11-18 00:29:56 | INFO | Epoch 1 | Batch 17970/50000 | Loss: 0.0148 | Avg Loss: 0.2794 | LR: 9.66e-05
2025-11-18 00:29:56 | INFO | Epoch 1 | Batch 17980/50000 | Loss: 0.0302 | Avg Loss: 0.2792 | LR: 9.66e-05
2025-11-18 00:29:56 | INFO | Epoch 1 | Batch 17990/50000 | Loss: 0.0197 | Avg Loss: 0.2791 | LR: 9.66e-05
2025-11-18 00:29:56 | INFO | Epoch 1 | Batch 18000/50000 | Loss: 0.0100 | Avg Loss: 0.2789 | LR: 9.66e-05
2025-11-18 00:29:56 | INFO | Epoch 1 | Batch 18010/50000 | Loss: 0.0013 | Avg Loss: 0.2788 | LR: 9.66e-05
2025-11-18 00:29:56 | INFO | Epoch 1 | Batch 18020/50000 | Loss: 0.0270 | Avg Loss: 0.2787 | LR: 9.66e-05
2025-11-18 00:29:56 | INFO | Epoch 1 | Batch 18030/50000 | Loss: 0.0055 | Avg Loss: 0.2785 | LR: 9.66e-05
2025-11-18 00:29:56 | INFO | Epoch 1 | Batch 18040/50000 | Loss: 0.0034 | Avg Loss: 0.2784 | LR: 9.66e-05
2025-11-18 00:29:56 | INFO | Epoch 1 | Batch 18050/50000 | Loss: 0.0912 | Avg Loss: 0.2782 | LR: 9.66e-05
2025-11-18 00:29:56 | INFO | Epoch 1 | Batch 18060/50000 | Loss: 0.0015 | Avg Loss: 0.2781 | LR: 9.66e-05
2025-11-18 00:29:56 | INFO | Epoch 1 | Batch 18070/50000 | Loss: 0.1126 | Avg Loss: 0.2780 | LR: 9.66e-05
2025-11-18 00:29:56 | INFO | Epoch 1 | Batch 18080/50000 | Loss: 0.0178 | Avg Loss: 0.2778 | LR: 9.66e-05
2025-11-18 00:29:56 | INFO | Epoch 1 | Batch 18090/50000 | Loss: 0.0193 | Avg Loss: 0.2777 | LR: 9.66e-05
2025-11-18 00:29:57 | INFO | Epoch 1 | Batch 18100/50000 | Loss: 0.0032 | Avg Loss: 0.2775 | LR: 9.66e-05
2025-11-18 00:29:57 | INFO | Epoch 1 | Batch 18110/50000 | Loss: 0.0015 | Avg Loss: 0.2774 | LR: 9.66e-05
2025-11-18 00:29:57 | INFO | Epoch 1 | Batch 18120/50000 | Loss: 0.1015 | Avg Loss: 0.2773 | LR: 9.66e-05
2025-11-18 00:29:57 | INFO | Epoch 1 | Batch 18130/50000 | Loss: 0.0128 | Avg Loss: 0.2771 | LR: 9.66e-05
2025-11-18 00:29:57 | INFO | Epoch 1 | Batch 18140/50000 | Loss: 0.0153 | Avg Loss: 0.2770 | LR: 9.66e-05
2025-11-18 00:29:57 | INFO | Epoch 1 | Batch 18150/50000 | Loss: 0.0095 | Avg Loss: 0.2768 | LR: 9.66e-05
2025-11-18 00:29:57 | INFO | Epoch 1 | Batch 18160/50000 | Loss: 0.0024 | Avg Loss: 0.2767 | LR: 9.66e-05
2025-11-18 00:29:57 | INFO | Epoch 1 | Batch 18170/50000 | Loss: 0.0174 | Avg Loss: 0.2766 | LR: 9.66e-05
2025-11-18 00:29:57 | INFO | Epoch 1 | Batch 18180/50000 | Loss: 0.0232 | Avg Loss: 0.2764 | LR: 9.66e-05
2025-11-18 00:29:57 | INFO | Epoch 1 | Batch 18190/50000 | Loss: 0.0148 | Avg Loss: 0.2763 | LR: 9.66e-05
2025-11-18 00:29:57 | INFO | Epoch 1 | Batch 18200/50000 | Loss: 0.0039 | Avg Loss: 0.2761 | LR: 9.65e-05
2025-11-18 00:29:57 | INFO | Epoch 1 | Batch 18210/50000 | Loss: 0.0013 | Avg Loss: 0.2760 | LR: 9.65e-05
2025-11-18 00:29:57 | INFO | Epoch 1 | Batch 18220/50000 | Loss: 0.0520 | Avg Loss: 0.2759 | LR: 9.65e-05
2025-11-18 00:29:57 | INFO | Epoch 1 | Batch 18230/50000 | Loss: 0.0011 | Avg Loss: 0.2757 | LR: 9.65e-05
2025-11-18 00:29:57 | INFO | Epoch 1 | Batch 18240/50000 | Loss: 0.0278 | Avg Loss: 0.2756 | LR: 9.65e-05
2025-11-18 00:29:58 | INFO | Epoch 1 | Batch 18250/50000 | Loss: 0.0218 | Avg Loss: 0.2754 | LR: 9.65e-05
2025-11-18 00:29:58 | INFO | Epoch 1 | Batch 18260/50000 | Loss: 0.0058 | Avg Loss: 0.2753 | LR: 9.65e-05
2025-11-18 00:29:58 | INFO | Epoch 1 | Batch 18270/50000 | Loss: 0.0015 | Avg Loss: 0.2752 | LR: 9.65e-05
2025-11-18 00:29:58 | INFO | Epoch 1 | Batch 18280/50000 | Loss: 0.0083 | Avg Loss: 0.2750 | LR: 9.65e-05
2025-11-18 00:29:58 | INFO | Epoch 1 | Batch 18290/50000 | Loss: 0.0010 | Avg Loss: 0.2749 | LR: 9.65e-05
2025-11-18 00:29:58 | INFO | Epoch 1 | Batch 18300/50000 | Loss: 0.0023 | Avg Loss: 0.2748 | LR: 9.65e-05
2025-11-18 00:29:58 | INFO | Epoch 1 | Batch 18310/50000 | Loss: 0.0208 | Avg Loss: 0.2746 | LR: 9.65e-05
2025-11-18 00:29:58 | INFO | Epoch 1 | Batch 18320/50000 | Loss: 0.1112 | Avg Loss: 0.2745 | LR: 9.65e-05
2025-11-18 00:29:58 | INFO | Epoch 1 | Batch 18330/50000 | Loss: 0.0106 | Avg Loss: 0.2744 | LR: 9.65e-05
2025-11-18 00:29:58 | INFO | Epoch 1 | Batch 18340/50000 | Loss: 0.0010 | Avg Loss: 0.2742 | LR: 9.65e-05
2025-11-18 00:29:58 | INFO | Epoch 1 | Batch 18350/50000 | Loss: 0.0084 | Avg Loss: 0.2741 | LR: 9.65e-05
2025-11-18 00:29:58 | INFO | Epoch 1 | Batch 18360/50000 | Loss: 0.0030 | Avg Loss: 0.2740 | LR: 9.65e-05
2025-11-18 00:29:58 | INFO | Epoch 1 | Batch 18370/50000 | Loss: 0.0012 | Avg Loss: 0.2738 | LR: 9.65e-05
2025-11-18 00:29:58 | INFO | Epoch 1 | Batch 18380/50000 | Loss: 0.0104 | Avg Loss: 0.2737 | LR: 9.65e-05
2025-11-18 00:29:59 | INFO | Epoch 1 | Batch 18390/50000 | Loss: 0.0084 | Avg Loss: 0.2736 | LR: 9.65e-05
2025-11-18 00:29:59 | INFO | Epoch 1 | Batch 18400/50000 | Loss: 0.0008 | Avg Loss: 0.2734 | LR: 9.65e-05
2025-11-18 00:29:59 | INFO | Epoch 1 | Batch 18410/50000 | Loss: 0.1707 | Avg Loss: 0.2733 | LR: 9.65e-05
2025-11-18 00:29:59 | INFO | Epoch 1 | Batch 18420/50000 | Loss: 0.0046 | Avg Loss: 0.2732 | LR: 9.65e-05
2025-11-18 00:29:59 | INFO | Epoch 1 | Batch 18430/50000 | Loss: 0.0018 | Avg Loss: 0.2730 | LR: 9.65e-05
2025-11-18 00:29:59 | INFO | Epoch 1 | Batch 18440/50000 | Loss: 0.0017 | Avg Loss: 0.2729 | LR: 9.65e-05
2025-11-18 00:29:59 | INFO | Epoch 1 | Batch 18450/50000 | Loss: 0.0005 | Avg Loss: 0.2728 | LR: 9.65e-05
2025-11-18 00:29:59 | INFO | Epoch 1 | Batch 18460/50000 | Loss: 0.0011 | Avg Loss: 0.2727 | LR: 9.64e-05
2025-11-18 00:29:59 | INFO | Epoch 1 | Batch 18470/50000 | Loss: 0.0324 | Avg Loss: 0.2725 | LR: 9.64e-05
2025-11-18 00:29:59 | INFO | Epoch 1 | Batch 18480/50000 | Loss: 0.1345 | Avg Loss: 0.2724 | LR: 9.64e-05
2025-11-18 00:29:59 | INFO | Epoch 1 | Batch 18490/50000 | Loss: 0.0076 | Avg Loss: 0.2723 | LR: 9.64e-05
2025-11-18 00:29:59 | INFO | Epoch 1 | Batch 18500/50000 | Loss: 0.0210 | Avg Loss: 0.2721 | LR: 9.64e-05
2025-11-18 00:29:59 | INFO | Epoch 1 | Batch 18510/50000 | Loss: 0.0017 | Avg Loss: 0.2720 | LR: 9.64e-05
2025-11-18 00:29:59 | INFO | Epoch 1 | Batch 18520/50000 | Loss: 0.0091 | Avg Loss: 0.2719 | LR: 9.64e-05
2025-11-18 00:30:00 | INFO | Epoch 1 | Batch 18530/50000 | Loss: 0.0015 | Avg Loss: 0.2717 | LR: 9.64e-05
2025-11-18 00:30:00 | INFO | Epoch 1 | Batch 18540/50000 | Loss: 0.0260 | Avg Loss: 0.2716 | LR: 9.64e-05
2025-11-18 00:30:00 | INFO | Epoch 1 | Batch 18550/50000 | Loss: 0.0008 | Avg Loss: 0.2715 | LR: 9.64e-05
2025-11-18 00:30:00 | INFO | Epoch 1 | Batch 18560/50000 | Loss: 0.0015 | Avg Loss: 0.2713 | LR: 9.64e-05
2025-11-18 00:30:00 | INFO | Epoch 1 | Batch 18570/50000 | Loss: 0.0014 | Avg Loss: 0.2712 | LR: 9.64e-05
2025-11-18 00:30:00 | INFO | Epoch 1 | Batch 18580/50000 | Loss: 0.0023 | Avg Loss: 0.2711 | LR: 9.64e-05
2025-11-18 00:30:00 | INFO | Epoch 1 | Batch 18590/50000 | Loss: 0.0303 | Avg Loss: 0.2710 | LR: 9.64e-05
2025-11-18 00:30:00 | INFO | Epoch 1 | Batch 18600/50000 | Loss: 0.1972 | Avg Loss: 0.2708 | LR: 9.64e-05
2025-11-18 00:30:00 | INFO | Epoch 1 | Batch 18610/50000 | Loss: 0.0006 | Avg Loss: 0.2707 | LR: 9.64e-05
2025-11-18 00:30:00 | INFO | Epoch 1 | Batch 18620/50000 | Loss: 0.0278 | Avg Loss: 0.2706 | LR: 9.64e-05
2025-11-18 00:30:00 | INFO | Epoch 1 | Batch 18630/50000 | Loss: 0.0023 | Avg Loss: 0.2704 | LR: 9.64e-05
2025-11-18 00:30:00 | INFO | Epoch 1 | Batch 18640/50000 | Loss: 0.0023 | Avg Loss: 0.2703 | LR: 9.64e-05
2025-11-18 00:30:00 | INFO | Epoch 1 | Batch 18650/50000 | Loss: 0.0102 | Avg Loss: 0.2702 | LR: 9.64e-05
2025-11-18 00:30:00 | INFO | Epoch 1 | Batch 18660/50000 | Loss: 0.0038 | Avg Loss: 0.2700 | LR: 9.64e-05
2025-11-18 00:30:00 | INFO | Epoch 1 | Batch 18670/50000 | Loss: 0.0117 | Avg Loss: 0.2699 | LR: 9.64e-05
2025-11-18 00:30:01 | INFO | Epoch 1 | Batch 18680/50000 | Loss: 0.0134 | Avg Loss: 0.2698 | LR: 9.64e-05
2025-11-18 00:30:01 | INFO | Epoch 1 | Batch 18690/50000 | Loss: 0.0245 | Avg Loss: 0.2696 | LR: 9.64e-05
2025-11-18 00:30:01 | INFO | Epoch 1 | Batch 18700/50000 | Loss: 0.1331 | Avg Loss: 0.2695 | LR: 9.64e-05
2025-11-18 00:30:01 | INFO | Epoch 1 | Batch 18710/50000 | Loss: 0.0005 | Avg Loss: 0.2694 | LR: 9.63e-05
2025-11-18 00:30:01 | INFO | Epoch 1 | Batch 18720/50000 | Loss: 0.0700 | Avg Loss: 0.2692 | LR: 9.63e-05
2025-11-18 00:30:01 | INFO | Epoch 1 | Batch 18730/50000 | Loss: 0.0230 | Avg Loss: 0.2691 | LR: 9.63e-05
2025-11-18 00:30:01 | INFO | Epoch 1 | Batch 18740/50000 | Loss: 0.0283 | Avg Loss: 0.2690 | LR: 9.63e-05
2025-11-18 00:30:01 | INFO | Epoch 1 | Batch 18750/50000 | Loss: 0.0201 | Avg Loss: 0.2689 | LR: 9.63e-05
2025-11-18 00:30:01 | INFO | Epoch 1 | Batch 18760/50000 | Loss: 0.0040 | Avg Loss: 0.2687 | LR: 9.63e-05
2025-11-18 00:30:01 | INFO | Epoch 1 | Batch 18770/50000 | Loss: 0.0987 | Avg Loss: 0.2686 | LR: 9.63e-05
2025-11-18 00:30:01 | INFO | Epoch 1 | Batch 18780/50000 | Loss: 0.0833 | Avg Loss: 0.2685 | LR: 9.63e-05
2025-11-18 00:30:01 | INFO | Epoch 1 | Batch 18790/50000 | Loss: 0.0439 | Avg Loss: 0.2683 | LR: 9.63e-05
2025-11-18 00:30:01 | INFO | Epoch 1 | Batch 18800/50000 | Loss: 0.0049 | Avg Loss: 0.2682 | LR: 9.63e-05
2025-11-18 00:30:01 | INFO | Epoch 1 | Batch 18810/50000 | Loss: 0.0010 | Avg Loss: 0.2681 | LR: 9.63e-05
2025-11-18 00:30:02 | INFO | Epoch 1 | Batch 18820/50000 | Loss: 0.0008 | Avg Loss: 0.2679 | LR: 9.63e-05
2025-11-18 00:30:02 | INFO | Epoch 1 | Batch 18830/50000 | Loss: 0.0007 | Avg Loss: 0.2678 | LR: 9.63e-05
2025-11-18 00:30:02 | INFO | Epoch 1 | Batch 18840/50000 | Loss: 0.0165 | Avg Loss: 0.2677 | LR: 9.63e-05
2025-11-18 00:30:02 | INFO | Epoch 1 | Batch 18850/50000 | Loss: 0.0023 | Avg Loss: 0.2676 | LR: 9.63e-05
2025-11-18 00:30:02 | INFO | Epoch 1 | Batch 18860/50000 | Loss: 0.0071 | Avg Loss: 0.2674 | LR: 9.63e-05
2025-11-18 00:30:02 | INFO | Epoch 1 | Batch 18870/50000 | Loss: 0.0102 | Avg Loss: 0.2673 | LR: 9.63e-05
2025-11-18 00:30:02 | INFO | Epoch 1 | Batch 18880/50000 | Loss: 0.0013 | Avg Loss: 0.2672 | LR: 9.63e-05
2025-11-18 00:30:02 | INFO | Epoch 1 | Batch 18890/50000 | Loss: 0.0021 | Avg Loss: 0.2670 | LR: 9.63e-05
2025-11-18 00:30:02 | INFO | Epoch 1 | Batch 18900/50000 | Loss: 0.0019 | Avg Loss: 0.2669 | LR: 9.63e-05
2025-11-18 00:30:02 | INFO | Epoch 1 | Batch 18910/50000 | Loss: 0.0431 | Avg Loss: 0.2668 | LR: 9.63e-05
2025-11-18 00:30:02 | INFO | Epoch 1 | Batch 18920/50000 | Loss: 0.0523 | Avg Loss: 0.2666 | LR: 9.63e-05
2025-11-18 00:30:02 | INFO | Epoch 1 | Batch 18930/50000 | Loss: 0.0017 | Avg Loss: 0.2665 | LR: 9.63e-05
2025-11-18 00:30:02 | INFO | Epoch 1 | Batch 18940/50000 | Loss: 0.0017 | Avg Loss: 0.2664 | LR: 9.63e-05
2025-11-18 00:30:02 | INFO | Epoch 1 | Batch 18950/50000 | Loss: 0.0276 | Avg Loss: 0.2663 | LR: 9.63e-05
2025-11-18 00:30:03 | INFO | Epoch 1 | Batch 18960/50000 | Loss: 0.0092 | Avg Loss: 0.2662 | LR: 9.63e-05
2025-11-18 00:30:03 | INFO | Epoch 1 | Batch 18970/50000 | Loss: 0.0095 | Avg Loss: 0.2660 | LR: 9.62e-05
2025-11-18 00:30:03 | INFO | Epoch 1 | Batch 18980/50000 | Loss: 0.0104 | Avg Loss: 0.2659 | LR: 9.62e-05
2025-11-18 00:30:03 | INFO | Epoch 1 | Batch 18990/50000 | Loss: 0.0012 | Avg Loss: 0.2658 | LR: 9.62e-05
2025-11-18 00:30:03 | INFO | Epoch 1 | Batch 19000/50000 | Loss: 0.0011 | Avg Loss: 0.2656 | LR: 9.62e-05
2025-11-18 00:30:03 | INFO | Epoch 1 | Batch 19010/50000 | Loss: 0.0007 | Avg Loss: 0.2655 | LR: 9.62e-05
2025-11-18 00:30:03 | INFO | Epoch 1 | Batch 19020/50000 | Loss: 0.0379 | Avg Loss: 0.2654 | LR: 9.62e-05
2025-11-18 00:30:03 | INFO | Epoch 1 | Batch 19030/50000 | Loss: 0.0753 | Avg Loss: 0.2653 | LR: 9.62e-05
2025-11-18 00:30:03 | INFO | Epoch 1 | Batch 19040/50000 | Loss: 0.0017 | Avg Loss: 0.2651 | LR: 9.62e-05
2025-11-18 00:30:03 | INFO | Epoch 1 | Batch 19050/50000 | Loss: 0.0893 | Avg Loss: 0.2650 | LR: 9.62e-05
2025-11-18 00:30:03 | INFO | Epoch 1 | Batch 19060/50000 | Loss: 0.0016 | Avg Loss: 0.2649 | LR: 9.62e-05
2025-11-18 00:30:03 | INFO | Epoch 1 | Batch 19070/50000 | Loss: 0.0622 | Avg Loss: 0.2648 | LR: 9.62e-05
2025-11-18 00:30:03 | INFO | Epoch 1 | Batch 19080/50000 | Loss: 0.0268 | Avg Loss: 0.2646 | LR: 9.62e-05
2025-11-18 00:30:03 | INFO | Epoch 1 | Batch 19090/50000 | Loss: 0.0358 | Avg Loss: 0.2645 | LR: 9.62e-05
2025-11-18 00:30:04 | INFO | Epoch 1 | Batch 19100/50000 | Loss: 0.0093 | Avg Loss: 0.2644 | LR: 9.62e-05
2025-11-18 00:30:04 | INFO | Epoch 1 | Batch 19110/50000 | Loss: 0.0007 | Avg Loss: 0.2643 | LR: 9.62e-05
2025-11-18 00:30:04 | INFO | Epoch 1 | Batch 19120/50000 | Loss: 0.0062 | Avg Loss: 0.2641 | LR: 9.62e-05
2025-11-18 00:30:04 | INFO | Epoch 1 | Batch 19130/50000 | Loss: 0.0007 | Avg Loss: 0.2640 | LR: 9.62e-05
2025-11-18 00:30:04 | INFO | Epoch 1 | Batch 19140/50000 | Loss: 0.0013 | Avg Loss: 0.2639 | LR: 9.62e-05
2025-11-18 00:30:04 | INFO | Epoch 1 | Batch 19150/50000 | Loss: 0.0427 | Avg Loss: 0.2638 | LR: 9.62e-05
2025-11-18 00:30:04 | INFO | Epoch 1 | Batch 19160/50000 | Loss: 0.0006 | Avg Loss: 0.2636 | LR: 9.62e-05
2025-11-18 00:30:04 | INFO | Epoch 1 | Batch 19170/50000 | Loss: 0.0168 | Avg Loss: 0.2635 | LR: 9.62e-05
2025-11-18 00:30:04 | INFO | Epoch 1 | Batch 19180/50000 | Loss: 0.0321 | Avg Loss: 0.2634 | LR: 9.62e-05
2025-11-18 00:30:04 | INFO | Epoch 1 | Batch 19190/50000 | Loss: 0.0062 | Avg Loss: 0.2633 | LR: 9.62e-05
2025-11-18 00:30:04 | INFO | Epoch 1 | Batch 19200/50000 | Loss: 0.0059 | Avg Loss: 0.2632 | LR: 9.62e-05
2025-11-18 00:30:04 | INFO | Epoch 1 | Batch 19210/50000 | Loss: 0.0024 | Avg Loss: 0.2630 | LR: 9.62e-05
2025-11-18 00:30:04 | INFO | Epoch 1 | Batch 19220/50000 | Loss: 0.0008 | Avg Loss: 0.2629 | LR: 9.61e-05
2025-11-18 00:30:04 | INFO | Epoch 1 | Batch 19230/50000 | Loss: 0.0231 | Avg Loss: 0.2628 | LR: 9.61e-05
2025-11-18 00:30:04 | INFO | Epoch 1 | Batch 19240/50000 | Loss: 0.0338 | Avg Loss: 0.2627 | LR: 9.61e-05
2025-11-18 00:30:05 | INFO | Epoch 1 | Batch 19250/50000 | Loss: 0.0017 | Avg Loss: 0.2625 | LR: 9.61e-05
2025-11-18 00:30:05 | INFO | Epoch 1 | Batch 19260/50000 | Loss: 0.0597 | Avg Loss: 0.2624 | LR: 9.61e-05
2025-11-18 00:30:05 | INFO | Epoch 1 | Batch 19270/50000 | Loss: 0.0257 | Avg Loss: 0.2623 | LR: 9.61e-05
2025-11-18 00:30:05 | INFO | Epoch 1 | Batch 19280/50000 | Loss: 0.0039 | Avg Loss: 0.2622 | LR: 9.61e-05
2025-11-18 00:30:05 | INFO | Epoch 1 | Batch 19290/50000 | Loss: 0.0224 | Avg Loss: 0.2620 | LR: 9.61e-05
2025-11-18 00:30:05 | INFO | Epoch 1 | Batch 19300/50000 | Loss: 0.0033 | Avg Loss: 0.2619 | LR: 9.61e-05
2025-11-18 00:30:05 | INFO | Epoch 1 | Batch 19310/50000 | Loss: 0.0021 | Avg Loss: 0.2618 | LR: 9.61e-05
2025-11-18 00:30:05 | INFO | Epoch 1 | Batch 19320/50000 | Loss: 0.0006 | Avg Loss: 0.2617 | LR: 9.61e-05
2025-11-18 00:30:05 | INFO | Epoch 1 | Batch 19330/50000 | Loss: 0.0010 | Avg Loss: 0.2615 | LR: 9.61e-05
2025-11-18 00:30:05 | INFO | Epoch 1 | Batch 19340/50000 | Loss: 0.0250 | Avg Loss: 0.2614 | LR: 9.61e-05
2025-11-18 00:30:05 | INFO | Epoch 1 | Batch 19350/50000 | Loss: 0.1041 | Avg Loss: 0.2613 | LR: 9.61e-05
2025-11-18 00:30:05 | INFO | Epoch 1 | Batch 19360/50000 | Loss: 0.0006 | Avg Loss: 0.2612 | LR: 9.61e-05
2025-11-18 00:30:05 | INFO | Epoch 1 | Batch 19370/50000 | Loss: 0.0209 | Avg Loss: 0.2611 | LR: 9.61e-05
2025-11-18 00:30:05 | INFO | Epoch 1 | Batch 19380/50000 | Loss: 0.0575 | Avg Loss: 0.2609 | LR: 9.61e-05
2025-11-18 00:30:06 | INFO | Epoch 1 | Batch 19390/50000 | Loss: 0.0181 | Avg Loss: 0.2608 | LR: 9.61e-05
2025-11-18 00:30:06 | INFO | Epoch 1 | Batch 19400/50000 | Loss: 0.0034 | Avg Loss: 0.2607 | LR: 9.61e-05
2025-11-18 00:30:06 | INFO | Epoch 1 | Batch 19410/50000 | Loss: 0.0040 | Avg Loss: 0.2605 | LR: 9.61e-05
2025-11-18 00:30:06 | INFO | Epoch 1 | Batch 19420/50000 | Loss: 0.0247 | Avg Loss: 0.2604 | LR: 9.61e-05
2025-11-18 00:30:06 | INFO | Epoch 1 | Batch 19430/50000 | Loss: 0.0008 | Avg Loss: 0.2603 | LR: 9.61e-05
2025-11-18 00:30:06 | INFO | Epoch 1 | Batch 19440/50000 | Loss: 0.0005 | Avg Loss: 0.2602 | LR: 9.61e-05
2025-11-18 00:30:06 | INFO | Epoch 1 | Batch 19450/50000 | Loss: 0.0104 | Avg Loss: 0.2601 | LR: 9.61e-05
2025-11-18 00:30:06 | INFO | Epoch 1 | Batch 19460/50000 | Loss: 0.0028 | Avg Loss: 0.2599 | LR: 9.60e-05
2025-11-18 00:30:06 | INFO | Epoch 1 | Batch 19470/50000 | Loss: 0.0044 | Avg Loss: 0.2598 | LR: 9.60e-05
2025-11-18 00:30:06 | INFO | Epoch 1 | Batch 19480/50000 | Loss: 0.0008 | Avg Loss: 0.2597 | LR: 9.60e-05
2025-11-18 00:30:06 | INFO | Epoch 1 | Batch 19490/50000 | Loss: 0.0009 | Avg Loss: 0.2596 | LR: 9.60e-05
2025-11-18 00:30:06 | INFO | Epoch 1 | Batch 19500/50000 | Loss: 0.0032 | Avg Loss: 0.2594 | LR: 9.60e-05
2025-11-18 00:30:06 | INFO | Epoch 1 | Batch 19510/50000 | Loss: 0.0121 | Avg Loss: 0.2593 | LR: 9.60e-05
2025-11-18 00:30:06 | INFO | Epoch 1 | Batch 19520/50000 | Loss: 0.0207 | Avg Loss: 0.2592 | LR: 9.60e-05
2025-11-18 00:30:06 | INFO | Epoch 1 | Batch 19530/50000 | Loss: 0.0013 | Avg Loss: 0.2591 | LR: 9.60e-05
2025-11-18 00:30:07 | INFO | Epoch 1 | Batch 19540/50000 | Loss: 0.0163 | Avg Loss: 0.2589 | LR: 9.60e-05
2025-11-18 00:30:07 | INFO | Epoch 1 | Batch 19550/50000 | Loss: 0.0023 | Avg Loss: 0.2588 | LR: 9.60e-05
2025-11-18 00:30:07 | INFO | Epoch 1 | Batch 19560/50000 | Loss: 0.0049 | Avg Loss: 0.2587 | LR: 9.60e-05
2025-11-18 00:30:07 | INFO | Epoch 1 | Batch 19570/50000 | Loss: 0.0012 | Avg Loss: 0.2586 | LR: 9.60e-05
2025-11-18 00:30:07 | INFO | Epoch 1 | Batch 19580/50000 | Loss: 0.0277 | Avg Loss: 0.2585 | LR: 9.60e-05
2025-11-18 00:30:07 | INFO | Epoch 1 | Batch 19590/50000 | Loss: 0.0252 | Avg Loss: 0.2584 | LR: 9.60e-05
2025-11-18 00:30:07 | INFO | Epoch 1 | Batch 19600/50000 | Loss: 0.0184 | Avg Loss: 0.2582 | LR: 9.60e-05
2025-11-18 00:30:07 | INFO | Epoch 1 | Batch 19610/50000 | Loss: 0.0476 | Avg Loss: 0.2581 | LR: 9.60e-05
2025-11-18 00:30:07 | INFO | Epoch 1 | Batch 19620/50000 | Loss: 0.0013 | Avg Loss: 0.2580 | LR: 9.60e-05
2025-11-18 00:30:07 | INFO | Epoch 1 | Batch 19630/50000 | Loss: 0.1137 | Avg Loss: 0.2579 | LR: 9.60e-05
2025-11-18 00:30:07 | INFO | Epoch 1 | Batch 19640/50000 | Loss: 0.0078 | Avg Loss: 0.2578 | LR: 9.60e-05
2025-11-18 00:30:07 | INFO | Epoch 1 | Batch 19650/50000 | Loss: 0.0011 | Avg Loss: 0.2576 | LR: 9.60e-05
2025-11-18 00:30:07 | INFO | Epoch 1 | Batch 19660/50000 | Loss: 0.0022 | Avg Loss: 0.2575 | LR: 9.60e-05
2025-11-18 00:30:07 | INFO | Epoch 1 | Batch 19670/50000 | Loss: 0.0012 | Avg Loss: 0.2574 | LR: 9.60e-05
2025-11-18 00:30:08 | INFO | Epoch 1 | Batch 19680/50000 | Loss: 0.2117 | Avg Loss: 0.2573 | LR: 9.60e-05
2025-11-18 00:30:08 | INFO | Epoch 1 | Batch 19690/50000 | Loss: 0.0013 | Avg Loss: 0.2572 | LR: 9.60e-05
2025-11-18 00:30:08 | INFO | Epoch 1 | Batch 19700/50000 | Loss: 0.0006 | Avg Loss: 0.2570 | LR: 9.59e-05
2025-11-18 00:30:08 | INFO | Epoch 1 | Batch 19710/50000 | Loss: 0.0010 | Avg Loss: 0.2569 | LR: 9.59e-05
2025-11-18 00:30:08 | INFO | Epoch 1 | Batch 19720/50000 | Loss: 0.1890 | Avg Loss: 0.2568 | LR: 9.59e-05
2025-11-18 00:30:08 | INFO | Epoch 1 | Batch 19730/50000 | Loss: 0.0086 | Avg Loss: 0.2567 | LR: 9.59e-05
2025-11-18 00:30:08 | INFO | Epoch 1 | Batch 19740/50000 | Loss: 0.0010 | Avg Loss: 0.2566 | LR: 9.59e-05
2025-11-18 00:30:08 | INFO | Epoch 1 | Batch 19750/50000 | Loss: 0.0112 | Avg Loss: 0.2564 | LR: 9.59e-05
2025-11-18 00:30:08 | INFO | Epoch 1 | Batch 19760/50000 | Loss: 0.0006 | Avg Loss: 0.2563 | LR: 9.59e-05
2025-11-18 00:30:08 | INFO | Epoch 1 | Batch 19770/50000 | Loss: 0.0074 | Avg Loss: 0.2562 | LR: 9.59e-05
2025-11-18 00:30:08 | INFO | Epoch 1 | Batch 19780/50000 | Loss: 0.0004 | Avg Loss: 0.2561 | LR: 9.59e-05
2025-11-18 00:30:08 | INFO | Epoch 1 | Batch 19790/50000 | Loss: 0.0004 | Avg Loss: 0.2560 | LR: 9.59e-05
2025-11-18 00:30:08 | INFO | Epoch 1 | Batch 19800/50000 | Loss: 0.0056 | Avg Loss: 0.2558 | LR: 9.59e-05
2025-11-18 00:30:08 | INFO | Epoch 1 | Batch 19810/50000 | Loss: 0.0005 | Avg Loss: 0.2557 | LR: 9.59e-05
2025-11-18 00:30:09 | INFO | Epoch 1 | Batch 19820/50000 | Loss: 0.0014 | Avg Loss: 0.2556 | LR: 9.59e-05
2025-11-18 00:30:09 | INFO | Epoch 1 | Batch 19830/50000 | Loss: 0.0582 | Avg Loss: 0.2555 | LR: 9.59e-05
2025-11-18 00:30:09 | INFO | Epoch 1 | Batch 19840/50000 | Loss: 0.0020 | Avg Loss: 0.2554 | LR: 9.59e-05
2025-11-18 00:30:09 | INFO | Epoch 1 | Batch 19850/50000 | Loss: 0.0514 | Avg Loss: 0.2552 | LR: 9.59e-05
2025-11-18 00:30:09 | INFO | Epoch 1 | Batch 19860/50000 | Loss: 0.0413 | Avg Loss: 0.2551 | LR: 9.59e-05
2025-11-18 00:30:09 | INFO | Epoch 1 | Batch 19870/50000 | Loss: 0.0107 | Avg Loss: 0.2550 | LR: 9.59e-05
2025-11-18 00:30:09 | INFO | Epoch 1 | Batch 19880/50000 | Loss: 0.0154 | Avg Loss: 0.2549 | LR: 9.59e-05
2025-11-18 00:30:09 | INFO | Epoch 1 | Batch 19890/50000 | Loss: 0.0015 | Avg Loss: 0.2548 | LR: 9.59e-05
2025-11-18 00:30:09 | INFO | Epoch 1 | Batch 19900/50000 | Loss: 0.0017 | Avg Loss: 0.2546 | LR: 9.59e-05
2025-11-18 00:30:09 | INFO | Epoch 1 | Batch 19910/50000 | Loss: 0.0226 | Avg Loss: 0.2545 | LR: 9.59e-05
2025-11-18 00:30:09 | INFO | Epoch 1 | Batch 19920/50000 | Loss: 0.0047 | Avg Loss: 0.2544 | LR: 9.59e-05
2025-11-18 00:30:09 | INFO | Epoch 1 | Batch 19930/50000 | Loss: 0.0580 | Avg Loss: 0.2543 | LR: 9.59e-05
2025-11-18 00:30:09 | INFO | Epoch 1 | Batch 19940/50000 | Loss: 0.0006 | Avg Loss: 0.2542 | LR: 9.58e-05
2025-11-18 00:30:09 | INFO | Epoch 1 | Batch 19950/50000 | Loss: 0.0067 | Avg Loss: 0.2541 | LR: 9.58e-05
2025-11-18 00:30:09 | INFO | Epoch 1 | Batch 19960/50000 | Loss: 0.0004 | Avg Loss: 0.2539 | LR: 9.58e-05
2025-11-18 00:30:10 | INFO | Epoch 1 | Batch 19970/50000 | Loss: 0.0117 | Avg Loss: 0.2538 | LR: 9.58e-05
2025-11-18 00:30:10 | INFO | Epoch 1 | Batch 19980/50000 | Loss: 0.0012 | Avg Loss: 0.2537 | LR: 9.58e-05
2025-11-18 00:30:10 | INFO | Epoch 1 | Batch 19990/50000 | Loss: 0.0121 | Avg Loss: 0.2536 | LR: 9.58e-05
2025-11-18 00:30:10 | INFO | Epoch 1 | Batch 20000/50000 | Loss: 0.0257 | Avg Loss: 0.2535 | LR: 9.58e-05
2025-11-18 00:30:10 | INFO | Epoch 1 | Batch 20010/50000 | Loss: 0.0011 | Avg Loss: 0.2533 | LR: 9.58e-05
2025-11-18 00:30:10 | INFO | Epoch 1 | Batch 20020/50000 | Loss: 0.0960 | Avg Loss: 0.2532 | LR: 9.58e-05
2025-11-18 00:30:10 | INFO | Epoch 1 | Batch 20030/50000 | Loss: 0.0040 | Avg Loss: 0.2531 | LR: 9.58e-05
2025-11-18 00:30:10 | INFO | Epoch 1 | Batch 20040/50000 | Loss: 0.0020 | Avg Loss: 0.2530 | LR: 9.58e-05
2025-11-18 00:30:10 | INFO | Epoch 1 | Batch 20050/50000 | Loss: 0.0013 | Avg Loss: 0.2529 | LR: 9.58e-05
2025-11-18 00:30:10 | INFO | Epoch 1 | Batch 20060/50000 | Loss: 0.0071 | Avg Loss: 0.2528 | LR: 9.58e-05
2025-11-18 00:30:10 | INFO | Epoch 1 | Batch 20070/50000 | Loss: 0.0006 | Avg Loss: 0.2527 | LR: 9.58e-05
2025-11-18 00:30:10 | INFO | Epoch 1 | Batch 20080/50000 | Loss: 0.0159 | Avg Loss: 0.2525 | LR: 9.58e-05
2025-11-18 00:30:10 | INFO | Epoch 1 | Batch 20090/50000 | Loss: 0.0080 | Avg Loss: 0.2524 | LR: 9.58e-05
2025-11-18 00:30:10 | INFO | Epoch 1 | Batch 20100/50000 | Loss: 0.0019 | Avg Loss: 0.2523 | LR: 9.58e-05
2025-11-18 00:30:11 | INFO | Epoch 1 | Batch 20110/50000 | Loss: 0.0008 | Avg Loss: 0.2522 | LR: 9.58e-05
2025-11-18 00:30:11 | INFO | Epoch 1 | Batch 20120/50000 | Loss: 0.0223 | Avg Loss: 0.2521 | LR: 9.58e-05
2025-11-18 00:30:11 | INFO | Epoch 1 | Batch 20130/50000 | Loss: 0.0124 | Avg Loss: 0.2520 | LR: 9.58e-05
2025-11-18 00:30:11 | INFO | Epoch 1 | Batch 20140/50000 | Loss: 0.0008 | Avg Loss: 0.2519 | LR: 9.58e-05
2025-11-18 00:30:11 | INFO | Epoch 1 | Batch 20150/50000 | Loss: 0.0033 | Avg Loss: 0.2518 | LR: 9.58e-05
2025-11-18 00:30:11 | INFO | Epoch 1 | Batch 20160/50000 | Loss: 0.0194 | Avg Loss: 0.2516 | LR: 9.58e-05
2025-11-18 00:30:11 | INFO | Epoch 1 | Batch 20170/50000 | Loss: 0.0351 | Avg Loss: 0.2515 | LR: 9.58e-05
2025-11-18 00:30:11 | INFO | Epoch 1 | Batch 20180/50000 | Loss: 0.0007 | Avg Loss: 0.2514 | LR: 9.57e-05
2025-11-18 00:30:11 | INFO | Epoch 1 | Batch 20190/50000 | Loss: 0.0589 | Avg Loss: 0.2513 | LR: 9.57e-05
2025-11-18 00:30:11 | INFO | Epoch 1 | Batch 20200/50000 | Loss: 0.0022 | Avg Loss: 0.2512 | LR: 9.57e-05
2025-11-18 00:30:11 | INFO | Epoch 1 | Batch 20210/50000 | Loss: 0.0010 | Avg Loss: 0.2511 | LR: 9.57e-05
2025-11-18 00:30:11 | INFO | Epoch 1 | Batch 20220/50000 | Loss: 0.0272 | Avg Loss: 0.2510 | LR: 9.57e-05
2025-11-18 00:30:11 | INFO | Epoch 1 | Batch 20230/50000 | Loss: 0.0007 | Avg Loss: 0.2508 | LR: 9.57e-05
2025-11-18 00:30:11 | INFO | Epoch 1 | Batch 20240/50000 | Loss: 0.0004 | Avg Loss: 0.2507 | LR: 9.57e-05
2025-11-18 00:30:11 | INFO | Epoch 1 | Batch 20250/50000 | Loss: 0.0245 | Avg Loss: 0.2506 | LR: 9.57e-05
2025-11-18 00:30:12 | INFO | Epoch 1 | Batch 20260/50000 | Loss: 0.0106 | Avg Loss: 0.2505 | LR: 9.57e-05
2025-11-18 00:30:12 | INFO | Epoch 1 | Batch 20270/50000 | Loss: 0.0008 | Avg Loss: 0.2504 | LR: 9.57e-05
2025-11-18 00:30:12 | INFO | Epoch 1 | Batch 20280/50000 | Loss: 0.0017 | Avg Loss: 0.2503 | LR: 9.57e-05
2025-11-18 00:30:12 | INFO | Epoch 1 | Batch 20290/50000 | Loss: 0.0007 | Avg Loss: 0.2502 | LR: 9.57e-05
2025-11-18 00:30:12 | INFO | Epoch 1 | Batch 20300/50000 | Loss: 0.0629 | Avg Loss: 0.2500 | LR: 9.57e-05
2025-11-18 00:30:12 | INFO | Epoch 1 | Batch 20310/50000 | Loss: 0.0484 | Avg Loss: 0.2499 | LR: 9.57e-05
2025-11-18 00:30:12 | INFO | Epoch 1 | Batch 20320/50000 | Loss: 0.0039 | Avg Loss: 0.2498 | LR: 9.57e-05
2025-11-18 00:30:12 | INFO | Epoch 1 | Batch 20330/50000 | Loss: 0.0257 | Avg Loss: 0.2497 | LR: 9.57e-05
2025-11-18 00:30:12 | INFO | Epoch 1 | Batch 20340/50000 | Loss: 0.0007 | Avg Loss: 0.2496 | LR: 9.57e-05
2025-11-18 00:30:12 | INFO | Epoch 1 | Batch 20350/50000 | Loss: 0.0006 | Avg Loss: 0.2495 | LR: 9.57e-05
2025-11-18 00:30:12 | INFO | Epoch 1 | Batch 20360/50000 | Loss: 0.0006 | Avg Loss: 0.2494 | LR: 9.57e-05
2025-11-18 00:30:12 | INFO | Epoch 1 | Batch 20370/50000 | Loss: 0.0131 | Avg Loss: 0.2493 | LR: 9.57e-05
2025-11-18 00:30:12 | INFO | Epoch 1 | Batch 20380/50000 | Loss: 0.0208 | Avg Loss: 0.2491 | LR: 9.57e-05
2025-11-18 00:30:12 | INFO | Epoch 1 | Batch 20390/50000 | Loss: 0.0238 | Avg Loss: 0.2490 | LR: 9.57e-05
2025-11-18 00:30:13 | INFO | Epoch 1 | Batch 20400/50000 | Loss: 0.0006 | Avg Loss: 0.2489 | LR: 9.57e-05
2025-11-18 00:30:13 | INFO | Epoch 1 | Batch 20410/50000 | Loss: 0.0226 | Avg Loss: 0.2488 | LR: 9.57e-05
2025-11-18 00:30:13 | INFO | Epoch 1 | Batch 20420/50000 | Loss: 0.0015 | Avg Loss: 0.2487 | LR: 9.56e-05
2025-11-18 00:30:13 | INFO | Epoch 1 | Batch 20430/50000 | Loss: 0.0008 | Avg Loss: 0.2486 | LR: 9.56e-05
2025-11-18 00:30:13 | INFO | Epoch 1 | Batch 20440/50000 | Loss: 0.0020 | Avg Loss: 0.2485 | LR: 9.56e-05
2025-11-18 00:30:13 | INFO | Epoch 1 | Batch 20450/50000 | Loss: 0.0135 | Avg Loss: 0.2484 | LR: 9.56e-05
2025-11-18 00:30:13 | INFO | Epoch 1 | Batch 20460/50000 | Loss: 0.0007 | Avg Loss: 0.2482 | LR: 9.56e-05
2025-11-18 00:30:13 | INFO | Epoch 1 | Batch 20470/50000 | Loss: 0.0382 | Avg Loss: 0.2481 | LR: 9.56e-05
2025-11-18 00:30:13 | INFO | Epoch 1 | Batch 20480/50000 | Loss: 0.0509 | Avg Loss: 0.2480 | LR: 9.56e-05
2025-11-18 00:30:13 | INFO | Epoch 1 | Batch 20490/50000 | Loss: 0.0010 | Avg Loss: 0.2479 | LR: 9.56e-05
2025-11-18 00:30:13 | INFO | Epoch 1 | Batch 20500/50000 | Loss: 0.0074 | Avg Loss: 0.2478 | LR: 9.56e-05
2025-11-18 00:30:13 | INFO | Epoch 1 | Batch 20510/50000 | Loss: 0.0069 | Avg Loss: 0.2477 | LR: 9.56e-05
2025-11-18 00:30:13 | INFO | Epoch 1 | Batch 20520/50000 | Loss: 0.0205 | Avg Loss: 0.2476 | LR: 9.56e-05
2025-11-18 00:30:13 | INFO | Epoch 1 | Batch 20530/50000 | Loss: 0.0123 | Avg Loss: 0.2475 | LR: 9.56e-05
2025-11-18 00:30:14 | INFO | Epoch 1 | Batch 20540/50000 | Loss: 0.0005 | Avg Loss: 0.2474 | LR: 9.56e-05
2025-11-18 00:30:14 | INFO | Epoch 1 | Batch 20550/50000 | Loss: 0.0014 | Avg Loss: 0.2473 | LR: 9.56e-05
2025-11-18 00:30:14 | INFO | Epoch 1 | Batch 20560/50000 | Loss: 0.0036 | Avg Loss: 0.2472 | LR: 9.56e-05
2025-11-18 00:30:14 | INFO | Epoch 1 | Batch 20570/50000 | Loss: 0.0006 | Avg Loss: 0.2471 | LR: 9.56e-05
2025-11-18 00:30:14 | INFO | Epoch 1 | Batch 20580/50000 | Loss: 0.0147 | Avg Loss: 0.2469 | LR: 9.56e-05
2025-11-18 00:30:14 | INFO | Epoch 1 | Batch 20590/50000 | Loss: 0.0004 | Avg Loss: 0.2468 | LR: 9.56e-05
2025-11-18 00:30:14 | INFO | Epoch 1 | Batch 20600/50000 | Loss: 0.0049 | Avg Loss: 0.2467 | LR: 9.56e-05
2025-11-18 00:30:14 | INFO | Epoch 1 | Batch 20610/50000 | Loss: 0.0695 | Avg Loss: 0.2466 | LR: 9.56e-05
2025-11-18 00:30:14 | INFO | Epoch 1 | Batch 20620/50000 | Loss: 0.0173 | Avg Loss: 0.2465 | LR: 9.56e-05
2025-11-18 00:30:14 | INFO | Epoch 1 | Batch 20630/50000 | Loss: 0.0442 | Avg Loss: 0.2464 | LR: 9.56e-05
2025-11-18 00:30:14 | INFO | Epoch 1 | Batch 20640/50000 | Loss: 0.0132 | Avg Loss: 0.2463 | LR: 9.56e-05
2025-11-18 00:30:14 | INFO | Epoch 1 | Batch 20650/50000 | Loss: 0.0007 | Avg Loss: 0.2462 | LR: 9.55e-05
2025-11-18 00:30:14 | INFO | Epoch 1 | Batch 20660/50000 | Loss: 0.0151 | Avg Loss: 0.2461 | LR: 9.55e-05
2025-11-18 00:30:14 | INFO | Epoch 1 | Batch 20670/50000 | Loss: 0.0049 | Avg Loss: 0.2460 | LR: 9.55e-05
2025-11-18 00:30:14 | INFO | Epoch 1 | Batch 20680/50000 | Loss: 0.0014 | Avg Loss: 0.2459 | LR: 9.55e-05
2025-11-18 00:30:15 | INFO | Epoch 1 | Batch 20690/50000 | Loss: 0.0105 | Avg Loss: 0.2458 | LR: 9.55e-05
2025-11-18 00:30:15 | INFO | Epoch 1 | Batch 20700/50000 | Loss: 0.0129 | Avg Loss: 0.2456 | LR: 9.55e-05
2025-11-18 00:30:15 | INFO | Epoch 1 | Batch 20710/50000 | Loss: 0.0458 | Avg Loss: 0.2455 | LR: 9.55e-05
2025-11-18 00:30:15 | INFO | Epoch 1 | Batch 20720/50000 | Loss: 0.0011 | Avg Loss: 0.2454 | LR: 9.55e-05
2025-11-18 00:30:15 | INFO | Epoch 1 | Batch 20730/50000 | Loss: 0.0222 | Avg Loss: 0.2453 | LR: 9.55e-05
2025-11-18 00:30:15 | INFO | Epoch 1 | Batch 20740/50000 | Loss: 0.0014 | Avg Loss: 0.2452 | LR: 9.55e-05
2025-11-18 00:30:15 | INFO | Epoch 1 | Batch 20750/50000 | Loss: 0.0018 | Avg Loss: 0.2451 | LR: 9.55e-05
2025-11-18 00:30:15 | INFO | Epoch 1 | Batch 20760/50000 | Loss: 0.0041 | Avg Loss: 0.2450 | LR: 9.55e-05
2025-11-18 00:30:15 | INFO | Epoch 1 | Batch 20770/50000 | Loss: 0.0153 | Avg Loss: 0.2449 | LR: 9.55e-05
2025-11-18 00:30:15 | INFO | Epoch 1 | Batch 20780/50000 | Loss: 0.0020 | Avg Loss: 0.2448 | LR: 9.55e-05
2025-11-18 00:30:15 | INFO | Epoch 1 | Batch 20790/50000 | Loss: 0.0008 | Avg Loss: 0.2447 | LR: 9.55e-05
2025-11-18 00:30:15 | INFO | Epoch 1 | Batch 20800/50000 | Loss: 0.0185 | Avg Loss: 0.2446 | LR: 9.55e-05
2025-11-18 00:30:15 | INFO | Epoch 1 | Batch 20810/50000 | Loss: 0.0246 | Avg Loss: 0.2445 | LR: 9.55e-05
2025-11-18 00:30:15 | INFO | Epoch 1 | Batch 20820/50000 | Loss: 0.0061 | Avg Loss: 0.2443 | LR: 9.55e-05
2025-11-18 00:30:16 | INFO | Epoch 1 | Batch 20830/50000 | Loss: 0.0019 | Avg Loss: 0.2442 | LR: 9.55e-05
2025-11-18 00:30:16 | INFO | Epoch 1 | Batch 20840/50000 | Loss: 0.0664 | Avg Loss: 0.2441 | LR: 9.55e-05
2025-11-18 00:30:16 | INFO | Epoch 1 | Batch 20850/50000 | Loss: 0.0200 | Avg Loss: 0.2440 | LR: 9.55e-05
2025-11-18 00:30:16 | INFO | Epoch 1 | Batch 20860/50000 | Loss: 0.0280 | Avg Loss: 0.2439 | LR: 9.55e-05
2025-11-18 00:30:16 | INFO | Epoch 1 | Batch 20870/50000 | Loss: 0.0585 | Avg Loss: 0.2438 | LR: 9.55e-05
2025-11-18 00:30:16 | INFO | Epoch 1 | Batch 20880/50000 | Loss: 0.0009 | Avg Loss: 0.2437 | LR: 9.54e-05
2025-11-18 00:30:16 | INFO | Epoch 1 | Batch 20890/50000 | Loss: 0.0916 | Avg Loss: 0.2436 | LR: 9.54e-05
2025-11-18 00:30:16 | INFO | Epoch 1 | Batch 20900/50000 | Loss: 0.0060 | Avg Loss: 0.2435 | LR: 9.54e-05
2025-11-18 00:30:16 | INFO | Epoch 1 | Batch 20910/50000 | Loss: 0.0128 | Avg Loss: 0.2434 | LR: 9.54e-05
2025-11-18 00:30:16 | INFO | Epoch 1 | Batch 20920/50000 | Loss: 0.0940 | Avg Loss: 0.2433 | LR: 9.54e-05
2025-11-18 00:30:16 | INFO | Epoch 1 | Batch 20930/50000 | Loss: 0.0019 | Avg Loss: 0.2432 | LR: 9.54e-05
2025-11-18 00:30:16 | INFO | Epoch 1 | Batch 20940/50000 | Loss: 0.0011 | Avg Loss: 0.2431 | LR: 9.54e-05
2025-11-18 00:30:16 | INFO | Epoch 1 | Batch 20950/50000 | Loss: 0.0663 | Avg Loss: 0.2430 | LR: 9.54e-05
2025-11-18 00:30:16 | INFO | Epoch 1 | Batch 20960/50000 | Loss: 0.0328 | Avg Loss: 0.2429 | LR: 9.54e-05
2025-11-18 00:30:17 | INFO | Epoch 1 | Batch 20970/50000 | Loss: 0.0006 | Avg Loss: 0.2428 | LR: 9.54e-05
2025-11-18 00:30:17 | INFO | Epoch 1 | Batch 20980/50000 | Loss: 0.0008 | Avg Loss: 0.2427 | LR: 9.54e-05
2025-11-18 00:30:17 | INFO | Epoch 1 | Batch 20990/50000 | Loss: 0.0014 | Avg Loss: 0.2425 | LR: 9.54e-05
2025-11-18 00:30:17 | INFO | Epoch 1 | Batch 21000/50000 | Loss: 0.0043 | Avg Loss: 0.2424 | LR: 9.54e-05
2025-11-18 00:30:17 | INFO | Epoch 1 | Batch 21010/50000 | Loss: 0.0199 | Avg Loss: 0.2423 | LR: 9.54e-05
2025-11-18 00:30:17 | INFO | Epoch 1 | Batch 21020/50000 | Loss: 0.0055 | Avg Loss: 0.2422 | LR: 9.54e-05
2025-11-18 00:30:17 | INFO | Epoch 1 | Batch 21030/50000 | Loss: 0.0026 | Avg Loss: 0.2421 | LR: 9.54e-05
2025-11-18 00:30:17 | INFO | Epoch 1 | Batch 21040/50000 | Loss: 0.0004 | Avg Loss: 0.2420 | LR: 9.54e-05
2025-11-18 00:30:17 | INFO | Epoch 1 | Batch 21050/50000 | Loss: 0.0009 | Avg Loss: 0.2419 | LR: 9.54e-05
2025-11-18 00:30:17 | INFO | Epoch 1 | Batch 21060/50000 | Loss: 0.0021 | Avg Loss: 0.2418 | LR: 9.54e-05
2025-11-18 00:30:17 | INFO | Epoch 1 | Batch 21070/50000 | Loss: 0.0134 | Avg Loss: 0.2417 | LR: 9.54e-05
2025-11-18 00:30:17 | INFO | Epoch 1 | Batch 21080/50000 | Loss: 0.0888 | Avg Loss: 0.2416 | LR: 9.54e-05
2025-11-18 00:30:17 | INFO | Epoch 1 | Batch 21090/50000 | Loss: 0.0247 | Avg Loss: 0.2415 | LR: 9.54e-05
2025-11-18 00:30:17 | INFO | Epoch 1 | Batch 21100/50000 | Loss: 0.0012 | Avg Loss: 0.2414 | LR: 9.53e-05
2025-11-18 00:30:17 | INFO | Epoch 1 | Batch 21110/50000 | Loss: 0.0467 | Avg Loss: 0.2413 | LR: 9.53e-05
2025-11-18 00:30:18 | INFO | Epoch 1 | Batch 21120/50000 | Loss: 0.0173 | Avg Loss: 0.2412 | LR: 9.53e-05
2025-11-18 00:30:18 | INFO | Epoch 1 | Batch 21130/50000 | Loss: 0.0134 | Avg Loss: 0.2410 | LR: 9.53e-05
2025-11-18 00:30:18 | INFO | Epoch 1 | Batch 21140/50000 | Loss: 0.0174 | Avg Loss: 0.2409 | LR: 9.53e-05
2025-11-18 00:30:18 | INFO | Epoch 1 | Batch 21150/50000 | Loss: 0.0201 | Avg Loss: 0.2408 | LR: 9.53e-05
2025-11-18 00:30:18 | INFO | Epoch 1 | Batch 21160/50000 | Loss: 0.0443 | Avg Loss: 0.2408 | LR: 9.53e-05
2025-11-18 00:30:18 | INFO | Epoch 1 | Batch 21170/50000 | Loss: 0.0031 | Avg Loss: 0.2406 | LR: 9.53e-05
2025-11-18 00:30:18 | INFO | Epoch 1 | Batch 21180/50000 | Loss: 0.0720 | Avg Loss: 0.2405 | LR: 9.53e-05
2025-11-18 00:30:18 | INFO | Epoch 1 | Batch 21190/50000 | Loss: 0.0009 | Avg Loss: 0.2404 | LR: 9.53e-05
2025-11-18 00:30:18 | INFO | Epoch 1 | Batch 21200/50000 | Loss: 0.0016 | Avg Loss: 0.2403 | LR: 9.53e-05
2025-11-18 00:30:18 | INFO | Epoch 1 | Batch 21210/50000 | Loss: 0.0024 | Avg Loss: 0.2402 | LR: 9.53e-05
2025-11-18 00:30:18 | INFO | Epoch 1 | Batch 21220/50000 | Loss: 0.0007 | Avg Loss: 0.2401 | LR: 9.53e-05
2025-11-18 00:30:18 | INFO | Epoch 1 | Batch 21230/50000 | Loss: 0.0042 | Avg Loss: 0.2400 | LR: 9.53e-05
2025-11-18 00:30:18 | INFO | Epoch 1 | Batch 21240/50000 | Loss: 0.0004 | Avg Loss: 0.2399 | LR: 9.53e-05
2025-11-18 00:30:18 | INFO | Epoch 1 | Batch 21250/50000 | Loss: 0.0005 | Avg Loss: 0.2398 | LR: 9.53e-05
2025-11-18 00:30:19 | INFO | Epoch 1 | Batch 21260/50000 | Loss: 0.0127 | Avg Loss: 0.2397 | LR: 9.53e-05
2025-11-18 00:30:19 | INFO | Epoch 1 | Batch 21270/50000 | Loss: 0.0247 | Avg Loss: 0.2396 | LR: 9.53e-05
2025-11-18 00:30:19 | INFO | Epoch 1 | Batch 21280/50000 | Loss: 0.0487 | Avg Loss: 0.2395 | LR: 9.53e-05
2025-11-18 00:30:19 | INFO | Epoch 1 | Batch 21290/50000 | Loss: 0.0011 | Avg Loss: 0.2394 | LR: 9.53e-05
2025-11-18 00:30:19 | INFO | Epoch 1 | Batch 21300/50000 | Loss: 0.0005 | Avg Loss: 0.2393 | LR: 9.53e-05
2025-11-18 00:30:19 | INFO | Epoch 1 | Batch 21310/50000 | Loss: 0.0107 | Avg Loss: 0.2392 | LR: 9.53e-05
2025-11-18 00:30:19 | INFO | Epoch 1 | Batch 21320/50000 | Loss: 0.0277 | Avg Loss: 0.2391 | LR: 9.53e-05
2025-11-18 00:30:19 | INFO | Epoch 1 | Batch 21330/50000 | Loss: 0.0013 | Avg Loss: 0.2390 | LR: 9.52e-05
2025-11-18 00:30:19 | INFO | Epoch 1 | Batch 21340/50000 | Loss: 0.0048 | Avg Loss: 0.2389 | LR: 9.52e-05
2025-11-18 00:30:19 | INFO | Epoch 1 | Batch 21350/50000 | Loss: 0.0176 | Avg Loss: 0.2388 | LR: 9.52e-05
2025-11-18 00:30:19 | INFO | Epoch 1 | Batch 21360/50000 | Loss: 0.0006 | Avg Loss: 0.2387 | LR: 9.52e-05
2025-11-18 00:30:19 | INFO | Epoch 1 | Batch 21370/50000 | Loss: 0.0010 | Avg Loss: 0.2386 | LR: 9.52e-05
2025-11-18 00:30:19 | INFO | Epoch 1 | Batch 21380/50000 | Loss: 0.0004 | Avg Loss: 0.2385 | LR: 9.52e-05
2025-11-18 00:30:19 | INFO | Epoch 1 | Batch 21390/50000 | Loss: 0.0398 | Avg Loss: 0.2384 | LR: 9.52e-05
2025-11-18 00:30:20 | INFO | Epoch 1 | Batch 21400/50000 | Loss: 0.0004 | Avg Loss: 0.2383 | LR: 9.52e-05
2025-11-18 00:30:20 | INFO | Epoch 1 | Batch 21410/50000 | Loss: 0.0003 | Avg Loss: 0.2382 | LR: 9.52e-05
2025-11-18 00:30:20 | INFO | Epoch 1 | Batch 21420/50000 | Loss: 0.0152 | Avg Loss: 0.2381 | LR: 9.52e-05
2025-11-18 00:30:20 | INFO | Epoch 1 | Batch 21430/50000 | Loss: 0.0005 | Avg Loss: 0.2380 | LR: 9.52e-05
2025-11-18 00:30:20 | INFO | Epoch 1 | Batch 21440/50000 | Loss: 0.0005 | Avg Loss: 0.2379 | LR: 9.52e-05
2025-11-18 00:30:20 | INFO | Epoch 1 | Batch 21450/50000 | Loss: 0.0004 | Avg Loss: 0.2378 | LR: 9.52e-05
2025-11-18 00:30:20 | INFO | Epoch 1 | Batch 21460/50000 | Loss: 0.0204 | Avg Loss: 0.2376 | LR: 9.52e-05
2025-11-18 00:30:20 | INFO | Epoch 1 | Batch 21470/50000 | Loss: 0.0007 | Avg Loss: 0.2375 | LR: 9.52e-05
2025-11-18 00:30:20 | INFO | Epoch 1 | Batch 21480/50000 | Loss: 0.0449 | Avg Loss: 0.2374 | LR: 9.52e-05
2025-11-18 00:30:20 | INFO | Epoch 1 | Batch 21490/50000 | Loss: 0.0007 | Avg Loss: 0.2373 | LR: 9.52e-05
2025-11-18 00:30:20 | INFO | Epoch 1 | Batch 21500/50000 | Loss: 0.0246 | Avg Loss: 0.2372 | LR: 9.52e-05
2025-11-18 00:30:20 | INFO | Epoch 1 | Batch 21510/50000 | Loss: 0.0830 | Avg Loss: 0.2371 | LR: 9.52e-05
2025-11-18 00:30:20 | INFO | Epoch 1 | Batch 21520/50000 | Loss: 0.0040 | Avg Loss: 0.2370 | LR: 9.52e-05
2025-11-18 00:30:20 | INFO | Epoch 1 | Batch 21530/50000 | Loss: 0.0013 | Avg Loss: 0.2369 | LR: 9.52e-05
2025-11-18 00:30:20 | INFO | Epoch 1 | Batch 21540/50000 | Loss: 0.0005 | Avg Loss: 0.2368 | LR: 9.52e-05
2025-11-18 00:30:21 | INFO | Epoch 1 | Batch 21550/50000 | Loss: 0.0006 | Avg Loss: 0.2367 | LR: 9.51e-05
2025-11-18 00:30:21 | INFO | Epoch 1 | Batch 21560/50000 | Loss: 0.0033 | Avg Loss: 0.2366 | LR: 9.51e-05
2025-11-18 00:30:21 | INFO | Epoch 1 | Batch 21570/50000 | Loss: 0.0008 | Avg Loss: 0.2365 | LR: 9.51e-05
2025-11-18 00:30:21 | INFO | Epoch 1 | Batch 21580/50000 | Loss: 0.0012 | Avg Loss: 0.2364 | LR: 9.51e-05
2025-11-18 00:30:21 | INFO | Epoch 1 | Batch 21590/50000 | Loss: 0.0314 | Avg Loss: 0.2363 | LR: 9.51e-05
2025-11-18 00:30:21 | INFO | Epoch 1 | Batch 21600/50000 | Loss: 0.0003 | Avg Loss: 0.2362 | LR: 9.51e-05
2025-11-18 00:30:21 | INFO | Epoch 1 | Batch 21610/50000 | Loss: 0.0687 | Avg Loss: 0.2361 | LR: 9.51e-05
2025-11-18 00:30:21 | INFO | Epoch 1 | Batch 21620/50000 | Loss: 0.0253 | Avg Loss: 0.2360 | LR: 9.51e-05
2025-11-18 00:30:21 | INFO | Epoch 1 | Batch 21630/50000 | Loss: 0.0183 | Avg Loss: 0.2359 | LR: 9.51e-05
2025-11-18 00:30:21 | INFO | Epoch 1 | Batch 21640/50000 | Loss: 0.0053 | Avg Loss: 0.2358 | LR: 9.51e-05
2025-11-18 00:30:21 | INFO | Epoch 1 | Batch 21650/50000 | Loss: 0.0135 | Avg Loss: 0.2357 | LR: 9.51e-05
2025-11-18 00:30:21 | INFO | Epoch 1 | Batch 21660/50000 | Loss: 0.0371 | Avg Loss: 0.2356 | LR: 9.51e-05
2025-11-18 00:30:21 | INFO | Epoch 1 | Batch 21670/50000 | Loss: 0.0006 | Avg Loss: 0.2355 | LR: 9.51e-05
2025-11-18 00:30:21 | INFO | Epoch 1 | Batch 21680/50000 | Loss: 0.0983 | Avg Loss: 0.2354 | LR: 9.51e-05
2025-11-18 00:30:22 | INFO | Epoch 1 | Batch 21690/50000 | Loss: 0.1214 | Avg Loss: 0.2353 | LR: 9.51e-05
2025-11-18 00:30:22 | INFO | Epoch 1 | Batch 21700/50000 | Loss: 0.0082 | Avg Loss: 0.2352 | LR: 9.51e-05
2025-11-18 00:30:22 | INFO | Epoch 1 | Batch 21710/50000 | Loss: 0.0004 | Avg Loss: 0.2351 | LR: 9.51e-05
2025-11-18 00:30:22 | INFO | Epoch 1 | Batch 21720/50000 | Loss: 0.0040 | Avg Loss: 0.2350 | LR: 9.51e-05
2025-11-18 00:30:22 | INFO | Epoch 1 | Batch 21730/50000 | Loss: 0.0198 | Avg Loss: 0.2349 | LR: 9.51e-05
2025-11-18 00:30:22 | INFO | Epoch 1 | Batch 21740/50000 | Loss: 0.0010 | Avg Loss: 0.2348 | LR: 9.51e-05
2025-11-18 00:30:22 | INFO | Epoch 1 | Batch 21750/50000 | Loss: 0.0077 | Avg Loss: 0.2347 | LR: 9.51e-05
2025-11-18 00:30:22 | INFO | Epoch 1 | Batch 21760/50000 | Loss: 0.0022 | Avg Loss: 0.2346 | LR: 9.51e-05
2025-11-18 00:30:22 | INFO | Epoch 1 | Batch 21770/50000 | Loss: 0.0650 | Avg Loss: 0.2345 | LR: 9.51e-05
2025-11-18 00:30:22 | INFO | Epoch 1 | Batch 21780/50000 | Loss: 0.0003 | Avg Loss: 0.2344 | LR: 9.50e-05
2025-11-18 00:30:22 | INFO | Epoch 1 | Batch 21790/50000 | Loss: 0.0093 | Avg Loss: 0.2343 | LR: 9.50e-05
2025-11-18 00:30:22 | INFO | Epoch 1 | Batch 21800/50000 | Loss: 0.0006 | Avg Loss: 0.2342 | LR: 9.50e-05
2025-11-18 00:30:22 | INFO | Epoch 1 | Batch 21810/50000 | Loss: 0.0039 | Avg Loss: 0.2341 | LR: 9.50e-05
2025-11-18 00:30:22 | INFO | Epoch 1 | Batch 21820/50000 | Loss: 0.0032 | Avg Loss: 0.2340 | LR: 9.50e-05
2025-11-18 00:30:23 | INFO | Epoch 1 | Batch 21830/50000 | Loss: 0.0313 | Avg Loss: 0.2339 | LR: 9.50e-05
2025-11-18 00:30:23 | INFO | Epoch 1 | Batch 21840/50000 | Loss: 0.0215 | Avg Loss: 0.2338 | LR: 9.50e-05
2025-11-18 00:30:23 | INFO | Epoch 1 | Batch 21850/50000 | Loss: 0.0317 | Avg Loss: 0.2337 | LR: 9.50e-05
2025-11-18 00:30:23 | INFO | Epoch 1 | Batch 21860/50000 | Loss: 0.0020 | Avg Loss: 0.2336 | LR: 9.50e-05
2025-11-18 00:30:23 | INFO | Epoch 1 | Batch 21870/50000 | Loss: 0.0146 | Avg Loss: 0.2335 | LR: 9.50e-05
2025-11-18 00:30:23 | INFO | Epoch 1 | Batch 21880/50000 | Loss: 0.0011 | Avg Loss: 0.2334 | LR: 9.50e-05
2025-11-18 00:30:23 | INFO | Epoch 1 | Batch 21890/50000 | Loss: 0.0005 | Avg Loss: 0.2333 | LR: 9.50e-05
2025-11-18 00:30:23 | INFO | Epoch 1 | Batch 21900/50000 | Loss: 0.0005 | Avg Loss: 0.2332 | LR: 9.50e-05
2025-11-18 00:30:23 | INFO | Epoch 1 | Batch 21910/50000 | Loss: 0.0006 | Avg Loss: 0.2331 | LR: 9.50e-05
2025-11-18 00:30:23 | INFO | Epoch 1 | Batch 21920/50000 | Loss: 0.0154 | Avg Loss: 0.2331 | LR: 9.50e-05
2025-11-18 00:30:23 | INFO | Epoch 1 | Batch 21930/50000 | Loss: 0.0102 | Avg Loss: 0.2330 | LR: 9.50e-05
2025-11-18 00:30:23 | INFO | Epoch 1 | Batch 21940/50000 | Loss: 0.0361 | Avg Loss: 0.2329 | LR: 9.50e-05
2025-11-18 00:30:23 | INFO | Epoch 1 | Batch 21950/50000 | Loss: 0.0213 | Avg Loss: 0.2328 | LR: 9.50e-05
2025-11-18 00:30:23 | INFO | Epoch 1 | Batch 21960/50000 | Loss: 0.0003 | Avg Loss: 0.2327 | LR: 9.50e-05
2025-11-18 00:30:23 | INFO | Epoch 1 | Batch 21970/50000 | Loss: 0.0064 | Avg Loss: 0.2326 | LR: 9.50e-05
2025-11-18 00:30:24 | INFO | Epoch 1 | Batch 21980/50000 | Loss: 0.0011 | Avg Loss: 0.2325 | LR: 9.50e-05
2025-11-18 00:30:24 | INFO | Epoch 1 | Batch 21990/50000 | Loss: 0.0263 | Avg Loss: 0.2324 | LR: 9.49e-05
2025-11-18 00:30:24 | INFO | Epoch 1 | Batch 22000/50000 | Loss: 0.0032 | Avg Loss: 0.2323 | LR: 9.49e-05
2025-11-18 00:30:24 | INFO | Epoch 1 | Batch 22010/50000 | Loss: 0.0145 | Avg Loss: 0.2322 | LR: 9.49e-05
2025-11-18 00:30:24 | INFO | Epoch 1 | Batch 22020/50000 | Loss: 0.0003 | Avg Loss: 0.2321 | LR: 9.49e-05
2025-11-18 00:30:24 | INFO | Epoch 1 | Batch 22030/50000 | Loss: 0.2820 | Avg Loss: 0.2320 | LR: 9.49e-05
2025-11-18 00:30:24 | INFO | Epoch 1 | Batch 22040/50000 | Loss: 0.0008 | Avg Loss: 0.2319 | LR: 9.49e-05
2025-11-18 00:30:24 | INFO | Epoch 1 | Batch 22050/50000 | Loss: 0.0008 | Avg Loss: 0.2318 | LR: 9.49e-05
2025-11-18 00:30:24 | INFO | Epoch 1 | Batch 22060/50000 | Loss: 0.1820 | Avg Loss: 0.2317 | LR: 9.49e-05
2025-11-18 00:30:24 | INFO | Epoch 1 | Batch 22070/50000 | Loss: 0.0846 | Avg Loss: 0.2316 | LR: 9.49e-05
2025-11-18 00:30:24 | INFO | Epoch 1 | Batch 22080/50000 | Loss: 0.0010 | Avg Loss: 0.2315 | LR: 9.49e-05
2025-11-18 00:30:24 | INFO | Epoch 1 | Batch 22090/50000 | Loss: 0.0006 | Avg Loss: 0.2314 | LR: 9.49e-05
2025-11-18 00:30:24 | INFO | Epoch 1 | Batch 22100/50000 | Loss: 0.0032 | Avg Loss: 0.2313 | LR: 9.49e-05
2025-11-18 00:30:24 | INFO | Epoch 1 | Batch 22110/50000 | Loss: 0.0010 | Avg Loss: 0.2313 | LR: 9.49e-05
2025-11-18 00:30:25 | INFO | Epoch 1 | Batch 22120/50000 | Loss: 0.0017 | Avg Loss: 0.2312 | LR: 9.49e-05
2025-11-18 00:30:25 | INFO | Epoch 1 | Batch 22130/50000 | Loss: 0.0085 | Avg Loss: 0.2311 | LR: 9.49e-05
2025-11-18 00:30:25 | INFO | Epoch 1 | Batch 22140/50000 | Loss: 0.0007 | Avg Loss: 0.2310 | LR: 9.49e-05
2025-11-18 00:30:25 | INFO | Epoch 1 | Batch 22150/50000 | Loss: 0.0035 | Avg Loss: 0.2308 | LR: 9.49e-05
2025-11-18 00:30:25 | INFO | Epoch 1 | Batch 22160/50000 | Loss: 0.0409 | Avg Loss: 0.2308 | LR: 9.49e-05
2025-11-18 00:30:25 | INFO | Epoch 1 | Batch 22170/50000 | Loss: 0.0071 | Avg Loss: 0.2307 | LR: 9.49e-05
2025-11-18 00:30:25 | INFO | Epoch 1 | Batch 22180/50000 | Loss: 0.0157 | Avg Loss: 0.2306 | LR: 9.49e-05
2025-11-18 00:30:25 | INFO | Epoch 1 | Batch 22190/50000 | Loss: 0.0243 | Avg Loss: 0.2305 | LR: 9.49e-05
2025-11-18 00:30:25 | INFO | Epoch 1 | Batch 22200/50000 | Loss: 0.0845 | Avg Loss: 0.2304 | LR: 9.49e-05
2025-11-18 00:30:25 | INFO | Epoch 1 | Batch 22210/50000 | Loss: 0.0299 | Avg Loss: 0.2303 | LR: 9.48e-05
2025-11-18 00:30:25 | INFO | Epoch 1 | Batch 22220/50000 | Loss: 0.0017 | Avg Loss: 0.2302 | LR: 9.48e-05
2025-11-18 00:30:25 | INFO | Epoch 1 | Batch 22230/50000 | Loss: 0.0143 | Avg Loss: 0.2301 | LR: 9.48e-05
2025-11-18 00:30:25 | INFO | Epoch 1 | Batch 22240/50000 | Loss: 0.0133 | Avg Loss: 0.2300 | LR: 9.48e-05
2025-11-18 00:30:25 | INFO | Epoch 1 | Batch 22250/50000 | Loss: 0.0008 | Avg Loss: 0.2299 | LR: 9.48e-05
2025-11-18 00:30:26 | INFO | Epoch 1 | Batch 22260/50000 | Loss: 0.0234 | Avg Loss: 0.2298 | LR: 9.48e-05
2025-11-18 00:30:26 | INFO | Epoch 1 | Batch 22270/50000 | Loss: 0.0012 | Avg Loss: 0.2297 | LR: 9.48e-05
2025-11-18 00:30:26 | INFO | Epoch 1 | Batch 22280/50000 | Loss: 0.0016 | Avg Loss: 0.2296 | LR: 9.48e-05
2025-11-18 00:30:26 | INFO | Epoch 1 | Batch 22290/50000 | Loss: 0.0009 | Avg Loss: 0.2295 | LR: 9.48e-05
2025-11-18 00:30:26 | INFO | Epoch 1 | Batch 22300/50000 | Loss: 0.0276 | Avg Loss: 0.2294 | LR: 9.48e-05
2025-11-18 00:30:26 | INFO | Epoch 1 | Batch 22310/50000 | Loss: 0.0179 | Avg Loss: 0.2293 | LR: 9.48e-05
2025-11-18 00:30:26 | INFO | Epoch 1 | Batch 22320/50000 | Loss: 0.0193 | Avg Loss: 0.2292 | LR: 9.48e-05
2025-11-18 00:30:26 | INFO | Epoch 1 | Batch 22330/50000 | Loss: 0.0247 | Avg Loss: 0.2291 | LR: 9.48e-05
2025-11-18 00:30:26 | INFO | Epoch 1 | Batch 22340/50000 | Loss: 0.0008 | Avg Loss: 0.2290 | LR: 9.48e-05
2025-11-18 00:30:26 | INFO | Epoch 1 | Batch 22350/50000 | Loss: 0.0131 | Avg Loss: 0.2289 | LR: 9.48e-05
2025-11-18 00:30:26 | INFO | Epoch 1 | Batch 22360/50000 | Loss: 0.0243 | Avg Loss: 0.2288 | LR: 9.48e-05
2025-11-18 00:30:26 | INFO | Epoch 1 | Batch 22370/50000 | Loss: 0.0010 | Avg Loss: 0.2287 | LR: 9.48e-05
2025-11-18 00:30:26 | INFO | Epoch 1 | Batch 22380/50000 | Loss: 0.0003 | Avg Loss: 0.2286 | LR: 9.48e-05
2025-11-18 00:30:26 | INFO | Epoch 1 | Batch 22390/50000 | Loss: 0.0004 | Avg Loss: 0.2285 | LR: 9.48e-05
2025-11-18 00:30:26 | INFO | Epoch 1 | Batch 22400/50000 | Loss: 0.0014 | Avg Loss: 0.2284 | LR: 9.48e-05
2025-11-18 00:30:27 | INFO | Epoch 1 | Batch 22410/50000 | Loss: 0.0057 | Avg Loss: 0.2283 | LR: 9.48e-05
2025-11-18 00:30:27 | INFO | Epoch 1 | Batch 22420/50000 | Loss: 0.0046 | Avg Loss: 0.2282 | LR: 9.47e-05
2025-11-18 00:30:27 | INFO | Epoch 1 | Batch 22430/50000 | Loss: 0.0034 | Avg Loss: 0.2282 | LR: 9.47e-05
2025-11-18 00:30:27 | INFO | Epoch 1 | Batch 22440/50000 | Loss: 0.0327 | Avg Loss: 0.2281 | LR: 9.47e-05
2025-11-18 00:30:27 | INFO | Epoch 1 | Batch 22450/50000 | Loss: 0.0146 | Avg Loss: 0.2280 | LR: 9.47e-05
2025-11-18 00:30:27 | INFO | Epoch 1 | Batch 22460/50000 | Loss: 0.0015 | Avg Loss: 0.2279 | LR: 9.47e-05
2025-11-18 00:30:27 | INFO | Epoch 1 | Batch 22470/50000 | Loss: 0.0007 | Avg Loss: 0.2278 | LR: 9.47e-05
2025-11-18 00:30:27 | INFO | Epoch 1 | Batch 22480/50000 | Loss: 0.0005 | Avg Loss: 0.2277 | LR: 9.47e-05
2025-11-18 00:30:27 | INFO | Epoch 1 | Batch 22490/50000 | Loss: 0.0491 | Avg Loss: 0.2276 | LR: 9.47e-05
2025-11-18 00:30:27 | INFO | Epoch 1 | Batch 22500/50000 | Loss: 0.0277 | Avg Loss: 0.2275 | LR: 9.47e-05
2025-11-18 00:30:27 | INFO | Epoch 1 | Batch 22510/50000 | Loss: 0.0927 | Avg Loss: 0.2274 | LR: 9.47e-05
2025-11-18 00:30:27 | INFO | Epoch 1 | Batch 22520/50000 | Loss: 0.0127 | Avg Loss: 0.2273 | LR: 9.47e-05
2025-11-18 00:30:27 | INFO | Epoch 1 | Batch 22530/50000 | Loss: 0.0122 | Avg Loss: 0.2272 | LR: 9.47e-05
2025-11-18 00:30:27 | INFO | Epoch 1 | Batch 22540/50000 | Loss: 0.0018 | Avg Loss: 0.2271 | LR: 9.47e-05
2025-11-18 00:30:28 | INFO | Epoch 1 | Batch 22550/50000 | Loss: 0.0044 | Avg Loss: 0.2271 | LR: 9.47e-05
2025-11-18 00:30:28 | INFO | Epoch 1 | Batch 22560/50000 | Loss: 0.0017 | Avg Loss: 0.2270 | LR: 9.47e-05
2025-11-18 00:30:28 | INFO | Epoch 1 | Batch 22570/50000 | Loss: 0.0013 | Avg Loss: 0.2269 | LR: 9.47e-05
2025-11-18 00:30:28 | INFO | Epoch 1 | Batch 22580/50000 | Loss: 0.0054 | Avg Loss: 0.2268 | LR: 9.47e-05
2025-11-18 00:30:28 | INFO | Epoch 1 | Batch 22590/50000 | Loss: 0.0222 | Avg Loss: 0.2267 | LR: 9.47e-05
2025-11-18 00:30:28 | INFO | Epoch 1 | Batch 22600/50000 | Loss: 0.0004 | Avg Loss: 0.2266 | LR: 9.47e-05
2025-11-18 00:30:28 | INFO | Epoch 1 | Batch 22610/50000 | Loss: 0.0256 | Avg Loss: 0.2265 | LR: 9.47e-05
2025-11-18 00:30:28 | INFO | Epoch 1 | Batch 22620/50000 | Loss: 0.0369 | Avg Loss: 0.2264 | LR: 9.47e-05
2025-11-18 00:30:28 | INFO | Epoch 1 | Batch 22630/50000 | Loss: 0.0232 | Avg Loss: 0.2263 | LR: 9.47e-05
2025-11-18 00:30:28 | INFO | Epoch 1 | Batch 22640/50000 | Loss: 0.0167 | Avg Loss: 0.2262 | LR: 9.46e-05
2025-11-18 00:30:28 | INFO | Epoch 1 | Batch 22650/50000 | Loss: 0.0303 | Avg Loss: 0.2261 | LR: 9.46e-05
2025-11-18 00:30:28 | INFO | Epoch 1 | Batch 22660/50000 | Loss: 0.0020 | Avg Loss: 0.2260 | LR: 9.46e-05
2025-11-18 00:30:28 | INFO | Epoch 1 | Batch 22670/50000 | Loss: 0.2022 | Avg Loss: 0.2259 | LR: 9.46e-05
2025-11-18 00:30:28 | INFO | Epoch 1 | Batch 22680/50000 | Loss: 0.0062 | Avg Loss: 0.2258 | LR: 9.46e-05
2025-11-18 00:30:28 | INFO | Epoch 1 | Batch 22690/50000 | Loss: 0.0015 | Avg Loss: 0.2257 | LR: 9.46e-05
2025-11-18 00:30:29 | INFO | Epoch 1 | Batch 22700/50000 | Loss: 0.0268 | Avg Loss: 0.2257 | LR: 9.46e-05
2025-11-18 00:30:29 | INFO | Epoch 1 | Batch 22710/50000 | Loss: 0.0057 | Avg Loss: 0.2256 | LR: 9.46e-05
2025-11-18 00:30:29 | INFO | Epoch 1 | Batch 22720/50000 | Loss: 0.0033 | Avg Loss: 0.2255 | LR: 9.46e-05
2025-11-18 00:30:29 | INFO | Epoch 1 | Batch 22730/50000 | Loss: 0.0102 | Avg Loss: 0.2254 | LR: 9.46e-05
2025-11-18 00:30:29 | INFO | Epoch 1 | Batch 22740/50000 | Loss: 0.0489 | Avg Loss: 0.2253 | LR: 9.46e-05
2025-11-18 00:30:29 | INFO | Epoch 1 | Batch 22750/50000 | Loss: 0.0022 | Avg Loss: 0.2252 | LR: 9.46e-05
2025-11-18 00:30:29 | INFO | Epoch 1 | Batch 22760/50000 | Loss: 0.0414 | Avg Loss: 0.2251 | LR: 9.46e-05
2025-11-18 00:30:29 | INFO | Epoch 1 | Batch 22770/50000 | Loss: 0.0092 | Avg Loss: 0.2250 | LR: 9.46e-05
2025-11-18 00:30:29 | INFO | Epoch 1 | Batch 22780/50000 | Loss: 0.0013 | Avg Loss: 0.2249 | LR: 9.46e-05
2025-11-18 00:30:29 | INFO | Epoch 1 | Batch 22790/50000 | Loss: 0.0159 | Avg Loss: 0.2248 | LR: 9.46e-05
2025-11-18 00:30:29 | INFO | Epoch 1 | Batch 22800/50000 | Loss: 0.0009 | Avg Loss: 0.2247 | LR: 9.46e-05
2025-11-18 00:30:29 | INFO | Epoch 1 | Batch 22810/50000 | Loss: 0.0003 | Avg Loss: 0.2247 | LR: 9.46e-05
2025-11-18 00:30:29 | INFO | Epoch 1 | Batch 22820/50000 | Loss: 0.0119 | Avg Loss: 0.2246 | LR: 9.46e-05
2025-11-18 00:30:29 | INFO | Epoch 1 | Batch 22830/50000 | Loss: 0.0008 | Avg Loss: 0.2245 | LR: 9.46e-05
2025-11-18 00:30:30 | INFO | Epoch 1 | Batch 22840/50000 | Loss: 0.0363 | Avg Loss: 0.2244 | LR: 9.46e-05
2025-11-18 00:30:30 | INFO | Epoch 1 | Batch 22850/50000 | Loss: 0.0006 | Avg Loss: 0.2243 | LR: 9.45e-05
2025-11-18 00:30:30 | INFO | Epoch 1 | Batch 22860/50000 | Loss: 0.0019 | Avg Loss: 0.2242 | LR: 9.45e-05
2025-11-18 00:30:30 | INFO | Epoch 1 | Batch 22870/50000 | Loss: 0.0145 | Avg Loss: 0.2241 | LR: 9.45e-05
2025-11-18 00:30:30 | INFO | Epoch 1 | Batch 22880/50000 | Loss: 0.0459 | Avg Loss: 0.2240 | LR: 9.45e-05
2025-11-18 00:30:30 | INFO | Epoch 1 | Batch 22890/50000 | Loss: 0.0160 | Avg Loss: 0.2239 | LR: 9.45e-05
2025-11-18 00:30:30 | INFO | Epoch 1 | Batch 22900/50000 | Loss: 0.0010 | Avg Loss: 0.2239 | LR: 9.45e-05
2025-11-18 00:30:30 | INFO | Epoch 1 | Batch 22910/50000 | Loss: 0.1256 | Avg Loss: 0.2238 | LR: 9.45e-05
2025-11-18 00:30:30 | INFO | Epoch 1 | Batch 22920/50000 | Loss: 0.0027 | Avg Loss: 0.2237 | LR: 9.45e-05
2025-11-18 00:30:30 | INFO | Epoch 1 | Batch 22930/50000 | Loss: 0.0403 | Avg Loss: 0.2236 | LR: 9.45e-05
2025-11-18 00:30:30 | INFO | Epoch 1 | Batch 22940/50000 | Loss: 0.0187 | Avg Loss: 0.2235 | LR: 9.45e-05
2025-11-18 00:30:30 | INFO | Epoch 1 | Batch 22950/50000 | Loss: 0.0343 | Avg Loss: 0.2234 | LR: 9.45e-05
2025-11-18 00:30:30 | INFO | Epoch 1 | Batch 22960/50000 | Loss: 0.0605 | Avg Loss: 0.2234 | LR: 9.45e-05
2025-11-18 00:30:30 | INFO | Epoch 1 | Batch 22970/50000 | Loss: 0.0024 | Avg Loss: 0.2233 | LR: 9.45e-05
2025-11-18 00:30:31 | INFO | Epoch 1 | Batch 22980/50000 | Loss: 0.0026 | Avg Loss: 0.2232 | LR: 9.45e-05
2025-11-18 00:30:31 | INFO | Epoch 1 | Batch 22990/50000 | Loss: 0.0222 | Avg Loss: 0.2231 | LR: 9.45e-05
2025-11-18 00:30:31 | INFO | Epoch 1 | Batch 23000/50000 | Loss: 0.0003 | Avg Loss: 0.2230 | LR: 9.45e-05
2025-11-18 00:30:31 | INFO | Epoch 1 | Batch 23010/50000 | Loss: 0.0005 | Avg Loss: 0.2229 | LR: 9.45e-05
2025-11-18 00:30:31 | INFO | Epoch 1 | Batch 23020/50000 | Loss: 0.0241 | Avg Loss: 0.2228 | LR: 9.45e-05
2025-11-18 00:30:31 | INFO | Epoch 1 | Batch 23030/50000 | Loss: 0.0690 | Avg Loss: 0.2227 | LR: 9.45e-05
2025-11-18 00:30:31 | INFO | Epoch 1 | Batch 23040/50000 | Loss: 0.0004 | Avg Loss: 0.2226 | LR: 9.45e-05
2025-11-18 00:30:31 | INFO | Epoch 1 | Batch 23050/50000 | Loss: 0.0008 | Avg Loss: 0.2225 | LR: 9.45e-05
2025-11-18 00:30:31 | INFO | Epoch 1 | Batch 23060/50000 | Loss: 0.0041 | Avg Loss: 0.2225 | LR: 9.44e-05
2025-11-18 00:30:31 | INFO | Epoch 1 | Batch 23070/50000 | Loss: 0.0007 | Avg Loss: 0.2224 | LR: 9.44e-05
2025-11-18 00:30:31 | INFO | Epoch 1 | Batch 23080/50000 | Loss: 0.0011 | Avg Loss: 0.2223 | LR: 9.44e-05
2025-11-18 00:30:31 | INFO | Epoch 1 | Batch 23090/50000 | Loss: 0.0006 | Avg Loss: 0.2222 | LR: 9.44e-05
2025-11-18 00:30:31 | INFO | Epoch 1 | Batch 23100/50000 | Loss: 0.0115 | Avg Loss: 0.2221 | LR: 9.44e-05
2025-11-18 00:30:31 | INFO | Epoch 1 | Batch 23110/50000 | Loss: 0.0006 | Avg Loss: 0.2220 | LR: 9.44e-05
2025-11-18 00:30:31 | INFO | Epoch 1 | Batch 23120/50000 | Loss: 0.0028 | Avg Loss: 0.2219 | LR: 9.44e-05
2025-11-18 00:30:32 | INFO | Epoch 1 | Batch 23130/50000 | Loss: 0.0254 | Avg Loss: 0.2218 | LR: 9.44e-05
2025-11-18 00:30:32 | INFO | Epoch 1 | Batch 23140/50000 | Loss: 0.0005 | Avg Loss: 0.2218 | LR: 9.44e-05
2025-11-18 00:30:32 | INFO | Epoch 1 | Batch 23150/50000 | Loss: 0.0783 | Avg Loss: 0.2217 | LR: 9.44e-05
2025-11-18 00:30:32 | INFO | Epoch 1 | Batch 23160/50000 | Loss: 0.0006 | Avg Loss: 0.2216 | LR: 9.44e-05
2025-11-18 00:30:32 | INFO | Epoch 1 | Batch 23170/50000 | Loss: 0.0006 | Avg Loss: 0.2215 | LR: 9.44e-05
2025-11-18 00:30:32 | INFO | Epoch 1 | Batch 23180/50000 | Loss: 0.0217 | Avg Loss: 0.2214 | LR: 9.44e-05
2025-11-18 00:30:32 | INFO | Epoch 1 | Batch 23190/50000 | Loss: 0.0038 | Avg Loss: 0.2213 | LR: 9.44e-05
2025-11-18 00:30:32 | INFO | Epoch 1 | Batch 23200/50000 | Loss: 0.0290 | Avg Loss: 0.2212 | LR: 9.44e-05
2025-11-18 00:30:32 | INFO | Epoch 1 | Batch 23210/50000 | Loss: 0.0004 | Avg Loss: 0.2211 | LR: 9.44e-05
2025-11-18 00:30:32 | INFO | Epoch 1 | Batch 23220/50000 | Loss: 0.1298 | Avg Loss: 0.2211 | LR: 9.44e-05
2025-11-18 00:30:32 | INFO | Epoch 1 | Batch 23230/50000 | Loss: 0.0147 | Avg Loss: 0.2210 | LR: 9.44e-05
2025-11-18 00:30:32 | INFO | Epoch 1 | Batch 23240/50000 | Loss: 0.0101 | Avg Loss: 0.2209 | LR: 9.44e-05
2025-11-18 00:30:32 | INFO | Epoch 1 | Batch 23250/50000 | Loss: 0.0222 | Avg Loss: 0.2208 | LR: 9.44e-05
2025-11-18 00:30:32 | INFO | Epoch 1 | Batch 23260/50000 | Loss: 0.0036 | Avg Loss: 0.2207 | LR: 9.43e-05
2025-11-18 00:30:33 | INFO | Epoch 1 | Batch 23270/50000 | Loss: 0.0109 | Avg Loss: 0.2206 | LR: 9.43e-05
2025-11-18 00:30:33 | INFO | Epoch 1 | Batch 23280/50000 | Loss: 0.0191 | Avg Loss: 0.2205 | LR: 9.43e-05
2025-11-18 00:30:33 | INFO | Epoch 1 | Batch 23290/50000 | Loss: 0.0006 | Avg Loss: 0.2205 | LR: 9.43e-05
2025-11-18 00:30:33 | INFO | Epoch 1 | Batch 23300/50000 | Loss: 0.0009 | Avg Loss: 0.2204 | LR: 9.43e-05
2025-11-18 00:30:33 | INFO | Epoch 1 | Batch 23310/50000 | Loss: 0.0204 | Avg Loss: 0.2203 | LR: 9.43e-05
2025-11-18 00:30:33 | INFO | Epoch 1 | Batch 23320/50000 | Loss: 0.0030 | Avg Loss: 0.2202 | LR: 9.43e-05
2025-11-18 00:30:33 | INFO | Epoch 1 | Batch 23330/50000 | Loss: 0.0063 | Avg Loss: 0.2201 | LR: 9.43e-05
2025-11-18 00:30:33 | INFO | Epoch 1 | Batch 23340/50000 | Loss: 0.0007 | Avg Loss: 0.2201 | LR: 9.43e-05
2025-11-18 00:30:33 | INFO | Epoch 1 | Batch 23350/50000 | Loss: 0.0006 | Avg Loss: 0.2200 | LR: 9.43e-05
2025-11-18 00:30:33 | INFO | Epoch 1 | Batch 23360/50000 | Loss: 0.0006 | Avg Loss: 0.2199 | LR: 9.43e-05
2025-11-18 00:30:33 | INFO | Epoch 1 | Batch 23370/50000 | Loss: 0.0015 | Avg Loss: 0.2198 | LR: 9.43e-05
2025-11-18 00:30:33 | INFO | Epoch 1 | Batch 23380/50000 | Loss: 0.0084 | Avg Loss: 0.2197 | LR: 9.43e-05
2025-11-18 00:30:33 | INFO | Epoch 1 | Batch 23390/50000 | Loss: 0.0337 | Avg Loss: 0.2196 | LR: 9.43e-05
2025-11-18 00:30:33 | INFO | Epoch 1 | Batch 23400/50000 | Loss: 0.0077 | Avg Loss: 0.2195 | LR: 9.43e-05
2025-11-18 00:30:34 | INFO | Epoch 1 | Batch 23410/50000 | Loss: 0.0015 | Avg Loss: 0.2194 | LR: 9.43e-05
2025-11-18 00:30:34 | INFO | Epoch 1 | Batch 23420/50000 | Loss: 0.0004 | Avg Loss: 0.2194 | LR: 9.43e-05
2025-11-18 00:30:34 | INFO | Epoch 1 | Batch 23430/50000 | Loss: 0.0124 | Avg Loss: 0.2193 | LR: 9.43e-05
2025-11-18 00:30:34 | INFO | Epoch 1 | Batch 23440/50000 | Loss: 0.0023 | Avg Loss: 0.2192 | LR: 9.43e-05
2025-11-18 00:30:34 | INFO | Epoch 1 | Batch 23450/50000 | Loss: 0.0005 | Avg Loss: 0.2191 | LR: 9.43e-05
2025-11-18 00:30:34 | INFO | Epoch 1 | Batch 23460/50000 | Loss: 0.0264 | Avg Loss: 0.2190 | LR: 9.43e-05
2025-11-18 00:30:34 | INFO | Epoch 1 | Batch 23470/50000 | Loss: 0.0084 | Avg Loss: 0.2189 | LR: 9.42e-05
2025-11-18 00:30:34 | INFO | Epoch 1 | Batch 23480/50000 | Loss: 0.0493 | Avg Loss: 0.2188 | LR: 9.42e-05
2025-11-18 00:30:34 | INFO | Epoch 1 | Batch 23490/50000 | Loss: 0.0013 | Avg Loss: 0.2188 | LR: 9.42e-05
2025-11-18 00:30:34 | INFO | Epoch 1 | Batch 23500/50000 | Loss: 0.0221 | Avg Loss: 0.2187 | LR: 9.42e-05
2025-11-18 00:30:34 | INFO | Epoch 1 | Batch 23510/50000 | Loss: 0.0016 | Avg Loss: 0.2186 | LR: 9.42e-05
2025-11-18 00:30:34 | INFO | Epoch 1 | Batch 23520/50000 | Loss: 0.0203 | Avg Loss: 0.2185 | LR: 9.42e-05
2025-11-18 00:30:34 | INFO | Epoch 1 | Batch 23530/50000 | Loss: 0.0195 | Avg Loss: 0.2184 | LR: 9.42e-05
2025-11-18 00:30:34 | INFO | Epoch 1 | Batch 23540/50000 | Loss: 0.0068 | Avg Loss: 0.2183 | LR: 9.42e-05
2025-11-18 00:30:34 | INFO | Epoch 1 | Batch 23550/50000 | Loss: 0.0262 | Avg Loss: 0.2182 | LR: 9.42e-05
2025-11-18 00:30:35 | INFO | Epoch 1 | Batch 23560/50000 | Loss: 0.0010 | Avg Loss: 0.2182 | LR: 9.42e-05
2025-11-18 00:30:35 | INFO | Epoch 1 | Batch 23570/50000 | Loss: 0.0006 | Avg Loss: 0.2181 | LR: 9.42e-05
2025-11-18 00:30:35 | INFO | Epoch 1 | Batch 23580/50000 | Loss: 0.0367 | Avg Loss: 0.2180 | LR: 9.42e-05
2025-11-18 00:30:35 | INFO | Epoch 1 | Batch 23590/50000 | Loss: 0.0023 | Avg Loss: 0.2179 | LR: 9.42e-05
2025-11-18 00:30:35 | INFO | Epoch 1 | Batch 23600/50000 | Loss: 0.0228 | Avg Loss: 0.2178 | LR: 9.42e-05
2025-11-18 00:30:35 | INFO | Epoch 1 | Batch 23610/50000 | Loss: 0.0167 | Avg Loss: 0.2177 | LR: 9.42e-05
2025-11-18 00:30:35 | INFO | Epoch 1 | Batch 23620/50000 | Loss: 0.0337 | Avg Loss: 0.2176 | LR: 9.42e-05
2025-11-18 00:30:35 | INFO | Epoch 1 | Batch 23630/50000 | Loss: 0.0235 | Avg Loss: 0.2176 | LR: 9.42e-05
2025-11-18 00:30:35 | INFO | Epoch 1 | Batch 23640/50000 | Loss: 0.0003 | Avg Loss: 0.2175 | LR: 9.42e-05
2025-11-18 00:30:35 | INFO | Epoch 1 | Batch 23650/50000 | Loss: 0.0136 | Avg Loss: 0.2174 | LR: 9.42e-05
2025-11-18 00:30:35 | INFO | Epoch 1 | Batch 23660/50000 | Loss: 0.0011 | Avg Loss: 0.2173 | LR: 9.42e-05
2025-11-18 00:30:35 | INFO | Epoch 1 | Batch 23670/50000 | Loss: 0.0004 | Avg Loss: 0.2172 | LR: 9.41e-05
2025-11-18 00:30:35 | INFO | Epoch 1 | Batch 23680/50000 | Loss: 0.0002 | Avg Loss: 0.2171 | LR: 9.41e-05
2025-11-18 00:30:35 | INFO | Epoch 1 | Batch 23690/50000 | Loss: 0.0132 | Avg Loss: 0.2170 | LR: 9.41e-05
2025-11-18 00:30:36 | INFO | Epoch 1 | Batch 23700/50000 | Loss: 0.0009 | Avg Loss: 0.2170 | LR: 9.41e-05
2025-11-18 00:30:36 | INFO | Epoch 1 | Batch 23710/50000 | Loss: 0.0035 | Avg Loss: 0.2169 | LR: 9.41e-05
2025-11-18 00:30:36 | INFO | Epoch 1 | Batch 23720/50000 | Loss: 0.0119 | Avg Loss: 0.2168 | LR: 9.41e-05
2025-11-18 00:30:36 | INFO | Epoch 1 | Batch 23730/50000 | Loss: 0.0006 | Avg Loss: 0.2167 | LR: 9.41e-05
2025-11-18 00:30:36 | INFO | Epoch 1 | Batch 23740/50000 | Loss: 0.0100 | Avg Loss: 0.2166 | LR: 9.41e-05
2025-11-18 00:30:36 | INFO | Epoch 1 | Batch 23750/50000 | Loss: 0.0024 | Avg Loss: 0.2166 | LR: 9.41e-05
2025-11-18 00:30:36 | INFO | Epoch 1 | Batch 23760/50000 | Loss: 0.0149 | Avg Loss: 0.2165 | LR: 9.41e-05
2025-11-18 00:30:36 | INFO | Epoch 1 | Batch 23770/50000 | Loss: 0.0343 | Avg Loss: 0.2164 | LR: 9.41e-05
2025-11-18 00:30:36 | INFO | Epoch 1 | Batch 23780/50000 | Loss: 0.0023 | Avg Loss: 0.2163 | LR: 9.41e-05
2025-11-18 00:30:36 | INFO | Epoch 1 | Batch 23790/50000 | Loss: 0.0127 | Avg Loss: 0.2162 | LR: 9.41e-05
2025-11-18 00:30:36 | INFO | Epoch 1 | Batch 23800/50000 | Loss: 0.0088 | Avg Loss: 0.2161 | LR: 9.41e-05
2025-11-18 00:30:36 | INFO | Epoch 1 | Batch 23810/50000 | Loss: 0.0005 | Avg Loss: 0.2160 | LR: 9.41e-05
2025-11-18 00:30:36 | INFO | Epoch 1 | Batch 23820/50000 | Loss: 0.0003 | Avg Loss: 0.2160 | LR: 9.41e-05
2025-11-18 00:30:36 | INFO | Epoch 1 | Batch 23830/50000 | Loss: 0.0008 | Avg Loss: 0.2159 | LR: 9.41e-05
2025-11-18 00:30:37 | INFO | Epoch 1 | Batch 23840/50000 | Loss: 0.0003 | Avg Loss: 0.2158 | LR: 9.41e-05
2025-11-18 00:30:37 | INFO | Epoch 1 | Batch 23850/50000 | Loss: 0.0026 | Avg Loss: 0.2157 | LR: 9.41e-05
2025-11-18 00:30:37 | INFO | Epoch 1 | Batch 23860/50000 | Loss: 0.0006 | Avg Loss: 0.2156 | LR: 9.41e-05
2025-11-18 00:30:37 | INFO | Epoch 1 | Batch 23870/50000 | Loss: 0.1605 | Avg Loss: 0.2155 | LR: 9.40e-05
2025-11-18 00:30:37 | INFO | Epoch 1 | Batch 23880/50000 | Loss: 0.0440 | Avg Loss: 0.2155 | LR: 9.40e-05
2025-11-18 00:30:37 | INFO | Epoch 1 | Batch 23890/50000 | Loss: 0.0011 | Avg Loss: 0.2154 | LR: 9.40e-05
2025-11-18 00:30:37 | INFO | Epoch 1 | Batch 23900/50000 | Loss: 0.0458 | Avg Loss: 0.2153 | LR: 9.40e-05
2025-11-18 00:30:37 | INFO | Epoch 1 | Batch 23910/50000 | Loss: 0.0003 | Avg Loss: 0.2152 | LR: 9.40e-05
2025-11-18 00:30:37 | INFO | Epoch 1 | Batch 23920/50000 | Loss: 0.0035 | Avg Loss: 0.2151 | LR: 9.40e-05
2025-11-18 00:30:37 | INFO | Epoch 1 | Batch 23930/50000 | Loss: 0.0006 | Avg Loss: 0.2150 | LR: 9.40e-05
2025-11-18 00:30:37 | INFO | Epoch 1 | Batch 23940/50000 | Loss: 0.0007 | Avg Loss: 0.2150 | LR: 9.40e-05
2025-11-18 00:30:37 | INFO | Epoch 1 | Batch 23950/50000 | Loss: 0.0190 | Avg Loss: 0.2149 | LR: 9.40e-05
2025-11-18 00:30:37 | INFO | Epoch 1 | Batch 23960/50000 | Loss: 0.0007 | Avg Loss: 0.2148 | LR: 9.40e-05
2025-11-18 00:30:37 | INFO | Epoch 1 | Batch 23970/50000 | Loss: 0.0020 | Avg Loss: 0.2147 | LR: 9.40e-05
2025-11-18 00:30:37 | INFO | Epoch 1 | Batch 23980/50000 | Loss: 0.0007 | Avg Loss: 0.2146 | LR: 9.40e-05
2025-11-18 00:30:38 | INFO | Epoch 1 | Batch 23990/50000 | Loss: 0.0022 | Avg Loss: 0.2145 | LR: 9.40e-05
2025-11-18 00:30:38 | INFO | Epoch 1 | Batch 24000/50000 | Loss: 0.0672 | Avg Loss: 0.2145 | LR: 9.40e-05
2025-11-18 00:30:38 | INFO | Epoch 1 | Batch 24010/50000 | Loss: 0.0030 | Avg Loss: 0.2144 | LR: 9.40e-05
2025-11-18 00:30:38 | INFO | Epoch 1 | Batch 24020/50000 | Loss: 0.0016 | Avg Loss: 0.2143 | LR: 9.40e-05
2025-11-18 00:30:38 | INFO | Epoch 1 | Batch 24030/50000 | Loss: 0.0044 | Avg Loss: 0.2142 | LR: 9.40e-05
2025-11-18 00:30:38 | INFO | Epoch 1 | Batch 24040/50000 | Loss: 0.0002 | Avg Loss: 0.2141 | LR: 9.40e-05
2025-11-18 00:30:38 | INFO | Epoch 1 | Batch 24050/50000 | Loss: 0.0015 | Avg Loss: 0.2141 | LR: 9.40e-05
2025-11-18 00:30:38 | INFO | Epoch 1 | Batch 24060/50000 | Loss: 0.0459 | Avg Loss: 0.2140 | LR: 9.40e-05
2025-11-18 00:30:38 | INFO | Epoch 1 | Batch 24070/50000 | Loss: 0.0431 | Avg Loss: 0.2139 | LR: 9.40e-05
2025-11-18 00:30:38 | INFO | Epoch 1 | Batch 24080/50000 | Loss: 0.0268 | Avg Loss: 0.2138 | LR: 9.39e-05
2025-11-18 00:30:38 | INFO | Epoch 1 | Batch 24090/50000 | Loss: 0.0010 | Avg Loss: 0.2137 | LR: 9.39e-05
2025-11-18 00:30:38 | INFO | Epoch 1 | Batch 24100/50000 | Loss: 0.0007 | Avg Loss: 0.2136 | LR: 9.39e-05
2025-11-18 00:30:38 | INFO | Epoch 1 | Batch 24110/50000 | Loss: 0.0072 | Avg Loss: 0.2136 | LR: 9.39e-05
2025-11-18 00:30:38 | INFO | Epoch 1 | Batch 24120/50000 | Loss: 0.0284 | Avg Loss: 0.2135 | LR: 9.39e-05
2025-11-18 00:30:39 | INFO | Epoch 1 | Batch 24130/50000 | Loss: 0.0481 | Avg Loss: 0.2134 | LR: 9.39e-05
2025-11-18 00:30:39 | INFO | Epoch 1 | Batch 24140/50000 | Loss: 0.0002 | Avg Loss: 0.2133 | LR: 9.39e-05
2025-11-18 00:30:39 | INFO | Epoch 1 | Batch 24150/50000 | Loss: 0.0354 | Avg Loss: 0.2132 | LR: 9.39e-05
2025-11-18 00:30:39 | INFO | Epoch 1 | Batch 24160/50000 | Loss: 0.0003 | Avg Loss: 0.2131 | LR: 9.39e-05
2025-11-18 00:30:39 | INFO | Epoch 1 | Batch 24170/50000 | Loss: 0.0005 | Avg Loss: 0.2131 | LR: 9.39e-05
2025-11-18 00:30:39 | INFO | Epoch 1 | Batch 24180/50000 | Loss: 0.0130 | Avg Loss: 0.2130 | LR: 9.39e-05
2025-11-18 00:30:39 | INFO | Epoch 1 | Batch 24190/50000 | Loss: 0.0005 | Avg Loss: 0.2129 | LR: 9.39e-05
2025-11-18 00:30:39 | INFO | Epoch 1 | Batch 24200/50000 | Loss: 0.0012 | Avg Loss: 0.2128 | LR: 9.39e-05
2025-11-18 00:30:39 | INFO | Epoch 1 | Batch 24210/50000 | Loss: 0.0015 | Avg Loss: 0.2127 | LR: 9.39e-05
2025-11-18 00:30:39 | INFO | Epoch 1 | Batch 24220/50000 | Loss: 0.0009 | Avg Loss: 0.2127 | LR: 9.39e-05
2025-11-18 00:30:39 | INFO | Epoch 1 | Batch 24230/50000 | Loss: 0.0197 | Avg Loss: 0.2126 | LR: 9.39e-05
2025-11-18 00:30:39 | INFO | Epoch 1 | Batch 24240/50000 | Loss: 0.0005 | Avg Loss: 0.2125 | LR: 9.39e-05
2025-11-18 00:30:39 | INFO | Epoch 1 | Batch 24250/50000 | Loss: 0.0261 | Avg Loss: 0.2124 | LR: 9.39e-05
2025-11-18 00:30:39 | INFO | Epoch 1 | Batch 24260/50000 | Loss: 0.0008 | Avg Loss: 0.2123 | LR: 9.39e-05
2025-11-18 00:30:40 | INFO | Epoch 1 | Batch 24270/50000 | Loss: 0.0056 | Avg Loss: 0.2123 | LR: 9.38e-05
2025-11-18 00:30:40 | INFO | Epoch 1 | Batch 24280/50000 | Loss: 0.0163 | Avg Loss: 0.2122 | LR: 9.38e-05
2025-11-18 00:30:40 | INFO | Epoch 1 | Batch 24290/50000 | Loss: 0.0256 | Avg Loss: 0.2121 | LR: 9.38e-05
2025-11-18 00:30:40 | INFO | Epoch 1 | Batch 24300/50000 | Loss: 0.0096 | Avg Loss: 0.2120 | LR: 9.38e-05
2025-11-18 00:30:40 | INFO | Epoch 1 | Batch 24310/50000 | Loss: 0.0010 | Avg Loss: 0.2119 | LR: 9.38e-05
2025-11-18 00:30:40 | INFO | Epoch 1 | Batch 24320/50000 | Loss: 0.0196 | Avg Loss: 0.2119 | LR: 9.38e-05
2025-11-18 00:30:40 | INFO | Epoch 1 | Batch 24330/50000 | Loss: 0.0015 | Avg Loss: 0.2118 | LR: 9.38e-05
2025-11-18 00:30:40 | INFO | Epoch 1 | Batch 24340/50000 | Loss: 0.0318 | Avg Loss: 0.2117 | LR: 9.38e-05
2025-11-18 00:30:40 | INFO | Epoch 1 | Batch 24350/50000 | Loss: 0.0007 | Avg Loss: 0.2116 | LR: 9.38e-05
2025-11-18 00:30:40 | INFO | Epoch 1 | Batch 24360/50000 | Loss: 0.0003 | Avg Loss: 0.2115 | LR: 9.38e-05
2025-11-18 00:30:40 | INFO | Epoch 1 | Batch 24370/50000 | Loss: 0.0046 | Avg Loss: 0.2114 | LR: 9.38e-05
2025-11-18 00:30:40 | INFO | Epoch 1 | Batch 24380/50000 | Loss: 0.1139 | Avg Loss: 0.2114 | LR: 9.38e-05
2025-11-18 00:30:40 | INFO | Epoch 1 | Batch 24390/50000 | Loss: 0.0002 | Avg Loss: 0.2113 | LR: 9.38e-05
2025-11-18 00:30:40 | INFO | Epoch 1 | Batch 24400/50000 | Loss: 0.0010 | Avg Loss: 0.2112 | LR: 9.38e-05
2025-11-18 00:30:40 | INFO | Epoch 1 | Batch 24410/50000 | Loss: 0.0010 | Avg Loss: 0.2111 | LR: 9.38e-05
2025-11-18 00:30:41 | INFO | Epoch 1 | Batch 24420/50000 | Loss: 0.0025 | Avg Loss: 0.2111 | LR: 9.38e-05
2025-11-18 00:30:41 | INFO | Epoch 1 | Batch 24430/50000 | Loss: 0.0007 | Avg Loss: 0.2110 | LR: 9.38e-05
2025-11-18 00:30:41 | INFO | Epoch 1 | Batch 24440/50000 | Loss: 0.0016 | Avg Loss: 0.2109 | LR: 9.38e-05
2025-11-18 00:30:41 | INFO | Epoch 1 | Batch 24450/50000 | Loss: 0.0003 | Avg Loss: 0.2108 | LR: 9.38e-05
2025-11-18 00:30:41 | INFO | Epoch 1 | Batch 24460/50000 | Loss: 0.0003 | Avg Loss: 0.2107 | LR: 9.38e-05
2025-11-18 00:30:41 | INFO | Epoch 1 | Batch 24470/50000 | Loss: 0.0003 | Avg Loss: 0.2106 | LR: 9.37e-05
2025-11-18 00:30:41 | INFO | Epoch 1 | Batch 24480/50000 | Loss: 0.0733 | Avg Loss: 0.2106 | LR: 9.37e-05
2025-11-18 00:30:41 | INFO | Epoch 1 | Batch 24490/50000 | Loss: 0.0203 | Avg Loss: 0.2105 | LR: 9.37e-05
2025-11-18 00:30:41 | INFO | Epoch 1 | Batch 24500/50000 | Loss: 0.0004 | Avg Loss: 0.2104 | LR: 9.37e-05
2025-11-18 00:30:41 | INFO | Epoch 1 | Batch 24510/50000 | Loss: 0.0008 | Avg Loss: 0.2103 | LR: 9.37e-05
2025-11-18 00:30:41 | INFO | Epoch 1 | Batch 24520/50000 | Loss: 0.0013 | Avg Loss: 0.2102 | LR: 9.37e-05
2025-11-18 00:30:41 | INFO | Epoch 1 | Batch 24530/50000 | Loss: 0.0443 | Avg Loss: 0.2102 | LR: 9.37e-05
2025-11-18 00:30:41 | INFO | Epoch 1 | Batch 24540/50000 | Loss: 0.0060 | Avg Loss: 0.2101 | LR: 9.37e-05
2025-11-18 00:30:41 | INFO | Epoch 1 | Batch 24550/50000 | Loss: 0.0123 | Avg Loss: 0.2100 | LR: 9.37e-05
2025-11-18 00:30:42 | INFO | Epoch 1 | Batch 24560/50000 | Loss: 0.0004 | Avg Loss: 0.2099 | LR: 9.37e-05
2025-11-18 00:30:42 | INFO | Epoch 1 | Batch 24570/50000 | Loss: 0.0004 | Avg Loss: 0.2098 | LR: 9.37e-05
2025-11-18 00:30:42 | INFO | Epoch 1 | Batch 24580/50000 | Loss: 0.0197 | Avg Loss: 0.2098 | LR: 9.37e-05
2025-11-18 00:30:42 | INFO | Epoch 1 | Batch 24590/50000 | Loss: 0.0002 | Avg Loss: 0.2097 | LR: 9.37e-05
2025-11-18 00:30:42 | INFO | Epoch 1 | Batch 24600/50000 | Loss: 0.0024 | Avg Loss: 0.2096 | LR: 9.37e-05
2025-11-18 00:30:42 | INFO | Epoch 1 | Batch 24610/50000 | Loss: 0.0097 | Avg Loss: 0.2095 | LR: 9.37e-05
2025-11-18 00:30:42 | INFO | Epoch 1 | Batch 24620/50000 | Loss: 0.0225 | Avg Loss: 0.2095 | LR: 9.37e-05
2025-11-18 00:30:42 | INFO | Epoch 1 | Batch 24630/50000 | Loss: 0.0005 | Avg Loss: 0.2094 | LR: 9.37e-05
2025-11-18 00:30:42 | INFO | Epoch 1 | Batch 24640/50000 | Loss: 0.0068 | Avg Loss: 0.2093 | LR: 9.37e-05
2025-11-18 00:30:42 | INFO | Epoch 1 | Batch 24650/50000 | Loss: 0.0796 | Avg Loss: 0.2092 | LR: 9.37e-05
2025-11-18 00:30:42 | INFO | Epoch 1 | Batch 24660/50000 | Loss: 0.0288 | Avg Loss: 0.2091 | LR: 9.37e-05
2025-11-18 00:30:42 | INFO | Epoch 1 | Batch 24670/50000 | Loss: 0.0006 | Avg Loss: 0.2091 | LR: 9.36e-05
2025-11-18 00:30:42 | INFO | Epoch 1 | Batch 24680/50000 | Loss: 0.0009 | Avg Loss: 0.2090 | LR: 9.36e-05
2025-11-18 00:30:42 | INFO | Epoch 1 | Batch 24690/50000 | Loss: 0.0627 | Avg Loss: 0.2089 | LR: 9.36e-05
2025-11-18 00:30:43 | INFO | Epoch 1 | Batch 24700/50000 | Loss: 0.0161 | Avg Loss: 0.2088 | LR: 9.36e-05
2025-11-18 00:30:43 | INFO | Epoch 1 | Batch 24710/50000 | Loss: 0.0014 | Avg Loss: 0.2087 | LR: 9.36e-05
2025-11-18 00:30:43 | INFO | Epoch 1 | Batch 24720/50000 | Loss: 0.1731 | Avg Loss: 0.2087 | LR: 9.36e-05
2025-11-18 00:30:43 | INFO | Epoch 1 | Batch 24730/50000 | Loss: 0.0338 | Avg Loss: 0.2086 | LR: 9.36e-05
2025-11-18 00:30:43 | INFO | Epoch 1 | Batch 24740/50000 | Loss: 0.0325 | Avg Loss: 0.2085 | LR: 9.36e-05
2025-11-18 00:30:43 | INFO | Epoch 1 | Batch 24750/50000 | Loss: 0.0091 | Avg Loss: 0.2084 | LR: 9.36e-05
2025-11-18 00:30:43 | INFO | Epoch 1 | Batch 24760/50000 | Loss: 0.0005 | Avg Loss: 0.2084 | LR: 9.36e-05
2025-11-18 00:30:43 | INFO | Epoch 1 | Batch 24770/50000 | Loss: 0.0023 | Avg Loss: 0.2083 | LR: 9.36e-05
2025-11-18 00:30:43 | INFO | Epoch 1 | Batch 24780/50000 | Loss: 0.1577 | Avg Loss: 0.2082 | LR: 9.36e-05
2025-11-18 00:30:43 | INFO | Epoch 1 | Batch 24790/50000 | Loss: 0.0005 | Avg Loss: 0.2081 | LR: 9.36e-05
2025-11-18 00:30:43 | INFO | Epoch 1 | Batch 24800/50000 | Loss: 0.0201 | Avg Loss: 0.2080 | LR: 9.36e-05
2025-11-18 00:30:43 | INFO | Epoch 1 | Batch 24810/50000 | Loss: 0.0010 | Avg Loss: 0.2080 | LR: 9.36e-05
2025-11-18 00:30:43 | INFO | Epoch 1 | Batch 24820/50000 | Loss: 0.0009 | Avg Loss: 0.2079 | LR: 9.36e-05
2025-11-18 00:30:43 | INFO | Epoch 1 | Batch 24830/50000 | Loss: 0.0005 | Avg Loss: 0.2078 | LR: 9.36e-05
2025-11-18 00:30:43 | INFO | Epoch 1 | Batch 24840/50000 | Loss: 0.0111 | Avg Loss: 0.2077 | LR: 9.36e-05
2025-11-18 00:30:44 | INFO | Epoch 1 | Batch 24850/50000 | Loss: 0.0002 | Avg Loss: 0.2077 | LR: 9.36e-05
2025-11-18 00:30:44 | INFO | Epoch 1 | Batch 24860/50000 | Loss: 0.0192 | Avg Loss: 0.2076 | LR: 9.35e-05
2025-11-18 00:30:44 | INFO | Epoch 1 | Batch 24870/50000 | Loss: 0.0004 | Avg Loss: 0.2075 | LR: 9.35e-05
2025-11-18 00:30:44 | INFO | Epoch 1 | Batch 24880/50000 | Loss: 0.0014 | Avg Loss: 0.2074 | LR: 9.35e-05
2025-11-18 00:30:44 | INFO | Epoch 1 | Batch 24890/50000 | Loss: 0.0114 | Avg Loss: 0.2073 | LR: 9.35e-05
2025-11-18 00:30:44 | INFO | Epoch 1 | Batch 24900/50000 | Loss: 0.0058 | Avg Loss: 0.2073 | LR: 9.35e-05
2025-11-18 00:30:44 | INFO | Epoch 1 | Batch 24910/50000 | Loss: 0.0002 | Avg Loss: 0.2072 | LR: 9.35e-05
2025-11-18 00:30:44 | INFO | Epoch 1 | Batch 24920/50000 | Loss: 0.0006 | Avg Loss: 0.2071 | LR: 9.35e-05
2025-11-18 00:30:44 | INFO | Epoch 1 | Batch 24930/50000 | Loss: 0.0525 | Avg Loss: 0.2071 | LR: 9.35e-05
2025-11-18 00:30:44 | INFO | Epoch 1 | Batch 24940/50000 | Loss: 0.0245 | Avg Loss: 0.2070 | LR: 9.35e-05
2025-11-18 00:30:44 | INFO | Epoch 1 | Batch 24950/50000 | Loss: 0.0005 | Avg Loss: 0.2069 | LR: 9.35e-05
2025-11-18 00:30:44 | INFO | Epoch 1 | Batch 24960/50000 | Loss: 0.0006 | Avg Loss: 0.2068 | LR: 9.35e-05
2025-11-18 00:30:44 | INFO | Epoch 1 | Batch 24970/50000 | Loss: 0.0007 | Avg Loss: 0.2068 | LR: 9.35e-05
2025-11-18 00:30:44 | INFO | Epoch 1 | Batch 24980/50000 | Loss: 0.0298 | Avg Loss: 0.2067 | LR: 9.35e-05
2025-11-18 00:30:45 | INFO | Epoch 1 | Batch 24990/50000 | Loss: 0.0008 | Avg Loss: 0.2066 | LR: 9.35e-05
2025-11-18 00:30:45 | INFO | Epoch 1 | Batch 25000/50000 | Loss: 0.0023 | Avg Loss: 0.2065 | LR: 9.35e-05
2025-11-18 00:30:45 | INFO | Epoch 1 | Batch 25010/50000 | Loss: 0.0005 | Avg Loss: 0.2065 | LR: 9.35e-05
2025-11-18 00:30:45 | INFO | Epoch 1 | Batch 25020/50000 | Loss: 0.0083 | Avg Loss: 0.2064 | LR: 9.35e-05
2025-11-18 00:30:45 | INFO | Epoch 1 | Batch 25030/50000 | Loss: 0.0081 | Avg Loss: 0.2063 | LR: 9.35e-05
2025-11-18 00:30:45 | INFO | Epoch 1 | Batch 25040/50000 | Loss: 0.0030 | Avg Loss: 0.2063 | LR: 9.35e-05
2025-11-18 00:30:45 | INFO | Epoch 1 | Batch 25050/50000 | Loss: 0.0003 | Avg Loss: 0.2062 | LR: 9.35e-05
2025-11-18 00:30:45 | INFO | Epoch 1 | Batch 25060/50000 | Loss: 0.0035 | Avg Loss: 0.2061 | LR: 9.34e-05
2025-11-18 00:30:45 | INFO | Epoch 1 | Batch 25070/50000 | Loss: 0.0002 | Avg Loss: 0.2060 | LR: 9.34e-05
2025-11-18 00:30:45 | INFO | Epoch 1 | Batch 25080/50000 | Loss: 0.0004 | Avg Loss: 0.2059 | LR: 9.34e-05
2025-11-18 00:30:45 | INFO | Epoch 1 | Batch 25090/50000 | Loss: 0.0007 | Avg Loss: 0.2059 | LR: 9.34e-05
2025-11-18 00:30:45 | INFO | Epoch 1 | Batch 25100/50000 | Loss: 0.0137 | Avg Loss: 0.2058 | LR: 9.34e-05
2025-11-18 00:30:45 | INFO | Epoch 1 | Batch 25110/50000 | Loss: 0.0156 | Avg Loss: 0.2057 | LR: 9.34e-05
2025-11-18 00:30:45 | INFO | Epoch 1 | Batch 25120/50000 | Loss: 0.0398 | Avg Loss: 0.2056 | LR: 9.34e-05
2025-11-18 00:30:46 | INFO | Epoch 1 | Batch 25130/50000 | Loss: 0.0003 | Avg Loss: 0.2056 | LR: 9.34e-05
2025-11-18 00:30:46 | INFO | Epoch 1 | Batch 25140/50000 | Loss: 0.0190 | Avg Loss: 0.2055 | LR: 9.34e-05
2025-11-18 00:30:46 | INFO | Epoch 1 | Batch 25150/50000 | Loss: 0.0007 | Avg Loss: 0.2054 | LR: 9.34e-05
2025-11-18 00:30:46 | INFO | Epoch 1 | Batch 25160/50000 | Loss: 0.0005 | Avg Loss: 0.2053 | LR: 9.34e-05
2025-11-18 00:30:46 | INFO | Epoch 1 | Batch 25170/50000 | Loss: 0.1041 | Avg Loss: 0.2053 | LR: 9.34e-05
2025-11-18 00:30:46 | INFO | Epoch 1 | Batch 25180/50000 | Loss: 0.0039 | Avg Loss: 0.2052 | LR: 9.34e-05
2025-11-18 00:30:46 | INFO | Epoch 1 | Batch 25190/50000 | Loss: 0.0008 | Avg Loss: 0.2051 | LR: 9.34e-05
2025-11-18 00:30:46 | INFO | Epoch 1 | Batch 25200/50000 | Loss: 0.0130 | Avg Loss: 0.2050 | LR: 9.34e-05
2025-11-18 00:30:46 | INFO | Epoch 1 | Batch 25210/50000 | Loss: 0.0225 | Avg Loss: 0.2050 | LR: 9.34e-05
2025-11-18 00:30:46 | INFO | Epoch 1 | Batch 25220/50000 | Loss: 0.0008 | Avg Loss: 0.2049 | LR: 9.34e-05
2025-11-18 00:30:46 | INFO | Epoch 1 | Batch 25230/50000 | Loss: 0.0294 | Avg Loss: 0.2048 | LR: 9.34e-05
2025-11-18 00:30:46 | INFO | Epoch 1 | Batch 25240/50000 | Loss: 0.0003 | Avg Loss: 0.2047 | LR: 9.34e-05
2025-11-18 00:30:46 | INFO | Epoch 1 | Batch 25250/50000 | Loss: 0.0015 | Avg Loss: 0.2047 | LR: 9.33e-05
2025-11-18 00:30:46 | INFO | Epoch 1 | Batch 25260/50000 | Loss: 0.0439 | Avg Loss: 0.2046 | LR: 9.33e-05
2025-11-18 00:30:46 | INFO | Epoch 1 | Batch 25270/50000 | Loss: 0.0194 | Avg Loss: 0.2045 | LR: 9.33e-05
2025-11-18 00:30:47 | INFO | Epoch 1 | Batch 25280/50000 | Loss: 0.0033 | Avg Loss: 0.2044 | LR: 9.33e-05
2025-11-18 00:30:47 | INFO | Epoch 1 | Batch 25290/50000 | Loss: 0.0004 | Avg Loss: 0.2044 | LR: 9.33e-05
2025-11-18 00:30:47 | INFO | Epoch 1 | Batch 25300/50000 | Loss: 0.0008 | Avg Loss: 0.2043 | LR: 9.33e-05
2025-11-18 00:30:47 | INFO | Epoch 1 | Batch 25310/50000 | Loss: 0.0013 | Avg Loss: 0.2042 | LR: 9.33e-05
2025-11-18 00:30:47 | INFO | Epoch 1 | Batch 25320/50000 | Loss: 0.0292 | Avg Loss: 0.2041 | LR: 9.33e-05
2025-11-18 00:30:47 | INFO | Epoch 1 | Batch 25330/50000 | Loss: 0.0377 | Avg Loss: 0.2041 | LR: 9.33e-05
2025-11-18 00:30:47 | INFO | Epoch 1 | Batch 25340/50000 | Loss: 0.0005 | Avg Loss: 0.2040 | LR: 9.33e-05
2025-11-18 00:30:47 | INFO | Epoch 1 | Batch 25350/50000 | Loss: 0.0007 | Avg Loss: 0.2039 | LR: 9.33e-05
2025-11-18 00:30:47 | INFO | Epoch 1 | Batch 25360/50000 | Loss: 0.1653 | Avg Loss: 0.2038 | LR: 9.33e-05
2025-11-18 00:30:47 | INFO | Epoch 1 | Batch 25370/50000 | Loss: 0.0005 | Avg Loss: 0.2038 | LR: 9.33e-05
2025-11-18 00:30:47 | INFO | Epoch 1 | Batch 25380/50000 | Loss: 0.0270 | Avg Loss: 0.2037 | LR: 9.33e-05
2025-11-18 00:30:47 | INFO | Epoch 1 | Batch 25390/50000 | Loss: 0.0024 | Avg Loss: 0.2036 | LR: 9.33e-05
2025-11-18 00:30:47 | INFO | Epoch 1 | Batch 25400/50000 | Loss: 0.0649 | Avg Loss: 0.2035 | LR: 9.33e-05
2025-11-18 00:30:47 | INFO | Epoch 1 | Batch 25410/50000 | Loss: 0.0029 | Avg Loss: 0.2035 | LR: 9.33e-05
2025-11-18 00:30:48 | INFO | Epoch 1 | Batch 25420/50000 | Loss: 0.0010 | Avg Loss: 0.2034 | LR: 9.33e-05
2025-11-18 00:30:48 | INFO | Epoch 1 | Batch 25430/50000 | Loss: 0.0010 | Avg Loss: 0.2033 | LR: 9.33e-05
2025-11-18 00:30:48 | INFO | Epoch 1 | Batch 25440/50000 | Loss: 0.0005 | Avg Loss: 0.2032 | LR: 9.32e-05
2025-11-18 00:30:48 | INFO | Epoch 1 | Batch 25450/50000 | Loss: 0.0008 | Avg Loss: 0.2032 | LR: 9.32e-05
2025-11-18 00:30:48 | INFO | Epoch 1 | Batch 25460/50000 | Loss: 0.0006 | Avg Loss: 0.2031 | LR: 9.32e-05
2025-11-18 00:30:48 | INFO | Epoch 1 | Batch 25470/50000 | Loss: 0.0159 | Avg Loss: 0.2030 | LR: 9.32e-05
2025-11-18 00:30:48 | INFO | Epoch 1 | Batch 25480/50000 | Loss: 0.0004 | Avg Loss: 0.2029 | LR: 9.32e-05
2025-11-18 00:30:48 | INFO | Epoch 1 | Batch 25490/50000 | Loss: 0.0013 | Avg Loss: 0.2029 | LR: 9.32e-05
2025-11-18 00:30:48 | INFO | Epoch 1 | Batch 25500/50000 | Loss: 0.0672 | Avg Loss: 0.2028 | LR: 9.32e-05
2025-11-18 00:30:48 | INFO | Epoch 1 | Batch 25510/50000 | Loss: 0.0056 | Avg Loss: 0.2027 | LR: 9.32e-05
2025-11-18 00:30:48 | INFO | Epoch 1 | Batch 25520/50000 | Loss: 0.0004 | Avg Loss: 0.2027 | LR: 9.32e-05
2025-11-18 00:30:48 | INFO | Epoch 1 | Batch 25530/50000 | Loss: 0.0004 | Avg Loss: 0.2026 | LR: 9.32e-05
2025-11-18 00:30:48 | INFO | Epoch 1 | Batch 25540/50000 | Loss: 0.0003 | Avg Loss: 0.2025 | LR: 9.32e-05
2025-11-18 00:30:48 | INFO | Epoch 1 | Batch 25550/50000 | Loss: 0.0548 | Avg Loss: 0.2024 | LR: 9.32e-05
2025-11-18 00:30:49 | INFO | Epoch 1 | Batch 25560/50000 | Loss: 0.0027 | Avg Loss: 0.2024 | LR: 9.32e-05
2025-11-18 00:30:49 | INFO | Epoch 1 | Batch 25570/50000 | Loss: 0.0515 | Avg Loss: 0.2023 | LR: 9.32e-05
2025-11-18 00:30:49 | INFO | Epoch 1 | Batch 25580/50000 | Loss: 0.0007 | Avg Loss: 0.2022 | LR: 9.32e-05
2025-11-18 00:30:49 | INFO | Epoch 1 | Batch 25590/50000 | Loss: 0.0266 | Avg Loss: 0.2022 | LR: 9.32e-05
2025-11-18 00:30:49 | INFO | Epoch 1 | Batch 25600/50000 | Loss: 0.1571 | Avg Loss: 0.2021 | LR: 9.32e-05
2025-11-18 00:30:49 | INFO | Epoch 1 | Batch 25610/50000 | Loss: 0.0035 | Avg Loss: 0.2020 | LR: 9.32e-05
2025-11-18 00:30:49 | INFO | Epoch 1 | Batch 25620/50000 | Loss: 0.0120 | Avg Loss: 0.2020 | LR: 9.31e-05
2025-11-18 00:30:49 | INFO | Epoch 1 | Batch 25630/50000 | Loss: 0.1584 | Avg Loss: 0.2019 | LR: 9.31e-05
2025-11-18 00:30:49 | INFO | Epoch 1 | Batch 25640/50000 | Loss: 0.0006 | Avg Loss: 0.2018 | LR: 9.31e-05
2025-11-18 00:30:49 | INFO | Epoch 1 | Batch 25650/50000 | Loss: 0.0824 | Avg Loss: 0.2017 | LR: 9.31e-05
2025-11-18 00:30:49 | INFO | Epoch 1 | Batch 25660/50000 | Loss: 0.0120 | Avg Loss: 0.2017 | LR: 9.31e-05
2025-11-18 00:30:49 | INFO | Epoch 1 | Batch 25670/50000 | Loss: 0.0036 | Avg Loss: 0.2016 | LR: 9.31e-05
2025-11-18 00:30:49 | INFO | Epoch 1 | Batch 25680/50000 | Loss: 0.0005 | Avg Loss: 0.2015 | LR: 9.31e-05
2025-11-18 00:30:49 | INFO | Epoch 1 | Batch 25690/50000 | Loss: 0.0015 | Avg Loss: 0.2015 | LR: 9.31e-05
2025-11-18 00:30:50 | INFO | Epoch 1 | Batch 25700/50000 | Loss: 0.0006 | Avg Loss: 0.2014 | LR: 9.31e-05
2025-11-18 00:30:50 | INFO | Epoch 1 | Batch 25710/50000 | Loss: 0.2039 | Avg Loss: 0.2013 | LR: 9.31e-05
2025-11-18 00:30:50 | INFO | Epoch 1 | Batch 25720/50000 | Loss: 0.0024 | Avg Loss: 0.2013 | LR: 9.31e-05
2025-11-18 00:30:50 | INFO | Epoch 1 | Batch 25730/50000 | Loss: 0.0008 | Avg Loss: 0.2012 | LR: 9.31e-05
2025-11-18 00:30:50 | INFO | Epoch 1 | Batch 25740/50000 | Loss: 0.0003 | Avg Loss: 0.2011 | LR: 9.31e-05
2025-11-18 00:30:50 | INFO | Epoch 1 | Batch 25750/50000 | Loss: 0.0248 | Avg Loss: 0.2010 | LR: 9.31e-05
2025-11-18 00:30:50 | INFO | Epoch 1 | Batch 25760/50000 | Loss: 0.0271 | Avg Loss: 0.2010 | LR: 9.31e-05
2025-11-18 00:30:50 | INFO | Epoch 1 | Batch 25770/50000 | Loss: 0.0005 | Avg Loss: 0.2009 | LR: 9.31e-05
2025-11-18 00:30:50 | INFO | Epoch 1 | Batch 25780/50000 | Loss: 0.0012 | Avg Loss: 0.2008 | LR: 9.31e-05
2025-11-18 00:30:50 | INFO | Epoch 1 | Batch 25790/50000 | Loss: 0.0008 | Avg Loss: 0.2007 | LR: 9.31e-05
2025-11-18 00:30:50 | INFO | Epoch 1 | Batch 25800/50000 | Loss: 0.0003 | Avg Loss: 0.2007 | LR: 9.31e-05
2025-11-18 00:30:50 | INFO | Epoch 1 | Batch 25810/50000 | Loss: 0.0064 | Avg Loss: 0.2006 | LR: 9.30e-05
2025-11-18 00:30:50 | INFO | Epoch 1 | Batch 25820/50000 | Loss: 0.0007 | Avg Loss: 0.2005 | LR: 9.30e-05
2025-11-18 00:30:50 | INFO | Epoch 1 | Batch 25830/50000 | Loss: 0.0007 | Avg Loss: 0.2005 | LR: 9.30e-05
2025-11-18 00:30:50 | INFO | Epoch 1 | Batch 25840/50000 | Loss: 0.0007 | Avg Loss: 0.2004 | LR: 9.30e-05
2025-11-18 00:30:51 | INFO | Epoch 1 | Batch 25850/50000 | Loss: 0.0021 | Avg Loss: 0.2003 | LR: 9.30e-05
2025-11-18 00:30:51 | INFO | Epoch 1 | Batch 25860/50000 | Loss: 0.0003 | Avg Loss: 0.2003 | LR: 9.30e-05
2025-11-18 00:30:51 | INFO | Epoch 1 | Batch 25870/50000 | Loss: 0.0003 | Avg Loss: 0.2002 | LR: 9.30e-05
2025-11-18 00:30:51 | INFO | Epoch 1 | Batch 25880/50000 | Loss: 0.0013 | Avg Loss: 0.2001 | LR: 9.30e-05
2025-11-18 00:30:51 | INFO | Epoch 1 | Batch 25890/50000 | Loss: 0.0003 | Avg Loss: 0.2000 | LR: 9.30e-05
2025-11-18 00:30:51 | INFO | Epoch 1 | Batch 25900/50000 | Loss: 0.0012 | Avg Loss: 0.2000 | LR: 9.30e-05
2025-11-18 00:30:51 | INFO | Epoch 1 | Batch 25910/50000 | Loss: 0.0005 | Avg Loss: 0.1999 | LR: 9.30e-05
2025-11-18 00:30:51 | INFO | Epoch 1 | Batch 25920/50000 | Loss: 0.0451 | Avg Loss: 0.1998 | LR: 9.30e-05
2025-11-18 00:30:51 | INFO | Epoch 1 | Batch 25930/50000 | Loss: 0.0004 | Avg Loss: 0.1998 | LR: 9.30e-05
2025-11-18 00:30:51 | INFO | Epoch 1 | Batch 25940/50000 | Loss: 0.0191 | Avg Loss: 0.1997 | LR: 9.30e-05
2025-11-18 00:30:51 | INFO | Epoch 1 | Batch 25950/50000 | Loss: 0.0051 | Avg Loss: 0.1996 | LR: 9.30e-05
2025-11-18 00:30:51 | INFO | Epoch 1 | Batch 25960/50000 | Loss: 0.0109 | Avg Loss: 0.1995 | LR: 9.30e-05
2025-11-18 00:30:51 | INFO | Epoch 1 | Batch 25970/50000 | Loss: 0.0004 | Avg Loss: 0.1995 | LR: 9.30e-05
2025-11-18 00:30:51 | INFO | Epoch 1 | Batch 25980/50000 | Loss: 0.0002 | Avg Loss: 0.1994 | LR: 9.30e-05
2025-11-18 00:30:52 | INFO | Epoch 1 | Batch 25990/50000 | Loss: 0.0110 | Avg Loss: 0.1993 | LR: 9.30e-05
2025-11-18 00:30:52 | INFO | Epoch 1 | Batch 26000/50000 | Loss: 0.0110 | Avg Loss: 0.1993 | LR: 9.29e-05
2025-11-18 00:30:52 | INFO | Epoch 1 | Batch 26010/50000 | Loss: 0.0356 | Avg Loss: 0.1992 | LR: 9.29e-05
2025-11-18 00:30:52 | INFO | Epoch 1 | Batch 26020/50000 | Loss: 0.0474 | Avg Loss: 0.1991 | LR: 9.29e-05
2025-11-18 00:30:52 | INFO | Epoch 1 | Batch 26030/50000 | Loss: 0.0002 | Avg Loss: 0.1990 | LR: 9.29e-05
2025-11-18 00:30:52 | INFO | Epoch 1 | Batch 26040/50000 | Loss: 0.0141 | Avg Loss: 0.1990 | LR: 9.29e-05
2025-11-18 00:30:52 | INFO | Epoch 1 | Batch 26050/50000 | Loss: 0.0019 | Avg Loss: 0.1989 | LR: 9.29e-05
2025-11-18 00:30:52 | INFO | Epoch 1 | Batch 26060/50000 | Loss: 0.0336 | Avg Loss: 0.1988 | LR: 9.29e-05
2025-11-18 00:30:52 | INFO | Epoch 1 | Batch 26070/50000 | Loss: 0.0090 | Avg Loss: 0.1988 | LR: 9.29e-05
2025-11-18 00:30:52 | INFO | Epoch 1 | Batch 26080/50000 | Loss: 0.0199 | Avg Loss: 0.1987 | LR: 9.29e-05
2025-11-18 00:30:52 | INFO | Epoch 1 | Batch 26090/50000 | Loss: 0.0281 | Avg Loss: 0.1986 | LR: 9.29e-05
2025-11-18 00:30:52 | INFO | Epoch 1 | Batch 26100/50000 | Loss: 0.1458 | Avg Loss: 0.1986 | LR: 9.29e-05
2025-11-18 00:30:52 | INFO | Epoch 1 | Batch 26110/50000 | Loss: 0.0189 | Avg Loss: 0.1985 | LR: 9.29e-05
2025-11-18 00:30:52 | INFO | Epoch 1 | Batch 26120/50000 | Loss: 0.0250 | Avg Loss: 0.1984 | LR: 9.29e-05
2025-11-18 00:30:52 | INFO | Epoch 1 | Batch 26130/50000 | Loss: 0.0006 | Avg Loss: 0.1984 | LR: 9.29e-05
2025-11-18 00:30:53 | INFO | Epoch 1 | Batch 26140/50000 | Loss: 0.0757 | Avg Loss: 0.1983 | LR: 9.29e-05
2025-11-18 00:30:53 | INFO | Epoch 1 | Batch 26150/50000 | Loss: 0.0197 | Avg Loss: 0.1982 | LR: 9.29e-05
2025-11-18 00:30:53 | INFO | Epoch 1 | Batch 26160/50000 | Loss: 0.0376 | Avg Loss: 0.1982 | LR: 9.29e-05
2025-11-18 00:30:53 | INFO | Epoch 1 | Batch 26170/50000 | Loss: 0.2430 | Avg Loss: 0.1981 | LR: 9.29e-05
2025-11-18 00:30:53 | INFO | Epoch 1 | Batch 26180/50000 | Loss: 0.0012 | Avg Loss: 0.1980 | LR: 9.28e-05
2025-11-18 00:30:53 | INFO | Epoch 1 | Batch 26190/50000 | Loss: 0.0099 | Avg Loss: 0.1980 | LR: 9.28e-05
2025-11-18 00:30:53 | INFO | Epoch 1 | Batch 26200/50000 | Loss: 0.0009 | Avg Loss: 0.1979 | LR: 9.28e-05
2025-11-18 00:30:53 | INFO | Epoch 1 | Batch 26210/50000 | Loss: 0.0122 | Avg Loss: 0.1978 | LR: 9.28e-05
2025-11-18 00:30:53 | INFO | Epoch 1 | Batch 26220/50000 | Loss: 0.0004 | Avg Loss: 0.1978 | LR: 9.28e-05
2025-11-18 00:30:53 | INFO | Epoch 1 | Batch 26230/50000 | Loss: 0.0003 | Avg Loss: 0.1977 | LR: 9.28e-05
2025-11-18 00:30:53 | INFO | Epoch 1 | Batch 26240/50000 | Loss: 0.0043 | Avg Loss: 0.1976 | LR: 9.28e-05
2025-11-18 00:30:53 | INFO | Epoch 1 | Batch 26250/50000 | Loss: 0.0008 | Avg Loss: 0.1976 | LR: 9.28e-05
2025-11-18 00:30:53 | INFO | Epoch 1 | Batch 26260/50000 | Loss: 0.0013 | Avg Loss: 0.1975 | LR: 9.28e-05
2025-11-18 00:30:53 | INFO | Epoch 1 | Batch 26270/50000 | Loss: 0.0004 | Avg Loss: 0.1974 | LR: 9.28e-05
2025-11-18 00:30:54 | INFO | Epoch 1 | Batch 26280/50000 | Loss: 0.0017 | Avg Loss: 0.1973 | LR: 9.28e-05
2025-11-18 00:30:54 | INFO | Epoch 1 | Batch 26290/50000 | Loss: 0.0008 | Avg Loss: 0.1973 | LR: 9.28e-05
2025-11-18 00:30:54 | INFO | Epoch 1 | Batch 26300/50000 | Loss: 0.0336 | Avg Loss: 0.1972 | LR: 9.28e-05
2025-11-18 00:30:54 | INFO | Epoch 1 | Batch 26310/50000 | Loss: 0.0117 | Avg Loss: 0.1971 | LR: 9.28e-05
2025-11-18 00:30:54 | INFO | Epoch 1 | Batch 26320/50000 | Loss: 0.0485 | Avg Loss: 0.1971 | LR: 9.28e-05
2025-11-18 00:30:54 | INFO | Epoch 1 | Batch 26330/50000 | Loss: 0.0025 | Avg Loss: 0.1970 | LR: 9.28e-05
2025-11-18 00:30:54 | INFO | Epoch 1 | Batch 26340/50000 | Loss: 0.0178 | Avg Loss: 0.1969 | LR: 9.28e-05
2025-11-18 00:30:54 | INFO | Epoch 1 | Batch 26350/50000 | Loss: 0.0004 | Avg Loss: 0.1969 | LR: 9.28e-05
2025-11-18 00:30:54 | INFO | Epoch 1 | Batch 26360/50000 | Loss: 0.0004 | Avg Loss: 0.1968 | LR: 9.28e-05
2025-11-18 00:30:54 | INFO | Epoch 1 | Batch 26370/50000 | Loss: 0.0012 | Avg Loss: 0.1967 | LR: 9.27e-05
2025-11-18 00:30:54 | INFO | Epoch 1 | Batch 26380/50000 | Loss: 0.0007 | Avg Loss: 0.1967 | LR: 9.27e-05
2025-11-18 00:30:54 | INFO | Epoch 1 | Batch 26390/50000 | Loss: 0.0429 | Avg Loss: 0.1966 | LR: 9.27e-05
2025-11-18 00:30:54 | INFO | Epoch 1 | Batch 26400/50000 | Loss: 0.0134 | Avg Loss: 0.1965 | LR: 9.27e-05
2025-11-18 00:30:54 | INFO | Epoch 1 | Batch 26410/50000 | Loss: 0.0006 | Avg Loss: 0.1964 | LR: 9.27e-05
2025-11-18 00:30:55 | INFO | Epoch 1 | Batch 26420/50000 | Loss: 0.0130 | Avg Loss: 0.1964 | LR: 9.27e-05
2025-11-18 00:30:55 | INFO | Epoch 1 | Batch 26430/50000 | Loss: 0.0008 | Avg Loss: 0.1963 | LR: 9.27e-05
2025-11-18 00:30:55 | INFO | Epoch 1 | Batch 26440/50000 | Loss: 0.1025 | Avg Loss: 0.1962 | LR: 9.27e-05
2025-11-18 00:30:55 | INFO | Epoch 1 | Batch 26450/50000 | Loss: 0.0006 | Avg Loss: 0.1962 | LR: 9.27e-05
2025-11-18 00:30:55 | INFO | Epoch 1 | Batch 26460/50000 | Loss: 0.0019 | Avg Loss: 0.1961 | LR: 9.27e-05
2025-11-18 00:30:55 | INFO | Epoch 1 | Batch 26470/50000 | Loss: 0.0007 | Avg Loss: 0.1960 | LR: 9.27e-05
2025-11-18 00:30:55 | INFO | Epoch 1 | Batch 26480/50000 | Loss: 0.0002 | Avg Loss: 0.1960 | LR: 9.27e-05
2025-11-18 00:30:55 | INFO | Epoch 1 | Batch 26490/50000 | Loss: 0.0002 | Avg Loss: 0.1959 | LR: 9.27e-05
2025-11-18 00:30:55 | INFO | Epoch 1 | Batch 26500/50000 | Loss: 0.0186 | Avg Loss: 0.1958 | LR: 9.27e-05
2025-11-18 00:30:55 | INFO | Epoch 1 | Batch 26510/50000 | Loss: 0.0217 | Avg Loss: 0.1958 | LR: 9.27e-05
2025-11-18 00:30:55 | INFO | Epoch 1 | Batch 26520/50000 | Loss: 0.0348 | Avg Loss: 0.1957 | LR: 9.27e-05
2025-11-18 00:30:55 | INFO | Epoch 1 | Batch 26530/50000 | Loss: 0.1682 | Avg Loss: 0.1956 | LR: 9.27e-05
2025-11-18 00:30:55 | INFO | Epoch 1 | Batch 26540/50000 | Loss: 0.0008 | Avg Loss: 0.1956 | LR: 9.27e-05
2025-11-18 00:30:55 | INFO | Epoch 1 | Batch 26550/50000 | Loss: 0.0007 | Avg Loss: 0.1955 | LR: 9.26e-05
2025-11-18 00:30:55 | INFO | Epoch 1 | Batch 26560/50000 | Loss: 0.0004 | Avg Loss: 0.1954 | LR: 9.26e-05
2025-11-18 00:30:56 | INFO | Epoch 1 | Batch 26570/50000 | Loss: 0.0221 | Avg Loss: 0.1954 | LR: 9.26e-05
2025-11-18 00:30:56 | INFO | Epoch 1 | Batch 26580/50000 | Loss: 0.0007 | Avg Loss: 0.1953 | LR: 9.26e-05
2025-11-18 00:30:56 | INFO | Epoch 1 | Batch 26590/50000 | Loss: 0.0023 | Avg Loss: 0.1952 | LR: 9.26e-05
2025-11-18 00:30:56 | INFO | Epoch 1 | Batch 26600/50000 | Loss: 0.0226 | Avg Loss: 0.1951 | LR: 9.26e-05
2025-11-18 00:30:56 | INFO | Epoch 1 | Batch 26610/50000 | Loss: 0.0139 | Avg Loss: 0.1951 | LR: 9.26e-05
2025-11-18 00:30:56 | INFO | Epoch 1 | Batch 26620/50000 | Loss: 0.0002 | Avg Loss: 0.1950 | LR: 9.26e-05
2025-11-18 00:30:56 | INFO | Epoch 1 | Batch 26630/50000 | Loss: 0.0003 | Avg Loss: 0.1949 | LR: 9.26e-05
2025-11-18 00:30:56 | INFO | Epoch 1 | Batch 26640/50000 | Loss: 0.0009 | Avg Loss: 0.1949 | LR: 9.26e-05
2025-11-18 00:30:56 | INFO | Epoch 1 | Batch 26650/50000 | Loss: 0.0003 | Avg Loss: 0.1948 | LR: 9.26e-05
2025-11-18 00:30:56 | INFO | Epoch 1 | Batch 26660/50000 | Loss: 0.0003 | Avg Loss: 0.1947 | LR: 9.26e-05
2025-11-18 00:30:56 | INFO | Epoch 1 | Batch 26670/50000 | Loss: 0.0004 | Avg Loss: 0.1947 | LR: 9.26e-05
2025-11-18 00:30:56 | INFO | Epoch 1 | Batch 26680/50000 | Loss: 0.0010 | Avg Loss: 0.1946 | LR: 9.26e-05
2025-11-18 00:30:56 | INFO | Epoch 1 | Batch 26690/50000 | Loss: 0.0005 | Avg Loss: 0.1945 | LR: 9.26e-05
2025-11-18 00:30:56 | INFO | Epoch 1 | Batch 26700/50000 | Loss: 0.0137 | Avg Loss: 0.1945 | LR: 9.26e-05
2025-11-18 00:30:57 | INFO | Epoch 1 | Batch 26710/50000 | Loss: 0.0114 | Avg Loss: 0.1944 | LR: 9.26e-05
2025-11-18 00:30:57 | INFO | Epoch 1 | Batch 26720/50000 | Loss: 0.0288 | Avg Loss: 0.1943 | LR: 9.26e-05
2025-11-18 00:30:57 | INFO | Epoch 1 | Batch 26730/50000 | Loss: 0.0092 | Avg Loss: 0.1943 | LR: 9.26e-05
2025-11-18 00:30:57 | INFO | Epoch 1 | Batch 26740/50000 | Loss: 0.0003 | Avg Loss: 0.1942 | LR: 9.25e-05
2025-11-18 00:30:57 | INFO | Epoch 1 | Batch 26750/50000 | Loss: 0.0007 | Avg Loss: 0.1941 | LR: 9.25e-05
2025-11-18 00:30:57 | INFO | Epoch 1 | Batch 26760/50000 | Loss: 0.0112 | Avg Loss: 0.1941 | LR: 9.25e-05
2025-11-18 00:30:57 | INFO | Epoch 1 | Batch 26770/50000 | Loss: 0.0098 | Avg Loss: 0.1940 | LR: 9.25e-05
2025-11-18 00:30:57 | INFO | Epoch 1 | Batch 26780/50000 | Loss: 0.0003 | Avg Loss: 0.1939 | LR: 9.25e-05
2025-11-18 00:30:57 | INFO | Epoch 1 | Batch 26790/50000 | Loss: 0.0012 | Avg Loss: 0.1939 | LR: 9.25e-05
2025-11-18 00:30:57 | INFO | Epoch 1 | Batch 26800/50000 | Loss: 0.0598 | Avg Loss: 0.1938 | LR: 9.25e-05
2025-11-18 00:30:57 | INFO | Epoch 1 | Batch 26810/50000 | Loss: 0.0009 | Avg Loss: 0.1937 | LR: 9.25e-05
2025-11-18 00:30:57 | INFO | Epoch 1 | Batch 26820/50000 | Loss: 0.0231 | Avg Loss: 0.1937 | LR: 9.25e-05
2025-11-18 00:30:57 | INFO | Epoch 1 | Batch 26830/50000 | Loss: 0.1170 | Avg Loss: 0.1936 | LR: 9.25e-05
2025-11-18 00:30:57 | INFO | Epoch 1 | Batch 26840/50000 | Loss: 0.0010 | Avg Loss: 0.1935 | LR: 9.25e-05
2025-11-18 00:30:58 | INFO | Epoch 1 | Batch 26850/50000 | Loss: 0.0080 | Avg Loss: 0.1935 | LR: 9.25e-05
2025-11-18 00:30:58 | INFO | Epoch 1 | Batch 26860/50000 | Loss: 0.1004 | Avg Loss: 0.1934 | LR: 9.25e-05
2025-11-18 00:30:58 | INFO | Epoch 1 | Batch 26870/50000 | Loss: 0.0027 | Avg Loss: 0.1933 | LR: 9.25e-05
2025-11-18 00:30:58 | INFO | Epoch 1 | Batch 26880/50000 | Loss: 0.0003 | Avg Loss: 0.1933 | LR: 9.25e-05
2025-11-18 00:30:58 | INFO | Epoch 1 | Batch 26890/50000 | Loss: 0.0021 | Avg Loss: 0.1932 | LR: 9.25e-05
2025-11-18 00:30:58 | INFO | Epoch 1 | Batch 26900/50000 | Loss: 0.0004 | Avg Loss: 0.1931 | LR: 9.25e-05
2025-11-18 00:30:58 | INFO | Epoch 1 | Batch 26910/50000 | Loss: 0.0002 | Avg Loss: 0.1931 | LR: 9.25e-05
2025-11-18 00:30:58 | INFO | Epoch 1 | Batch 26920/50000 | Loss: 0.0531 | Avg Loss: 0.1930 | LR: 9.24e-05
2025-11-18 00:30:58 | INFO | Epoch 1 | Batch 26930/50000 | Loss: 0.0001 | Avg Loss: 0.1930 | LR: 9.24e-05
2025-11-18 00:30:58 | INFO | Epoch 1 | Batch 26940/50000 | Loss: 0.0007 | Avg Loss: 0.1929 | LR: 9.24e-05
2025-11-18 00:30:58 | INFO | Epoch 1 | Batch 26950/50000 | Loss: 0.0253 | Avg Loss: 0.1928 | LR: 9.24e-05
2025-11-18 00:30:58 | INFO | Epoch 1 | Batch 26960/50000 | Loss: 0.1744 | Avg Loss: 0.1928 | LR: 9.24e-05
2025-11-18 00:30:58 | INFO | Epoch 1 | Batch 26970/50000 | Loss: 0.0004 | Avg Loss: 0.1927 | LR: 9.24e-05
2025-11-18 00:30:58 | INFO | Epoch 1 | Batch 26980/50000 | Loss: 0.0008 | Avg Loss: 0.1926 | LR: 9.24e-05
2025-11-18 00:30:58 | INFO | Epoch 1 | Batch 26990/50000 | Loss: 0.0180 | Avg Loss: 0.1926 | LR: 9.24e-05
2025-11-18 00:30:59 | INFO | Epoch 1 | Batch 27000/50000 | Loss: 0.0233 | Avg Loss: 0.1925 | LR: 9.24e-05
2025-11-18 00:30:59 | INFO | Epoch 1 | Batch 27010/50000 | Loss: 0.0001 | Avg Loss: 0.1924 | LR: 9.24e-05
2025-11-18 00:30:59 | INFO | Epoch 1 | Batch 27020/50000 | Loss: 0.0002 | Avg Loss: 0.1924 | LR: 9.24e-05
2025-11-18 00:30:59 | INFO | Epoch 1 | Batch 27030/50000 | Loss: 0.0322 | Avg Loss: 0.1923 | LR: 9.24e-05
2025-11-18 00:30:59 | INFO | Epoch 1 | Batch 27040/50000 | Loss: 0.0003 | Avg Loss: 0.1922 | LR: 9.24e-05
2025-11-18 00:30:59 | INFO | Epoch 1 | Batch 27050/50000 | Loss: 0.0131 | Avg Loss: 0.1922 | LR: 9.24e-05
2025-11-18 00:30:59 | INFO | Epoch 1 | Batch 27060/50000 | Loss: 0.0025 | Avg Loss: 0.1921 | LR: 9.24e-05
2025-11-18 00:30:59 | INFO | Epoch 1 | Batch 27070/50000 | Loss: 0.0003 | Avg Loss: 0.1920 | LR: 9.24e-05
2025-11-18 00:30:59 | INFO | Epoch 1 | Batch 27080/50000 | Loss: 0.0089 | Avg Loss: 0.1920 | LR: 9.24e-05
2025-11-18 00:30:59 | INFO | Epoch 1 | Batch 27090/50000 | Loss: 0.1469 | Avg Loss: 0.1919 | LR: 9.24e-05
2025-11-18 00:30:59 | INFO | Epoch 1 | Batch 27100/50000 | Loss: 0.0018 | Avg Loss: 0.1919 | LR: 9.23e-05
2025-11-18 00:30:59 | INFO | Epoch 1 | Batch 27110/50000 | Loss: 0.0256 | Avg Loss: 0.1918 | LR: 9.23e-05
2025-11-18 00:30:59 | INFO | Epoch 1 | Batch 27120/50000 | Loss: 0.0016 | Avg Loss: 0.1917 | LR: 9.23e-05
2025-11-18 00:30:59 | INFO | Epoch 1 | Batch 27130/50000 | Loss: 0.0003 | Avg Loss: 0.1917 | LR: 9.23e-05
2025-11-18 00:31:00 | INFO | Epoch 1 | Batch 27140/50000 | Loss: 0.0009 | Avg Loss: 0.1916 | LR: 9.23e-05
2025-11-18 00:31:00 | INFO | Epoch 1 | Batch 27150/50000 | Loss: 0.0163 | Avg Loss: 0.1915 | LR: 9.23e-05
2025-11-18 00:31:00 | INFO | Epoch 1 | Batch 27160/50000 | Loss: 0.0137 | Avg Loss: 0.1915 | LR: 9.23e-05
2025-11-18 00:31:00 | INFO | Epoch 1 | Batch 27170/50000 | Loss: 0.0091 | Avg Loss: 0.1914 | LR: 9.23e-05
2025-11-18 00:31:00 | INFO | Epoch 1 | Batch 27180/50000 | Loss: 0.0006 | Avg Loss: 0.1913 | LR: 9.23e-05
2025-11-18 00:31:00 | INFO | Epoch 1 | Batch 27190/50000 | Loss: 0.0005 | Avg Loss: 0.1913 | LR: 9.23e-05
2025-11-18 00:31:00 | INFO | Epoch 1 | Batch 27200/50000 | Loss: 0.0006 | Avg Loss: 0.1912 | LR: 9.23e-05
2025-11-18 00:31:00 | INFO | Epoch 1 | Batch 27210/50000 | Loss: 0.0036 | Avg Loss: 0.1911 | LR: 9.23e-05
2025-11-18 00:31:00 | INFO | Epoch 1 | Batch 27220/50000 | Loss: 0.0299 | Avg Loss: 0.1911 | LR: 9.23e-05
2025-11-18 00:31:00 | INFO | Epoch 1 | Batch 27230/50000 | Loss: 0.0030 | Avg Loss: 0.1910 | LR: 9.23e-05
2025-11-18 00:31:00 | INFO | Epoch 1 | Batch 27240/50000 | Loss: 0.0208 | Avg Loss: 0.1909 | LR: 9.23e-05
2025-11-18 00:31:00 | INFO | Epoch 1 | Batch 27250/50000 | Loss: 0.0004 | Avg Loss: 0.1909 | LR: 9.23e-05
2025-11-18 00:31:00 | INFO | Epoch 1 | Batch 27260/50000 | Loss: 0.0001 | Avg Loss: 0.1908 | LR: 9.23e-05
2025-11-18 00:31:00 | INFO | Epoch 1 | Batch 27270/50000 | Loss: 0.0359 | Avg Loss: 0.1908 | LR: 9.23e-05
2025-11-18 00:31:01 | INFO | Epoch 1 | Batch 27280/50000 | Loss: 0.0414 | Avg Loss: 0.1907 | LR: 9.22e-05
2025-11-18 00:31:01 | INFO | Epoch 1 | Batch 27290/50000 | Loss: 0.0003 | Avg Loss: 0.1906 | LR: 9.22e-05
2025-11-18 00:31:01 | INFO | Epoch 1 | Batch 27300/50000 | Loss: 0.0247 | Avg Loss: 0.1906 | LR: 9.22e-05
2025-11-18 00:31:01 | INFO | Epoch 1 | Batch 27310/50000 | Loss: 0.0031 | Avg Loss: 0.1905 | LR: 9.22e-05
2025-11-18 00:31:01 | INFO | Epoch 1 | Batch 27320/50000 | Loss: 0.0004 | Avg Loss: 0.1904 | LR: 9.22e-05
2025-11-18 00:31:01 | INFO | Epoch 1 | Batch 27330/50000 | Loss: 0.0007 | Avg Loss: 0.1904 | LR: 9.22e-05
2025-11-18 00:31:01 | INFO | Epoch 1 | Batch 27340/50000 | Loss: 0.0008 | Avg Loss: 0.1903 | LR: 9.22e-05
2025-11-18 00:31:01 | INFO | Epoch 1 | Batch 27350/50000 | Loss: 0.0441 | Avg Loss: 0.1902 | LR: 9.22e-05
2025-11-18 00:31:01 | INFO | Epoch 1 | Batch 27360/50000 | Loss: 0.0004 | Avg Loss: 0.1902 | LR: 9.22e-05
2025-11-18 00:31:01 | INFO | Epoch 1 | Batch 27370/50000 | Loss: 0.0002 | Avg Loss: 0.1901 | LR: 9.22e-05
2025-11-18 00:31:01 | INFO | Epoch 1 | Batch 27380/50000 | Loss: 0.0007 | Avg Loss: 0.1900 | LR: 9.22e-05
2025-11-18 00:31:01 | INFO | Epoch 1 | Batch 27390/50000 | Loss: 0.0003 | Avg Loss: 0.1900 | LR: 9.22e-05
2025-11-18 00:31:01 | INFO | Epoch 1 | Batch 27400/50000 | Loss: 0.0002 | Avg Loss: 0.1899 | LR: 9.22e-05
2025-11-18 00:31:01 | INFO | Epoch 1 | Batch 27410/50000 | Loss: 0.2330 | Avg Loss: 0.1898 | LR: 9.22e-05
2025-11-18 00:31:02 | INFO | Epoch 1 | Batch 27420/50000 | Loss: 0.0005 | Avg Loss: 0.1898 | LR: 9.22e-05
2025-11-18 00:31:02 | INFO | Epoch 1 | Batch 27430/50000 | Loss: 0.0126 | Avg Loss: 0.1897 | LR: 9.22e-05
2025-11-18 00:31:02 | INFO | Epoch 1 | Batch 27440/50000 | Loss: 0.0002 | Avg Loss: 0.1896 | LR: 9.22e-05
2025-11-18 00:31:02 | INFO | Epoch 1 | Batch 27450/50000 | Loss: 0.0252 | Avg Loss: 0.1896 | LR: 9.21e-05
2025-11-18 00:31:02 | INFO | Epoch 1 | Batch 27460/50000 | Loss: 0.0535 | Avg Loss: 0.1895 | LR: 9.21e-05
2025-11-18 00:31:02 | INFO | Epoch 1 | Batch 27470/50000 | Loss: 0.0007 | Avg Loss: 0.1895 | LR: 9.21e-05
2025-11-18 00:31:02 | INFO | Epoch 1 | Batch 27480/50000 | Loss: 0.0009 | Avg Loss: 0.1894 | LR: 9.21e-05
2025-11-18 00:31:02 | INFO | Epoch 1 | Batch 27490/50000 | Loss: 0.0290 | Avg Loss: 0.1893 | LR: 9.21e-05
2025-11-18 00:31:02 | INFO | Epoch 1 | Batch 27500/50000 | Loss: 0.0224 | Avg Loss: 0.1893 | LR: 9.21e-05
2025-11-18 00:31:02 | INFO | Epoch 1 | Batch 27510/50000 | Loss: 0.0179 | Avg Loss: 0.1892 | LR: 9.21e-05
2025-11-18 00:31:02 | INFO | Epoch 1 | Batch 27520/50000 | Loss: 0.0150 | Avg Loss: 0.1891 | LR: 9.21e-05
2025-11-18 00:31:02 | INFO | Epoch 1 | Batch 27530/50000 | Loss: 0.0003 | Avg Loss: 0.1891 | LR: 9.21e-05
2025-11-18 00:31:02 | INFO | Epoch 1 | Batch 27540/50000 | Loss: 0.0004 | Avg Loss: 0.1890 | LR: 9.21e-05
2025-11-18 00:31:02 | INFO | Epoch 1 | Batch 27550/50000 | Loss: 0.0026 | Avg Loss: 0.1889 | LR: 9.21e-05
2025-11-18 00:31:02 | INFO | Epoch 1 | Batch 27560/50000 | Loss: 0.0003 | Avg Loss: 0.1889 | LR: 9.21e-05
2025-11-18 00:31:03 | INFO | Epoch 1 | Batch 27570/50000 | Loss: 0.0011 | Avg Loss: 0.1888 | LR: 9.21e-05
2025-11-18 00:31:03 | INFO | Epoch 1 | Batch 27580/50000 | Loss: 0.0003 | Avg Loss: 0.1887 | LR: 9.21e-05
2025-11-18 00:31:03 | INFO | Epoch 1 | Batch 27590/50000 | Loss: 0.0002 | Avg Loss: 0.1887 | LR: 9.21e-05
2025-11-18 00:31:03 | INFO | Epoch 1 | Batch 27600/50000 | Loss: 0.0496 | Avg Loss: 0.1886 | LR: 9.21e-05
2025-11-18 00:31:03 | INFO | Epoch 1 | Batch 27610/50000 | Loss: 0.0010 | Avg Loss: 0.1886 | LR: 9.21e-05
2025-11-18 00:31:03 | INFO | Epoch 1 | Batch 27620/50000 | Loss: 0.0003 | Avg Loss: 0.1885 | LR: 9.21e-05
2025-11-18 00:31:03 | INFO | Epoch 1 | Batch 27630/50000 | Loss: 0.0001 | Avg Loss: 0.1884 | LR: 9.20e-05
2025-11-18 00:31:03 | INFO | Epoch 1 | Batch 27640/50000 | Loss: 0.0275 | Avg Loss: 0.1884 | LR: 9.20e-05
2025-11-18 00:31:03 | INFO | Epoch 1 | Batch 27650/50000 | Loss: 0.0007 | Avg Loss: 0.1883 | LR: 9.20e-05
2025-11-18 00:31:03 | INFO | Epoch 1 | Batch 27660/50000 | Loss: 0.0006 | Avg Loss: 0.1882 | LR: 9.20e-05
2025-11-18 00:31:03 | INFO | Epoch 1 | Batch 27670/50000 | Loss: 0.0046 | Avg Loss: 0.1882 | LR: 9.20e-05
2025-11-18 00:31:03 | INFO | Epoch 1 | Batch 27680/50000 | Loss: 0.0003 | Avg Loss: 0.1881 | LR: 9.20e-05
2025-11-18 00:31:03 | INFO | Epoch 1 | Batch 27690/50000 | Loss: 0.0010 | Avg Loss: 0.1880 | LR: 9.20e-05
2025-11-18 00:31:03 | INFO | Epoch 1 | Batch 27700/50000 | Loss: 0.0104 | Avg Loss: 0.1880 | LR: 9.20e-05
2025-11-18 00:31:04 | INFO | Epoch 1 | Batch 27710/50000 | Loss: 0.0002 | Avg Loss: 0.1879 | LR: 9.20e-05
2025-11-18 00:31:04 | INFO | Epoch 1 | Batch 27720/50000 | Loss: 0.0147 | Avg Loss: 0.1879 | LR: 9.20e-05
2025-11-18 00:31:04 | INFO | Epoch 1 | Batch 27730/50000 | Loss: 0.0484 | Avg Loss: 0.1878 | LR: 9.20e-05
2025-11-18 00:31:04 | INFO | Epoch 1 | Batch 27740/50000 | Loss: 0.0266 | Avg Loss: 0.1878 | LR: 9.20e-05
2025-11-18 00:31:04 | INFO | Epoch 1 | Batch 27750/50000 | Loss: 0.1028 | Avg Loss: 0.1877 | LR: 9.20e-05
2025-11-18 00:31:04 | INFO | Epoch 1 | Batch 27760/50000 | Loss: 0.0002 | Avg Loss: 0.1876 | LR: 9.20e-05
2025-11-18 00:31:04 | INFO | Epoch 1 | Batch 27770/50000 | Loss: 0.0190 | Avg Loss: 0.1876 | LR: 9.20e-05
2025-11-18 00:31:04 | INFO | Epoch 1 | Batch 27780/50000 | Loss: 0.0114 | Avg Loss: 0.1875 | LR: 9.20e-05
2025-11-18 00:31:04 | INFO | Epoch 1 | Batch 27790/50000 | Loss: 0.0284 | Avg Loss: 0.1874 | LR: 9.20e-05
2025-11-18 00:31:04 | INFO | Epoch 1 | Batch 27800/50000 | Loss: 0.0003 | Avg Loss: 0.1874 | LR: 9.19e-05
2025-11-18 00:31:04 | INFO | Epoch 1 | Batch 27810/50000 | Loss: 0.0006 | Avg Loss: 0.1873 | LR: 9.19e-05
2025-11-18 00:31:04 | INFO | Epoch 1 | Batch 27820/50000 | Loss: 0.0003 | Avg Loss: 0.1872 | LR: 9.19e-05
2025-11-18 00:31:04 | INFO | Epoch 1 | Batch 27830/50000 | Loss: 0.1243 | Avg Loss: 0.1872 | LR: 9.19e-05
2025-11-18 00:31:04 | INFO | Epoch 1 | Batch 27840/50000 | Loss: 0.0002 | Avg Loss: 0.1871 | LR: 9.19e-05
2025-11-18 00:31:05 | INFO | Epoch 1 | Batch 27850/50000 | Loss: 0.0008 | Avg Loss: 0.1871 | LR: 9.19e-05
2025-11-18 00:31:05 | INFO | Epoch 1 | Batch 27860/50000 | Loss: 0.0001 | Avg Loss: 0.1870 | LR: 9.19e-05
2025-11-18 00:31:05 | INFO | Epoch 1 | Batch 27870/50000 | Loss: 0.0002 | Avg Loss: 0.1869 | LR: 9.19e-05
2025-11-18 00:31:05 | INFO | Epoch 1 | Batch 27880/50000 | Loss: 0.0065 | Avg Loss: 0.1869 | LR: 9.19e-05
2025-11-18 00:31:05 | INFO | Epoch 1 | Batch 27890/50000 | Loss: 0.0014 | Avg Loss: 0.1868 | LR: 9.19e-05
2025-11-18 00:31:05 | INFO | Epoch 1 | Batch 27900/50000 | Loss: 0.0134 | Avg Loss: 0.1867 | LR: 9.19e-05
2025-11-18 00:31:05 | INFO | Epoch 1 | Batch 27910/50000 | Loss: 0.0005 | Avg Loss: 0.1867 | LR: 9.19e-05
2025-11-18 00:31:05 | INFO | Epoch 1 | Batch 27920/50000 | Loss: 0.0002 | Avg Loss: 0.1866 | LR: 9.19e-05
2025-11-18 00:31:05 | INFO | Epoch 1 | Batch 27930/50000 | Loss: 0.0011 | Avg Loss: 0.1866 | LR: 9.19e-05
2025-11-18 00:31:05 | INFO | Epoch 1 | Batch 27940/50000 | Loss: 0.0029 | Avg Loss: 0.1865 | LR: 9.19e-05
2025-11-18 00:31:05 | INFO | Epoch 1 | Batch 27950/50000 | Loss: 0.0474 | Avg Loss: 0.1864 | LR: 9.19e-05
2025-11-18 00:31:05 | INFO | Epoch 1 | Batch 27960/50000 | Loss: 0.0005 | Avg Loss: 0.1864 | LR: 9.19e-05
2025-11-18 00:31:05 | INFO | Epoch 1 | Batch 27970/50000 | Loss: 0.0001 | Avg Loss: 0.1863 | LR: 9.19e-05
2025-11-18 00:31:05 | INFO | Epoch 1 | Batch 27980/50000 | Loss: 0.0014 | Avg Loss: 0.1863 | LR: 9.18e-05
2025-11-18 00:31:05 | INFO | Epoch 1 | Batch 27990/50000 | Loss: 0.0007 | Avg Loss: 0.1862 | LR: 9.18e-05
2025-11-18 00:31:06 | INFO | Epoch 1 | Batch 28000/50000 | Loss: 0.0007 | Avg Loss: 0.1861 | LR: 9.18e-05
2025-11-18 00:31:06 | INFO | Epoch 1 | Batch 28010/50000 | Loss: 0.0017 | Avg Loss: 0.1861 | LR: 9.18e-05
2025-11-18 00:31:06 | INFO | Epoch 1 | Batch 28020/50000 | Loss: 0.0068 | Avg Loss: 0.1860 | LR: 9.18e-05
2025-11-18 00:31:06 | INFO | Epoch 1 | Batch 28030/50000 | Loss: 0.0068 | Avg Loss: 0.1859 | LR: 9.18e-05
2025-11-18 00:31:06 | INFO | Epoch 1 | Batch 28040/50000 | Loss: 0.0171 | Avg Loss: 0.1859 | LR: 9.18e-05
2025-11-18 00:31:06 | INFO | Epoch 1 | Batch 28050/50000 | Loss: 0.0238 | Avg Loss: 0.1858 | LR: 9.18e-05
2025-11-18 00:31:06 | INFO | Epoch 1 | Batch 28060/50000 | Loss: 0.0022 | Avg Loss: 0.1858 | LR: 9.18e-05
2025-11-18 00:31:06 | INFO | Epoch 1 | Batch 28070/50000 | Loss: 0.0004 | Avg Loss: 0.1857 | LR: 9.18e-05
2025-11-18 00:31:06 | INFO | Epoch 1 | Batch 28080/50000 | Loss: 0.0022 | Avg Loss: 0.1856 | LR: 9.18e-05
2025-11-18 00:31:06 | INFO | Epoch 1 | Batch 28090/50000 | Loss: 0.0009 | Avg Loss: 0.1856 | LR: 9.18e-05
2025-11-18 00:31:06 | INFO | Epoch 1 | Batch 28100/50000 | Loss: 0.0003 | Avg Loss: 0.1855 | LR: 9.18e-05
2025-11-18 00:31:06 | INFO | Epoch 1 | Batch 28110/50000 | Loss: 0.0002 | Avg Loss: 0.1854 | LR: 9.18e-05
2025-11-18 00:31:06 | INFO | Epoch 1 | Batch 28120/50000 | Loss: 0.0112 | Avg Loss: 0.1854 | LR: 9.18e-05
2025-11-18 00:31:06 | INFO | Epoch 1 | Batch 28130/50000 | Loss: 0.0003 | Avg Loss: 0.1853 | LR: 9.18e-05
2025-11-18 00:31:07 | INFO | Epoch 1 | Batch 28140/50000 | Loss: 0.0037 | Avg Loss: 0.1853 | LR: 9.18e-05
2025-11-18 00:31:07 | INFO | Epoch 1 | Batch 28150/50000 | Loss: 0.0235 | Avg Loss: 0.1852 | LR: 9.17e-05
2025-11-18 00:31:07 | INFO | Epoch 1 | Batch 28160/50000 | Loss: 0.0004 | Avg Loss: 0.1851 | LR: 9.17e-05
2025-11-18 00:31:07 | INFO | Epoch 1 | Batch 28170/50000 | Loss: 0.0003 | Avg Loss: 0.1851 | LR: 9.17e-05
2025-11-18 00:31:07 | INFO | Epoch 1 | Batch 28180/50000 | Loss: 0.0128 | Avg Loss: 0.1850 | LR: 9.17e-05
2025-11-18 00:31:07 | INFO | Epoch 1 | Batch 28190/50000 | Loss: 0.1968 | Avg Loss: 0.1850 | LR: 9.17e-05
2025-11-18 00:31:07 | INFO | Epoch 1 | Batch 28200/50000 | Loss: 0.0004 | Avg Loss: 0.1849 | LR: 9.17e-05
2025-11-18 00:31:07 | INFO | Epoch 1 | Batch 28210/50000 | Loss: 0.0003 | Avg Loss: 0.1848 | LR: 9.17e-05
2025-11-18 00:31:07 | INFO | Epoch 1 | Batch 28220/50000 | Loss: 0.0090 | Avg Loss: 0.1848 | LR: 9.17e-05
2025-11-18 00:31:07 | INFO | Epoch 1 | Batch 28230/50000 | Loss: 0.0149 | Avg Loss: 0.1847 | LR: 9.17e-05
2025-11-18 00:31:07 | INFO | Epoch 1 | Batch 28240/50000 | Loss: 0.0006 | Avg Loss: 0.1847 | LR: 9.17e-05
2025-11-18 00:31:07 | INFO | Epoch 1 | Batch 28250/50000 | Loss: 0.0224 | Avg Loss: 0.1846 | LR: 9.17e-05
2025-11-18 00:31:07 | INFO | Epoch 1 | Batch 28260/50000 | Loss: 0.0006 | Avg Loss: 0.1845 | LR: 9.17e-05
2025-11-18 00:31:07 | INFO | Epoch 1 | Batch 28270/50000 | Loss: 0.0579 | Avg Loss: 0.1845 | LR: 9.17e-05
2025-11-18 00:31:08 | INFO | Epoch 1 | Batch 28280/50000 | Loss: 0.0270 | Avg Loss: 0.1844 | LR: 9.17e-05
2025-11-18 00:31:08 | INFO | Epoch 1 | Batch 28290/50000 | Loss: 0.0004 | Avg Loss: 0.1844 | LR: 9.17e-05
2025-11-18 00:31:08 | INFO | Epoch 1 | Batch 28300/50000 | Loss: 0.0008 | Avg Loss: 0.1843 | LR: 9.17e-05
2025-11-18 00:31:08 | INFO | Epoch 1 | Batch 28310/50000 | Loss: 0.0504 | Avg Loss: 0.1842 | LR: 9.17e-05
2025-11-18 00:31:08 | INFO | Epoch 1 | Batch 28320/50000 | Loss: 0.0233 | Avg Loss: 0.1842 | LR: 9.16e-05
2025-11-18 00:31:08 | INFO | Epoch 1 | Batch 28330/50000 | Loss: 0.0002 | Avg Loss: 0.1841 | LR: 9.16e-05
2025-11-18 00:31:08 | INFO | Epoch 1 | Batch 28340/50000 | Loss: 0.1283 | Avg Loss: 0.1841 | LR: 9.16e-05
2025-11-18 00:31:08 | INFO | Epoch 1 | Batch 28350/50000 | Loss: 0.0002 | Avg Loss: 0.1840 | LR: 9.16e-05
2025-11-18 00:31:08 | INFO | Epoch 1 | Batch 28360/50000 | Loss: 0.0004 | Avg Loss: 0.1840 | LR: 9.16e-05
2025-11-18 00:31:08 | INFO | Epoch 1 | Batch 28370/50000 | Loss: 0.0013 | Avg Loss: 0.1839 | LR: 9.16e-05
2025-11-18 00:31:08 | INFO | Epoch 1 | Batch 28380/50000 | Loss: 0.0272 | Avg Loss: 0.1838 | LR: 9.16e-05
2025-11-18 00:31:08 | INFO | Epoch 1 | Batch 28390/50000 | Loss: 0.1078 | Avg Loss: 0.1838 | LR: 9.16e-05
2025-11-18 00:31:08 | INFO | Epoch 1 | Batch 28400/50000 | Loss: 0.0005 | Avg Loss: 0.1837 | LR: 9.16e-05
2025-11-18 00:31:08 | INFO | Epoch 1 | Batch 28410/50000 | Loss: 0.0005 | Avg Loss: 0.1837 | LR: 9.16e-05
2025-11-18 00:31:08 | INFO | Epoch 1 | Batch 28420/50000 | Loss: 0.0096 | Avg Loss: 0.1836 | LR: 9.16e-05
2025-11-18 00:31:09 | INFO | Epoch 1 | Batch 28430/50000 | Loss: 0.0035 | Avg Loss: 0.1836 | LR: 9.16e-05
2025-11-18 00:31:09 | INFO | Epoch 1 | Batch 28440/50000 | Loss: 0.0004 | Avg Loss: 0.1835 | LR: 9.16e-05
2025-11-18 00:31:09 | INFO | Epoch 1 | Batch 28450/50000 | Loss: 0.0009 | Avg Loss: 0.1834 | LR: 9.16e-05
2025-11-18 00:31:09 | INFO | Epoch 1 | Batch 28460/50000 | Loss: 0.0195 | Avg Loss: 0.1834 | LR: 9.16e-05
2025-11-18 00:31:09 | INFO | Epoch 1 | Batch 28470/50000 | Loss: 0.0002 | Avg Loss: 0.1833 | LR: 9.16e-05
2025-11-18 00:31:09 | INFO | Epoch 1 | Batch 28480/50000 | Loss: 0.0181 | Avg Loss: 0.1832 | LR: 9.16e-05
2025-11-18 00:31:09 | INFO | Epoch 1 | Batch 28490/50000 | Loss: 0.0261 | Avg Loss: 0.1832 | LR: 9.16e-05
2025-11-18 00:31:09 | INFO | Epoch 1 | Batch 28500/50000 | Loss: 0.1489 | Avg Loss: 0.1831 | LR: 9.15e-05
2025-11-18 00:31:09 | INFO | Epoch 1 | Batch 28510/50000 | Loss: 0.0003 | Avg Loss: 0.1831 | LR: 9.15e-05
2025-11-18 00:31:09 | INFO | Epoch 1 | Batch 28520/50000 | Loss: 0.0972 | Avg Loss: 0.1830 | LR: 9.15e-05
2025-11-18 00:31:09 | INFO | Epoch 1 | Batch 28530/50000 | Loss: 0.0010 | Avg Loss: 0.1829 | LR: 9.15e-05
2025-11-18 00:31:09 | INFO | Epoch 1 | Batch 28540/50000 | Loss: 0.0002 | Avg Loss: 0.1829 | LR: 9.15e-05
2025-11-18 00:31:09 | INFO | Epoch 1 | Batch 28550/50000 | Loss: 0.0017 | Avg Loss: 0.1828 | LR: 9.15e-05
2025-11-18 00:31:09 | INFO | Epoch 1 | Batch 28560/50000 | Loss: 0.0088 | Avg Loss: 0.1828 | LR: 9.15e-05
2025-11-18 00:31:10 | INFO | Epoch 1 | Batch 28570/50000 | Loss: 0.0259 | Avg Loss: 0.1827 | LR: 9.15e-05
2025-11-18 00:31:10 | INFO | Epoch 1 | Batch 28580/50000 | Loss: 0.0066 | Avg Loss: 0.1827 | LR: 9.15e-05
2025-11-18 00:31:10 | INFO | Epoch 1 | Batch 28590/50000 | Loss: 0.0014 | Avg Loss: 0.1826 | LR: 9.15e-05
2025-11-18 00:31:10 | INFO | Epoch 1 | Batch 28600/50000 | Loss: 0.0001 | Avg Loss: 0.1825 | LR: 9.15e-05
2025-11-18 00:31:10 | INFO | Epoch 1 | Batch 28610/50000 | Loss: 0.0003 | Avg Loss: 0.1825 | LR: 9.15e-05
2025-11-18 00:31:10 | INFO | Epoch 1 | Batch 28620/50000 | Loss: 0.0007 | Avg Loss: 0.1824 | LR: 9.15e-05
2025-11-18 00:31:10 | INFO | Epoch 1 | Batch 28630/50000 | Loss: 0.0583 | Avg Loss: 0.1824 | LR: 9.15e-05
2025-11-18 00:31:10 | INFO | Epoch 1 | Batch 28640/50000 | Loss: 0.0511 | Avg Loss: 0.1823 | LR: 9.15e-05
2025-11-18 00:31:10 | INFO | Epoch 1 | Batch 28650/50000 | Loss: 0.0003 | Avg Loss: 0.1822 | LR: 9.15e-05
2025-11-18 00:31:10 | INFO | Epoch 1 | Batch 28660/50000 | Loss: 0.0006 | Avg Loss: 0.1822 | LR: 9.15e-05
2025-11-18 00:31:10 | INFO | Epoch 1 | Batch 28670/50000 | Loss: 0.0003 | Avg Loss: 0.1821 | LR: 9.14e-05
2025-11-18 00:31:10 | INFO | Epoch 1 | Batch 28680/50000 | Loss: 0.1046 | Avg Loss: 0.1821 | LR: 9.14e-05
2025-11-18 00:31:10 | INFO | Epoch 1 | Batch 28690/50000 | Loss: 0.0004 | Avg Loss: 0.1820 | LR: 9.14e-05
2025-11-18 00:31:10 | INFO | Epoch 1 | Batch 28700/50000 | Loss: 0.0216 | Avg Loss: 0.1819 | LR: 9.14e-05
2025-11-18 00:31:11 | INFO | Epoch 1 | Batch 28710/50000 | Loss: 0.0245 | Avg Loss: 0.1819 | LR: 9.14e-05
2025-11-18 00:31:11 | INFO | Epoch 1 | Batch 28720/50000 | Loss: 0.0002 | Avg Loss: 0.1818 | LR: 9.14e-05
2025-11-18 00:31:11 | INFO | Epoch 1 | Batch 28730/50000 | Loss: 0.0034 | Avg Loss: 0.1818 | LR: 9.14e-05
2025-11-18 00:31:11 | INFO | Epoch 1 | Batch 28740/50000 | Loss: 0.0007 | Avg Loss: 0.1817 | LR: 9.14e-05
2025-11-18 00:31:11 | INFO | Epoch 1 | Batch 28750/50000 | Loss: 0.0584 | Avg Loss: 0.1817 | LR: 9.14e-05
2025-11-18 00:31:11 | INFO | Epoch 1 | Batch 28760/50000 | Loss: 0.0004 | Avg Loss: 0.1816 | LR: 9.14e-05
2025-11-18 00:31:11 | INFO | Epoch 1 | Batch 28770/50000 | Loss: 0.0003 | Avg Loss: 0.1815 | LR: 9.14e-05
2025-11-18 00:31:11 | INFO | Epoch 1 | Batch 28780/50000 | Loss: 0.0002 | Avg Loss: 0.1815 | LR: 9.14e-05
2025-11-18 00:31:11 | INFO | Epoch 1 | Batch 28790/50000 | Loss: 0.0105 | Avg Loss: 0.1814 | LR: 9.14e-05
2025-11-18 00:31:11 | INFO | Epoch 1 | Batch 28800/50000 | Loss: 0.0172 | Avg Loss: 0.1814 | LR: 9.14e-05
2025-11-18 00:31:11 | INFO | Epoch 1 | Batch 28810/50000 | Loss: 0.0005 | Avg Loss: 0.1813 | LR: 9.14e-05
2025-11-18 00:31:11 | INFO | Epoch 1 | Batch 28820/50000 | Loss: 0.0043 | Avg Loss: 0.1813 | LR: 9.14e-05
2025-11-18 00:31:11 | INFO | Epoch 1 | Batch 28830/50000 | Loss: 0.0130 | Avg Loss: 0.1812 | LR: 9.14e-05
2025-11-18 00:31:11 | INFO | Epoch 1 | Batch 28840/50000 | Loss: 0.0076 | Avg Loss: 0.1811 | LR: 9.13e-05
2025-11-18 00:31:11 | INFO | Epoch 1 | Batch 28850/50000 | Loss: 0.0007 | Avg Loss: 0.1811 | LR: 9.13e-05
2025-11-18 00:31:12 | INFO | Epoch 1 | Batch 28860/50000 | Loss: 0.0129 | Avg Loss: 0.1810 | LR: 9.13e-05
2025-11-18 00:31:12 | INFO | Epoch 1 | Batch 28870/50000 | Loss: 0.0002 | Avg Loss: 0.1810 | LR: 9.13e-05
2025-11-18 00:31:12 | INFO | Epoch 1 | Batch 28880/50000 | Loss: 0.0007 | Avg Loss: 0.1809 | LR: 9.13e-05
2025-11-18 00:31:12 | INFO | Epoch 1 | Batch 28890/50000 | Loss: 0.0004 | Avg Loss: 0.1809 | LR: 9.13e-05
2025-11-18 00:31:12 | INFO | Epoch 1 | Batch 28900/50000 | Loss: 0.0034 | Avg Loss: 0.1808 | LR: 9.13e-05
2025-11-18 00:31:12 | INFO | Epoch 1 | Batch 28910/50000 | Loss: 0.0015 | Avg Loss: 0.1807 | LR: 9.13e-05
2025-11-18 00:31:12 | INFO | Epoch 1 | Batch 28920/50000 | Loss: 0.1250 | Avg Loss: 0.1807 | LR: 9.13e-05
2025-11-18 00:31:12 | INFO | Epoch 1 | Batch 28930/50000 | Loss: 0.0809 | Avg Loss: 0.1806 | LR: 9.13e-05
2025-11-18 00:31:12 | INFO | Epoch 1 | Batch 28940/50000 | Loss: 0.0152 | Avg Loss: 0.1806 | LR: 9.13e-05
2025-11-18 00:31:12 | INFO | Epoch 1 | Batch 28950/50000 | Loss: 0.0004 | Avg Loss: 0.1805 | LR: 9.13e-05
2025-11-18 00:31:12 | INFO | Epoch 1 | Batch 28960/50000 | Loss: 0.0003 | Avg Loss: 0.1805 | LR: 9.13e-05
2025-11-18 00:31:12 | INFO | Epoch 1 | Batch 28970/50000 | Loss: 0.0125 | Avg Loss: 0.1804 | LR: 9.13e-05
2025-11-18 00:31:12 | INFO | Epoch 1 | Batch 28980/50000 | Loss: 0.0494 | Avg Loss: 0.1804 | LR: 9.13e-05
2025-11-18 00:31:12 | INFO | Epoch 1 | Batch 28990/50000 | Loss: 0.0010 | Avg Loss: 0.1803 | LR: 9.13e-05
2025-11-18 00:31:13 | INFO | Epoch 1 | Batch 29000/50000 | Loss: 0.0096 | Avg Loss: 0.1802 | LR: 9.12e-05
2025-11-18 00:31:13 | INFO | Epoch 1 | Batch 29010/50000 | Loss: 0.0004 | Avg Loss: 0.1802 | LR: 9.12e-05
2025-11-18 00:31:13 | INFO | Epoch 1 | Batch 29020/50000 | Loss: 0.0003 | Avg Loss: 0.1801 | LR: 9.12e-05
2025-11-18 00:31:13 | INFO | Epoch 1 | Batch 29030/50000 | Loss: 0.0006 | Avg Loss: 0.1801 | LR: 9.12e-05
2025-11-18 00:31:13 | INFO | Epoch 1 | Batch 29040/50000 | Loss: 0.0063 | Avg Loss: 0.1800 | LR: 9.12e-05
2025-11-18 00:31:13 | INFO | Epoch 1 | Batch 29050/50000 | Loss: 0.0129 | Avg Loss: 0.1800 | LR: 9.12e-05
2025-11-18 00:31:13 | INFO | Epoch 1 | Batch 29060/50000 | Loss: 0.0009 | Avg Loss: 0.1799 | LR: 9.12e-05
2025-11-18 00:31:13 | INFO | Epoch 1 | Batch 29070/50000 | Loss: 0.0015 | Avg Loss: 0.1798 | LR: 9.12e-05
2025-11-18 00:31:13 | INFO | Epoch 1 | Batch 29080/50000 | Loss: 0.0008 | Avg Loss: 0.1798 | LR: 9.12e-05
2025-11-18 00:31:13 | INFO | Epoch 1 | Batch 29090/50000 | Loss: 0.0004 | Avg Loss: 0.1797 | LR: 9.12e-05
2025-11-18 00:31:13 | INFO | Epoch 1 | Batch 29100/50000 | Loss: 0.0003 | Avg Loss: 0.1797 | LR: 9.12e-05
2025-11-18 00:31:13 | INFO | Epoch 1 | Batch 29110/50000 | Loss: 0.0002 | Avg Loss: 0.1796 | LR: 9.12e-05
2025-11-18 00:31:13 | INFO | Epoch 1 | Batch 29120/50000 | Loss: 0.0005 | Avg Loss: 0.1796 | LR: 9.12e-05
2025-11-18 00:31:13 | INFO | Epoch 1 | Batch 29130/50000 | Loss: 0.0142 | Avg Loss: 0.1795 | LR: 9.12e-05
2025-11-18 00:31:14 | INFO | Epoch 1 | Batch 29140/50000 | Loss: 0.0004 | Avg Loss: 0.1794 | LR: 9.12e-05
2025-11-18 00:31:14 | INFO | Epoch 1 | Batch 29150/50000 | Loss: 0.0028 | Avg Loss: 0.1794 | LR: 9.12e-05
2025-11-18 00:31:14 | INFO | Epoch 1 | Batch 29160/50000 | Loss: 0.0001 | Avg Loss: 0.1793 | LR: 9.12e-05
2025-11-18 00:31:14 | INFO | Epoch 1 | Batch 29170/50000 | Loss: 0.0004 | Avg Loss: 0.1793 | LR: 9.11e-05
2025-11-18 00:31:14 | INFO | Epoch 1 | Batch 29180/50000 | Loss: 0.0015 | Avg Loss: 0.1792 | LR: 9.11e-05
2025-11-18 00:31:14 | INFO | Epoch 1 | Batch 29190/50000 | Loss: 0.0812 | Avg Loss: 0.1792 | LR: 9.11e-05
2025-11-18 00:31:14 | INFO | Epoch 1 | Batch 29200/50000 | Loss: 0.0377 | Avg Loss: 0.1791 | LR: 9.11e-05
2025-11-18 00:31:14 | INFO | Epoch 1 | Batch 29210/50000 | Loss: 0.0171 | Avg Loss: 0.1790 | LR: 9.11e-05
2025-11-18 00:31:14 | INFO | Epoch 1 | Batch 29220/50000 | Loss: 0.0008 | Avg Loss: 0.1790 | LR: 9.11e-05
2025-11-18 00:31:14 | INFO | Epoch 1 | Batch 29230/50000 | Loss: 0.0008 | Avg Loss: 0.1789 | LR: 9.11e-05
2025-11-18 00:31:14 | INFO | Epoch 1 | Batch 29240/50000 | Loss: 0.0008 | Avg Loss: 0.1789 | LR: 9.11e-05
2025-11-18 00:31:14 | INFO | Epoch 1 | Batch 29250/50000 | Loss: 0.0003 | Avg Loss: 0.1788 | LR: 9.11e-05
2025-11-18 00:31:14 | INFO | Epoch 1 | Batch 29260/50000 | Loss: 0.0002 | Avg Loss: 0.1788 | LR: 9.11e-05
2025-11-18 00:31:14 | INFO | Epoch 1 | Batch 29270/50000 | Loss: 0.0330 | Avg Loss: 0.1787 | LR: 9.11e-05
2025-11-18 00:31:14 | INFO | Epoch 1 | Batch 29280/50000 | Loss: 0.0240 | Avg Loss: 0.1786 | LR: 9.11e-05
2025-11-18 00:31:15 | INFO | Epoch 1 | Batch 29290/50000 | Loss: 0.0059 | Avg Loss: 0.1786 | LR: 9.11e-05
2025-11-18 00:31:15 | INFO | Epoch 1 | Batch 29300/50000 | Loss: 0.0012 | Avg Loss: 0.1785 | LR: 9.11e-05
2025-11-18 00:31:15 | INFO | Epoch 1 | Batch 29310/50000 | Loss: 0.0007 | Avg Loss: 0.1785 | LR: 9.11e-05
2025-11-18 00:31:15 | INFO | Epoch 1 | Batch 29320/50000 | Loss: 0.0005 | Avg Loss: 0.1784 | LR: 9.11e-05
2025-11-18 00:31:15 | INFO | Epoch 1 | Batch 29330/50000 | Loss: 0.0070 | Avg Loss: 0.1784 | LR: 9.11e-05
2025-11-18 00:31:15 | INFO | Epoch 1 | Batch 29340/50000 | Loss: 0.0056 | Avg Loss: 0.1783 | LR: 9.10e-05
2025-11-18 00:31:15 | INFO | Epoch 1 | Batch 29350/50000 | Loss: 0.0714 | Avg Loss: 0.1783 | LR: 9.10e-05
2025-11-18 00:31:15 | INFO | Epoch 1 | Batch 29360/50000 | Loss: 0.0007 | Avg Loss: 0.1782 | LR: 9.10e-05
2025-11-18 00:31:15 | INFO | Epoch 1 | Batch 29370/50000 | Loss: 0.0021 | Avg Loss: 0.1781 | LR: 9.10e-05
2025-11-18 00:31:15 | INFO | Epoch 1 | Batch 29380/50000 | Loss: 0.0182 | Avg Loss: 0.1781 | LR: 9.10e-05
2025-11-18 00:31:15 | INFO | Epoch 1 | Batch 29390/50000 | Loss: 0.0001 | Avg Loss: 0.1780 | LR: 9.10e-05
2025-11-18 00:31:15 | INFO | Epoch 1 | Batch 29400/50000 | Loss: 0.0009 | Avg Loss: 0.1780 | LR: 9.10e-05
2025-11-18 00:31:15 | INFO | Epoch 1 | Batch 29410/50000 | Loss: 0.0002 | Avg Loss: 0.1779 | LR: 9.10e-05
2025-11-18 00:31:15 | INFO | Epoch 1 | Batch 29420/50000 | Loss: 0.0002 | Avg Loss: 0.1779 | LR: 9.10e-05
2025-11-18 00:31:16 | INFO | Epoch 1 | Batch 29430/50000 | Loss: 0.0452 | Avg Loss: 0.1778 | LR: 9.10e-05
2025-11-18 00:31:16 | INFO | Epoch 1 | Batch 29440/50000 | Loss: 0.0059 | Avg Loss: 0.1777 | LR: 9.10e-05
2025-11-18 00:31:16 | INFO | Epoch 1 | Batch 29450/50000 | Loss: 0.0004 | Avg Loss: 0.1777 | LR: 9.10e-05
2025-11-18 00:31:16 | INFO | Epoch 1 | Batch 29460/50000 | Loss: 0.0097 | Avg Loss: 0.1776 | LR: 9.10e-05
2025-11-18 00:31:16 | INFO | Epoch 1 | Batch 29470/50000 | Loss: 0.0012 | Avg Loss: 0.1776 | LR: 9.10e-05
2025-11-18 00:31:16 | INFO | Epoch 1 | Batch 29480/50000 | Loss: 0.0002 | Avg Loss: 0.1775 | LR: 9.10e-05
2025-11-18 00:31:16 | INFO | Epoch 1 | Batch 29490/50000 | Loss: 0.0005 | Avg Loss: 0.1775 | LR: 9.10e-05
2025-11-18 00:31:16 | INFO | Epoch 1 | Batch 29500/50000 | Loss: 0.0017 | Avg Loss: 0.1774 | LR: 9.10e-05
2025-11-18 00:31:16 | INFO | Epoch 1 | Batch 29510/50000 | Loss: 0.0190 | Avg Loss: 0.1774 | LR: 9.09e-05
2025-11-18 00:31:16 | INFO | Epoch 1 | Batch 29520/50000 | Loss: 0.0005 | Avg Loss: 0.1773 | LR: 9.09e-05
2025-11-18 00:31:16 | INFO | Epoch 1 | Batch 29530/50000 | Loss: 0.0004 | Avg Loss: 0.1772 | LR: 9.09e-05
2025-11-18 00:31:16 | INFO | Epoch 1 | Batch 29540/50000 | Loss: 0.0004 | Avg Loss: 0.1772 | LR: 9.09e-05
2025-11-18 00:31:16 | INFO | Epoch 1 | Batch 29550/50000 | Loss: 0.0282 | Avg Loss: 0.1771 | LR: 9.09e-05
2025-11-18 00:31:16 | INFO | Epoch 1 | Batch 29560/50000 | Loss: 0.0004 | Avg Loss: 0.1771 | LR: 9.09e-05
2025-11-18 00:31:17 | INFO | Epoch 1 | Batch 29570/50000 | Loss: 0.0016 | Avg Loss: 0.1770 | LR: 9.09e-05
2025-11-18 00:31:17 | INFO | Epoch 1 | Batch 29580/50000 | Loss: 0.0001 | Avg Loss: 0.1770 | LR: 9.09e-05
2025-11-18 00:31:17 | INFO | Epoch 1 | Batch 29590/50000 | Loss: 0.0006 | Avg Loss: 0.1769 | LR: 9.09e-05
2025-11-18 00:31:17 | INFO | Epoch 1 | Batch 29600/50000 | Loss: 0.0044 | Avg Loss: 0.1769 | LR: 9.09e-05
2025-11-18 00:31:17 | INFO | Epoch 1 | Batch 29610/50000 | Loss: 0.0238 | Avg Loss: 0.1768 | LR: 9.09e-05
2025-11-18 00:31:17 | INFO | Epoch 1 | Batch 29620/50000 | Loss: 0.0005 | Avg Loss: 0.1767 | LR: 9.09e-05
2025-11-18 00:31:17 | INFO | Epoch 1 | Batch 29630/50000 | Loss: 0.0273 | Avg Loss: 0.1767 | LR: 9.09e-05
2025-11-18 00:31:17 | INFO | Epoch 1 | Batch 29640/50000 | Loss: 0.0004 | Avg Loss: 0.1766 | LR: 9.09e-05
2025-11-18 00:31:17 | INFO | Epoch 1 | Batch 29650/50000 | Loss: 0.0005 | Avg Loss: 0.1766 | LR: 9.09e-05
2025-11-18 00:31:17 | INFO | Epoch 1 | Batch 29660/50000 | Loss: 0.0003 | Avg Loss: 0.1765 | LR: 9.09e-05
2025-11-18 00:31:17 | INFO | Epoch 1 | Batch 29670/50000 | Loss: 0.0098 | Avg Loss: 0.1765 | LR: 9.08e-05
2025-11-18 00:31:17 | INFO | Epoch 1 | Batch 29680/50000 | Loss: 0.1267 | Avg Loss: 0.1764 | LR: 9.08e-05
2025-11-18 00:31:17 | INFO | Epoch 1 | Batch 29690/50000 | Loss: 0.0008 | Avg Loss: 0.1764 | LR: 9.08e-05
2025-11-18 00:31:17 | INFO | Epoch 1 | Batch 29700/50000 | Loss: 0.0191 | Avg Loss: 0.1763 | LR: 9.08e-05
2025-11-18 00:31:18 | INFO | Epoch 1 | Batch 29710/50000 | Loss: 0.0020 | Avg Loss: 0.1763 | LR: 9.08e-05
2025-11-18 00:31:18 | INFO | Epoch 1 | Batch 29720/50000 | Loss: 0.0002 | Avg Loss: 0.1762 | LR: 9.08e-05
2025-11-18 00:31:18 | INFO | Epoch 1 | Batch 29730/50000 | Loss: 0.0014 | Avg Loss: 0.1761 | LR: 9.08e-05
2025-11-18 00:31:18 | INFO | Epoch 1 | Batch 29740/50000 | Loss: 0.0071 | Avg Loss: 0.1761 | LR: 9.08e-05
2025-11-18 00:31:18 | INFO | Epoch 1 | Batch 29750/50000 | Loss: 0.0004 | Avg Loss: 0.1760 | LR: 9.08e-05
2025-11-18 00:31:18 | INFO | Epoch 1 | Batch 29760/50000 | Loss: 0.0006 | Avg Loss: 0.1760 | LR: 9.08e-05
2025-11-18 00:31:18 | INFO | Epoch 1 | Batch 29770/50000 | Loss: 0.0002 | Avg Loss: 0.1759 | LR: 9.08e-05
2025-11-18 00:31:18 | INFO | Epoch 1 | Batch 29780/50000 | Loss: 0.0136 | Avg Loss: 0.1759 | LR: 9.08e-05
2025-11-18 00:31:18 | INFO | Epoch 1 | Batch 29790/50000 | Loss: 0.0003 | Avg Loss: 0.1758 | LR: 9.08e-05
2025-11-18 00:31:18 | INFO | Epoch 1 | Batch 29800/50000 | Loss: 0.0003 | Avg Loss: 0.1758 | LR: 9.08e-05
2025-11-18 00:31:18 | INFO | Epoch 1 | Batch 29810/50000 | Loss: 0.0383 | Avg Loss: 0.1757 | LR: 9.08e-05
2025-11-18 00:31:18 | INFO | Epoch 1 | Batch 29820/50000 | Loss: 0.0004 | Avg Loss: 0.1757 | LR: 9.08e-05
2025-11-18 00:31:18 | INFO | Epoch 1 | Batch 29830/50000 | Loss: 0.0179 | Avg Loss: 0.1756 | LR: 9.08e-05
2025-11-18 00:31:18 | INFO | Epoch 1 | Batch 29840/50000 | Loss: 0.0003 | Avg Loss: 0.1755 | LR: 9.07e-05
2025-11-18 00:31:19 | INFO | Epoch 1 | Batch 29850/50000 | Loss: 0.0027 | Avg Loss: 0.1755 | LR: 9.07e-05
2025-11-18 00:31:19 | INFO | Epoch 1 | Batch 29860/50000 | Loss: 0.0037 | Avg Loss: 0.1754 | LR: 9.07e-05
2025-11-18 00:31:19 | INFO | Epoch 1 | Batch 29870/50000 | Loss: 0.0159 | Avg Loss: 0.1754 | LR: 9.07e-05
2025-11-18 00:31:19 | INFO | Epoch 1 | Batch 29880/50000 | Loss: 0.0005 | Avg Loss: 0.1753 | LR: 9.07e-05
2025-11-18 00:31:19 | INFO | Epoch 1 | Batch 29890/50000 | Loss: 0.0004 | Avg Loss: 0.1753 | LR: 9.07e-05
2025-11-18 00:31:19 | INFO | Epoch 1 | Batch 29900/50000 | Loss: 0.0286 | Avg Loss: 0.1752 | LR: 9.07e-05
2025-11-18 00:31:19 | INFO | Epoch 1 | Batch 29910/50000 | Loss: 0.0352 | Avg Loss: 0.1752 | LR: 9.07e-05
2025-11-18 00:31:19 | INFO | Epoch 1 | Batch 29920/50000 | Loss: 0.0002 | Avg Loss: 0.1751 | LR: 9.07e-05
2025-11-18 00:31:19 | INFO | Epoch 1 | Batch 29930/50000 | Loss: 0.0004 | Avg Loss: 0.1750 | LR: 9.07e-05
2025-11-18 00:31:19 | INFO | Epoch 1 | Batch 29940/50000 | Loss: 0.0002 | Avg Loss: 0.1750 | LR: 9.07e-05
2025-11-18 00:31:19 | INFO | Epoch 1 | Batch 29950/50000 | Loss: 0.0351 | Avg Loss: 0.1749 | LR: 9.07e-05
2025-11-18 00:31:19 | INFO | Epoch 1 | Batch 29960/50000 | Loss: 0.0002 | Avg Loss: 0.1749 | LR: 9.07e-05
2025-11-18 00:31:19 | INFO | Epoch 1 | Batch 29970/50000 | Loss: 0.0002 | Avg Loss: 0.1748 | LR: 9.07e-05
2025-11-18 00:31:19 | INFO | Epoch 1 | Batch 29980/50000 | Loss: 0.0293 | Avg Loss: 0.1748 | LR: 9.07e-05
2025-11-18 00:31:19 | INFO | Epoch 1 | Batch 29990/50000 | Loss: 0.0006 | Avg Loss: 0.1747 | LR: 9.07e-05
2025-11-18 00:31:20 | INFO | Epoch 1 | Batch 30000/50000 | Loss: 0.0003 | Avg Loss: 0.1747 | LR: 9.06e-05
2025-11-18 00:31:20 | INFO | Epoch 1 | Batch 30010/50000 | Loss: 0.0122 | Avg Loss: 0.1746 | LR: 9.06e-05
2025-11-18 00:31:20 | INFO | Epoch 1 | Batch 30020/50000 | Loss: 0.0003 | Avg Loss: 0.1746 | LR: 9.06e-05
2025-11-18 00:31:20 | INFO | Epoch 1 | Batch 30030/50000 | Loss: 0.0007 | Avg Loss: 0.1745 | LR: 9.06e-05
2025-11-18 00:31:20 | INFO | Epoch 1 | Batch 30040/50000 | Loss: 0.0002 | Avg Loss: 0.1745 | LR: 9.06e-05
2025-11-18 00:31:20 | INFO | Epoch 1 | Batch 30050/50000 | Loss: 0.0226 | Avg Loss: 0.1744 | LR: 9.06e-05
2025-11-18 00:31:20 | INFO | Epoch 1 | Batch 30060/50000 | Loss: 0.0003 | Avg Loss: 0.1744 | LR: 9.06e-05
2025-11-18 00:31:20 | INFO | Epoch 1 | Batch 30070/50000 | Loss: 0.0060 | Avg Loss: 0.1743 | LR: 9.06e-05
2025-11-18 00:31:20 | INFO | Epoch 1 | Batch 30080/50000 | Loss: 0.0001 | Avg Loss: 0.1742 | LR: 9.06e-05
2025-11-18 00:31:20 | INFO | Epoch 1 | Batch 30090/50000 | Loss: 0.0002 | Avg Loss: 0.1742 | LR: 9.06e-05
2025-11-18 00:31:20 | INFO | Epoch 1 | Batch 30100/50000 | Loss: 0.0287 | Avg Loss: 0.1741 | LR: 9.06e-05
2025-11-18 00:31:20 | INFO | Epoch 1 | Batch 30110/50000 | Loss: 0.0643 | Avg Loss: 0.1741 | LR: 9.06e-05
2025-11-18 00:31:20 | INFO | Epoch 1 | Batch 30120/50000 | Loss: 0.0136 | Avg Loss: 0.1740 | LR: 9.06e-05
2025-11-18 00:31:20 | INFO | Epoch 1 | Batch 30130/50000 | Loss: 0.0002 | Avg Loss: 0.1740 | LR: 9.06e-05
2025-11-18 00:31:21 | INFO | Epoch 1 | Batch 30140/50000 | Loss: 0.0021 | Avg Loss: 0.1739 | LR: 9.06e-05
2025-11-18 00:31:21 | INFO | Epoch 1 | Batch 30150/50000 | Loss: 0.0004 | Avg Loss: 0.1739 | LR: 9.06e-05
2025-11-18 00:31:21 | INFO | Epoch 1 | Batch 30160/50000 | Loss: 0.0005 | Avg Loss: 0.1738 | LR: 9.05e-05
2025-11-18 00:31:21 | INFO | Epoch 1 | Batch 30170/50000 | Loss: 0.0003 | Avg Loss: 0.1738 | LR: 9.05e-05
2025-11-18 00:31:21 | INFO | Epoch 1 | Batch 30180/50000 | Loss: 0.0101 | Avg Loss: 0.1737 | LR: 9.05e-05
2025-11-18 00:31:21 | INFO | Epoch 1 | Batch 30190/50000 | Loss: 0.0003 | Avg Loss: 0.1737 | LR: 9.05e-05
2025-11-18 00:31:21 | INFO | Epoch 1 | Batch 30200/50000 | Loss: 0.0080 | Avg Loss: 0.1736 | LR: 9.05e-05
2025-11-18 00:31:21 | INFO | Epoch 1 | Batch 30210/50000 | Loss: 0.1019 | Avg Loss: 0.1736 | LR: 9.05e-05
2025-11-18 00:31:21 | INFO | Epoch 1 | Batch 30220/50000 | Loss: 0.0006 | Avg Loss: 0.1735 | LR: 9.05e-05
2025-11-18 00:31:21 | INFO | Epoch 1 | Batch 30230/50000 | Loss: 0.0361 | Avg Loss: 0.1735 | LR: 9.05e-05
2025-11-18 00:31:21 | INFO | Epoch 1 | Batch 30240/50000 | Loss: 0.0011 | Avg Loss: 0.1734 | LR: 9.05e-05
2025-11-18 00:31:21 | INFO | Epoch 1 | Batch 30250/50000 | Loss: 0.0003 | Avg Loss: 0.1734 | LR: 9.05e-05
2025-11-18 00:31:21 | INFO | Epoch 1 | Batch 30260/50000 | Loss: 0.0533 | Avg Loss: 0.1733 | LR: 9.05e-05
2025-11-18 00:31:21 | INFO | Epoch 1 | Batch 30270/50000 | Loss: 0.0008 | Avg Loss: 0.1733 | LR: 9.05e-05
2025-11-18 00:31:22 | INFO | Epoch 1 | Batch 30280/50000 | Loss: 0.0004 | Avg Loss: 0.1732 | LR: 9.05e-05
2025-11-18 00:31:22 | INFO | Epoch 1 | Batch 30290/50000 | Loss: 0.0016 | Avg Loss: 0.1731 | LR: 9.05e-05
2025-11-18 00:31:22 | INFO | Epoch 1 | Batch 30300/50000 | Loss: 0.0039 | Avg Loss: 0.1731 | LR: 9.05e-05
2025-11-18 00:31:22 | INFO | Epoch 1 | Batch 30310/50000 | Loss: 0.0076 | Avg Loss: 0.1730 | LR: 9.05e-05
2025-11-18 00:31:22 | INFO | Epoch 1 | Batch 30320/50000 | Loss: 0.0021 | Avg Loss: 0.1730 | LR: 9.05e-05
2025-11-18 00:31:22 | INFO | Epoch 1 | Batch 30330/50000 | Loss: 0.0003 | Avg Loss: 0.1729 | LR: 9.04e-05
2025-11-18 00:31:22 | INFO | Epoch 1 | Batch 30340/50000 | Loss: 0.0003 | Avg Loss: 0.1729 | LR: 9.04e-05
2025-11-18 00:31:22 | INFO | Epoch 1 | Batch 30350/50000 | Loss: 0.0005 | Avg Loss: 0.1728 | LR: 9.04e-05
2025-11-18 00:31:22 | INFO | Epoch 1 | Batch 30360/50000 | Loss: 0.0238 | Avg Loss: 0.1728 | LR: 9.04e-05
2025-11-18 00:31:22 | INFO | Epoch 1 | Batch 30370/50000 | Loss: 0.0002 | Avg Loss: 0.1727 | LR: 9.04e-05
2025-11-18 00:31:22 | INFO | Epoch 1 | Batch 30380/50000 | Loss: 0.0001 | Avg Loss: 0.1727 | LR: 9.04e-05
2025-11-18 00:31:22 | INFO | Epoch 1 | Batch 30390/50000 | Loss: 0.0040 | Avg Loss: 0.1726 | LR: 9.04e-05
2025-11-18 00:31:22 | INFO | Epoch 1 | Batch 30400/50000 | Loss: 0.0003 | Avg Loss: 0.1726 | LR: 9.04e-05
2025-11-18 00:31:22 | INFO | Epoch 1 | Batch 30410/50000 | Loss: 0.0006 | Avg Loss: 0.1725 | LR: 9.04e-05
2025-11-18 00:31:23 | INFO | Epoch 1 | Batch 30420/50000 | Loss: 0.0219 | Avg Loss: 0.1725 | LR: 9.04e-05
2025-11-18 00:31:23 | INFO | Epoch 1 | Batch 30430/50000 | Loss: 0.0011 | Avg Loss: 0.1724 | LR: 9.04e-05
2025-11-18 00:31:23 | INFO | Epoch 1 | Batch 30440/50000 | Loss: 0.0003 | Avg Loss: 0.1724 | LR: 9.04e-05
2025-11-18 00:31:23 | INFO | Epoch 1 | Batch 30450/50000 | Loss: 0.0149 | Avg Loss: 0.1723 | LR: 9.04e-05
2025-11-18 00:31:23 | INFO | Epoch 1 | Batch 30460/50000 | Loss: 0.0509 | Avg Loss: 0.1723 | LR: 9.04e-05
2025-11-18 00:31:23 | INFO | Epoch 1 | Batch 30470/50000 | Loss: 0.0003 | Avg Loss: 0.1722 | LR: 9.04e-05
2025-11-18 00:31:23 | INFO | Epoch 1 | Batch 30480/50000 | Loss: 0.0008 | Avg Loss: 0.1722 | LR: 9.04e-05
2025-11-18 00:31:23 | INFO | Epoch 1 | Batch 30490/50000 | Loss: 0.0012 | Avg Loss: 0.1721 | LR: 9.03e-05
2025-11-18 00:31:23 | INFO | Epoch 1 | Batch 30500/50000 | Loss: 0.0002 | Avg Loss: 0.1720 | LR: 9.03e-05
2025-11-18 00:31:23 | INFO | Epoch 1 | Batch 30510/50000 | Loss: 0.0004 | Avg Loss: 0.1720 | LR: 9.03e-05
2025-11-18 00:31:23 | INFO | Epoch 1 | Batch 30520/50000 | Loss: 0.0059 | Avg Loss: 0.1719 | LR: 9.03e-05
2025-11-18 00:31:23 | INFO | Epoch 1 | Batch 30530/50000 | Loss: 0.0002 | Avg Loss: 0.1719 | LR: 9.03e-05
2025-11-18 00:31:23 | INFO | Epoch 1 | Batch 30540/50000 | Loss: 0.0512 | Avg Loss: 0.1718 | LR: 9.03e-05
2025-11-18 00:31:23 | INFO | Epoch 1 | Batch 30550/50000 | Loss: 0.0280 | Avg Loss: 0.1718 | LR: 9.03e-05
2025-11-18 00:31:24 | INFO | Epoch 1 | Batch 30560/50000 | Loss: 0.0075 | Avg Loss: 0.1717 | LR: 9.03e-05
2025-11-18 00:31:24 | INFO | Epoch 1 | Batch 30570/50000 | Loss: 0.0252 | Avg Loss: 0.1717 | LR: 9.03e-05
2025-11-18 00:31:24 | INFO | Epoch 1 | Batch 30580/50000 | Loss: 0.0002 | Avg Loss: 0.1716 | LR: 9.03e-05
2025-11-18 00:31:24 | INFO | Epoch 1 | Batch 30590/50000 | Loss: 0.0192 | Avg Loss: 0.1716 | LR: 9.03e-05
2025-11-18 00:31:24 | INFO | Epoch 1 | Batch 30600/50000 | Loss: 0.0220 | Avg Loss: 0.1715 | LR: 9.03e-05
2025-11-18 00:31:24 | INFO | Epoch 1 | Batch 30610/50000 | Loss: 0.0003 | Avg Loss: 0.1715 | LR: 9.03e-05
2025-11-18 00:31:24 | INFO | Epoch 1 | Batch 30620/50000 | Loss: 0.0002 | Avg Loss: 0.1714 | LR: 9.03e-05
2025-11-18 00:31:24 | INFO | Epoch 1 | Batch 30630/50000 | Loss: 0.0252 | Avg Loss: 0.1714 | LR: 9.03e-05
2025-11-18 00:31:24 | INFO | Epoch 1 | Batch 30640/50000 | Loss: 0.0086 | Avg Loss: 0.1713 | LR: 9.03e-05
2025-11-18 00:31:24 | INFO | Epoch 1 | Batch 30650/50000 | Loss: 0.0002 | Avg Loss: 0.1713 | LR: 9.02e-05
2025-11-18 00:31:24 | INFO | Epoch 1 | Batch 30660/50000 | Loss: 0.0001 | Avg Loss: 0.1712 | LR: 9.02e-05
2025-11-18 00:31:24 | INFO | Epoch 1 | Batch 30670/50000 | Loss: 0.0218 | Avg Loss: 0.1712 | LR: 9.02e-05
2025-11-18 00:31:24 | INFO | Epoch 1 | Batch 30680/50000 | Loss: 0.1458 | Avg Loss: 0.1711 | LR: 9.02e-05
2025-11-18 00:31:24 | INFO | Epoch 1 | Batch 30690/50000 | Loss: 0.0693 | Avg Loss: 0.1711 | LR: 9.02e-05
2025-11-18 00:31:25 | INFO | Epoch 1 | Batch 30700/50000 | Loss: 0.0033 | Avg Loss: 0.1710 | LR: 9.02e-05
2025-11-18 00:31:25 | INFO | Epoch 1 | Batch 30710/50000 | Loss: 0.0003 | Avg Loss: 0.1710 | LR: 9.02e-05
2025-11-18 00:31:25 | INFO | Epoch 1 | Batch 30720/50000 | Loss: 0.0002 | Avg Loss: 0.1709 | LR: 9.02e-05
2025-11-18 00:31:25 | INFO | Epoch 1 | Batch 30730/50000 | Loss: 0.0216 | Avg Loss: 0.1709 | LR: 9.02e-05
2025-11-18 00:31:25 | INFO | Epoch 1 | Batch 30740/50000 | Loss: 0.0003 | Avg Loss: 0.1708 | LR: 9.02e-05
2025-11-18 00:31:25 | INFO | Epoch 1 | Batch 30750/50000 | Loss: 0.0699 | Avg Loss: 0.1708 | LR: 9.02e-05
2025-11-18 00:31:25 | INFO | Epoch 1 | Batch 30760/50000 | Loss: 0.0003 | Avg Loss: 0.1707 | LR: 9.02e-05
2025-11-18 00:31:25 | INFO | Epoch 1 | Batch 30770/50000 | Loss: 0.0011 | Avg Loss: 0.1707 | LR: 9.02e-05
2025-11-18 00:31:25 | INFO | Epoch 1 | Batch 30780/50000 | Loss: 0.0011 | Avg Loss: 0.1706 | LR: 9.02e-05
2025-11-18 00:31:25 | INFO | Epoch 1 | Batch 30790/50000 | Loss: 0.0001 | Avg Loss: 0.1706 | LR: 9.02e-05
2025-11-18 00:31:25 | INFO | Epoch 1 | Batch 30800/50000 | Loss: 0.0041 | Avg Loss: 0.1705 | LR: 9.02e-05
2025-11-18 00:31:25 | INFO | Epoch 1 | Batch 30810/50000 | Loss: 0.0093 | Avg Loss: 0.1705 | LR: 9.01e-05
2025-11-18 00:31:25 | INFO | Epoch 1 | Batch 30820/50000 | Loss: 0.0005 | Avg Loss: 0.1704 | LR: 9.01e-05
2025-11-18 00:31:26 | INFO | Epoch 1 | Batch 30830/50000 | Loss: 0.0001 | Avg Loss: 0.1703 | LR: 9.01e-05
2025-11-18 00:31:26 | INFO | Epoch 1 | Batch 30840/50000 | Loss: 0.0009 | Avg Loss: 0.1703 | LR: 9.01e-05
2025-11-18 00:31:26 | INFO | Epoch 1 | Batch 30850/50000 | Loss: 0.0005 | Avg Loss: 0.1702 | LR: 9.01e-05
2025-11-18 00:31:26 | INFO | Epoch 1 | Batch 30860/50000 | Loss: 0.0250 | Avg Loss: 0.1702 | LR: 9.01e-05
2025-11-18 00:31:26 | INFO | Epoch 1 | Batch 30870/50000 | Loss: 0.0003 | Avg Loss: 0.1702 | LR: 9.01e-05
2025-11-18 00:31:26 | INFO | Epoch 1 | Batch 30880/50000 | Loss: 0.0534 | Avg Loss: 0.1701 | LR: 9.01e-05
2025-11-18 00:31:26 | INFO | Epoch 1 | Batch 30890/50000 | Loss: 0.0094 | Avg Loss: 0.1700 | LR: 9.01e-05
2025-11-18 00:31:26 | INFO | Epoch 1 | Batch 30900/50000 | Loss: 0.0002 | Avg Loss: 0.1700 | LR: 9.01e-05
2025-11-18 00:31:26 | INFO | Epoch 1 | Batch 30910/50000 | Loss: 0.0003 | Avg Loss: 0.1699 | LR: 9.01e-05
2025-11-18 00:31:26 | INFO | Epoch 1 | Batch 30920/50000 | Loss: 0.0113 | Avg Loss: 0.1699 | LR: 9.01e-05
2025-11-18 00:31:26 | INFO | Epoch 1 | Batch 30930/50000 | Loss: 0.0007 | Avg Loss: 0.1699 | LR: 9.01e-05
2025-11-18 00:31:26 | INFO | Epoch 1 | Batch 30940/50000 | Loss: 0.0131 | Avg Loss: 0.1698 | LR: 9.01e-05
2025-11-18 00:31:26 | INFO | Epoch 1 | Batch 30950/50000 | Loss: 0.0007 | Avg Loss: 0.1697 | LR: 9.01e-05
2025-11-18 00:31:26 | INFO | Epoch 1 | Batch 30960/50000 | Loss: 0.0362 | Avg Loss: 0.1697 | LR: 9.01e-05
2025-11-18 00:31:27 | INFO | Epoch 1 | Batch 30970/50000 | Loss: 0.0183 | Avg Loss: 0.1696 | LR: 9.00e-05
2025-11-18 00:31:27 | INFO | Epoch 1 | Batch 30980/50000 | Loss: 0.0002 | Avg Loss: 0.1696 | LR: 9.00e-05
2025-11-18 00:31:27 | INFO | Epoch 1 | Batch 30990/50000 | Loss: 0.0212 | Avg Loss: 0.1695 | LR: 9.00e-05
2025-11-18 00:31:27 | INFO | Epoch 1 | Batch 31000/50000 | Loss: 0.0008 | Avg Loss: 0.1695 | LR: 9.00e-05
2025-11-18 00:31:27 | INFO | Epoch 1 | Batch 31010/50000 | Loss: 0.0004 | Avg Loss: 0.1694 | LR: 9.00e-05
2025-11-18 00:31:27 | INFO | Epoch 1 | Batch 31020/50000 | Loss: 0.0002 | Avg Loss: 0.1694 | LR: 9.00e-05
2025-11-18 00:31:27 | INFO | Epoch 1 | Batch 31030/50000 | Loss: 0.0004 | Avg Loss: 0.1693 | LR: 9.00e-05
2025-11-18 00:31:27 | INFO | Epoch 1 | Batch 31040/50000 | Loss: 0.0078 | Avg Loss: 0.1693 | LR: 9.00e-05
2025-11-18 00:31:27 | INFO | Epoch 1 | Batch 31050/50000 | Loss: 0.0070 | Avg Loss: 0.1693 | LR: 9.00e-05
2025-11-18 00:31:27 | INFO | Epoch 1 | Batch 31060/50000 | Loss: 0.0002 | Avg Loss: 0.1692 | LR: 9.00e-05
2025-11-18 00:31:27 | INFO | Epoch 1 | Batch 31070/50000 | Loss: 0.0002 | Avg Loss: 0.1691 | LR: 9.00e-05
2025-11-18 00:31:27 | INFO | Epoch 1 | Batch 31080/50000 | Loss: 0.0024 | Avg Loss: 0.1691 | LR: 9.00e-05
2025-11-18 00:31:27 | INFO | Epoch 1 | Batch 31090/50000 | Loss: 0.0088 | Avg Loss: 0.1690 | LR: 9.00e-05
2025-11-18 00:31:28 | INFO | Epoch 1 | Batch 31100/50000 | Loss: 0.0005 | Avg Loss: 0.1690 | LR: 9.00e-05
2025-11-18 00:31:28 | INFO | Epoch 1 | Batch 31110/50000 | Loss: 0.0013 | Avg Loss: 0.1689 | LR: 9.00e-05
2025-11-18 00:31:28 | INFO | Epoch 1 | Batch 31120/50000 | Loss: 0.0002 | Avg Loss: 0.1689 | LR: 9.00e-05
2025-11-18 00:31:28 | INFO | Epoch 1 | Batch 31130/50000 | Loss: 0.0273 | Avg Loss: 0.1688 | LR: 8.99e-05
2025-11-18 00:31:28 | INFO | Epoch 1 | Batch 31140/50000 | Loss: 0.0004 | Avg Loss: 0.1688 | LR: 8.99e-05
2025-11-18 00:31:28 | INFO | Epoch 1 | Batch 31150/50000 | Loss: 0.0004 | Avg Loss: 0.1687 | LR: 8.99e-05
2025-11-18 00:31:28 | INFO | Epoch 1 | Batch 31160/50000 | Loss: 0.0187 | Avg Loss: 0.1687 | LR: 8.99e-05
2025-11-18 00:31:28 | INFO | Epoch 1 | Batch 31170/50000 | Loss: 0.0148 | Avg Loss: 0.1686 | LR: 8.99e-05
2025-11-18 00:31:28 | INFO | Epoch 1 | Batch 31180/50000 | Loss: 0.0732 | Avg Loss: 0.1686 | LR: 8.99e-05
2025-11-18 00:31:28 | INFO | Epoch 1 | Batch 31190/50000 | Loss: 0.0005 | Avg Loss: 0.1685 | LR: 8.99e-05
2025-11-18 00:31:28 | INFO | Epoch 1 | Batch 31200/50000 | Loss: 0.0198 | Avg Loss: 0.1685 | LR: 8.99e-05
2025-11-18 00:31:28 | INFO | Epoch 1 | Batch 31210/50000 | Loss: 0.0233 | Avg Loss: 0.1685 | LR: 8.99e-05
2025-11-18 00:31:28 | INFO | Epoch 1 | Batch 31220/50000 | Loss: 0.0142 | Avg Loss: 0.1684 | LR: 8.99e-05
2025-11-18 00:31:28 | INFO | Epoch 1 | Batch 31230/50000 | Loss: 0.0158 | Avg Loss: 0.1684 | LR: 8.99e-05
2025-11-18 00:31:29 | INFO | Epoch 1 | Batch 31240/50000 | Loss: 0.0004 | Avg Loss: 0.1683 | LR: 8.99e-05
2025-11-18 00:31:29 | INFO | Epoch 1 | Batch 31250/50000 | Loss: 0.0003 | Avg Loss: 0.1683 | LR: 8.99e-05
2025-11-18 00:31:29 | INFO | Epoch 1 | Batch 31260/50000 | Loss: 0.0003 | Avg Loss: 0.1682 | LR: 8.99e-05
2025-11-18 00:31:29 | INFO | Epoch 1 | Batch 31270/50000 | Loss: 0.0001 | Avg Loss: 0.1681 | LR: 8.99e-05
2025-11-18 00:31:29 | INFO | Epoch 1 | Batch 31280/50000 | Loss: 0.0004 | Avg Loss: 0.1681 | LR: 8.99e-05
2025-11-18 00:31:29 | INFO | Epoch 1 | Batch 31290/50000 | Loss: 0.0261 | Avg Loss: 0.1681 | LR: 8.98e-05
2025-11-18 00:31:29 | INFO | Epoch 1 | Batch 31300/50000 | Loss: 0.0546 | Avg Loss: 0.1680 | LR: 8.98e-05
2025-11-18 00:31:29 | INFO | Epoch 1 | Batch 31310/50000 | Loss: 0.0016 | Avg Loss: 0.1680 | LR: 8.98e-05
2025-11-18 00:31:29 | INFO | Epoch 1 | Batch 31320/50000 | Loss: 0.0232 | Avg Loss: 0.1679 | LR: 8.98e-05
2025-11-18 00:31:29 | INFO | Epoch 1 | Batch 31330/50000 | Loss: 0.0002 | Avg Loss: 0.1679 | LR: 8.98e-05
2025-11-18 00:31:29 | INFO | Epoch 1 | Batch 31340/50000 | Loss: 0.0028 | Avg Loss: 0.1678 | LR: 8.98e-05
2025-11-18 00:31:29 | INFO | Epoch 1 | Batch 31350/50000 | Loss: 0.0001 | Avg Loss: 0.1678 | LR: 8.98e-05
2025-11-18 00:31:29 | INFO | Epoch 1 | Batch 31360/50000 | Loss: 0.0002 | Avg Loss: 0.1677 | LR: 8.98e-05
2025-11-18 00:31:30 | INFO | Epoch 1 | Batch 31370/50000 | Loss: 0.0029 | Avg Loss: 0.1677 | LR: 8.98e-05
2025-11-18 00:31:30 | INFO | Epoch 1 | Batch 31380/50000 | Loss: 0.0002 | Avg Loss: 0.1676 | LR: 8.98e-05
2025-11-18 00:31:30 | INFO | Epoch 1 | Batch 31390/50000 | Loss: 0.0002 | Avg Loss: 0.1676 | LR: 8.98e-05
2025-11-18 00:31:30 | INFO | Epoch 1 | Batch 31400/50000 | Loss: 0.0002 | Avg Loss: 0.1675 | LR: 8.98e-05
2025-11-18 00:31:30 | INFO | Epoch 1 | Batch 31410/50000 | Loss: 0.0002 | Avg Loss: 0.1674 | LR: 8.98e-05
2025-11-18 00:31:30 | INFO | Epoch 1 | Batch 31420/50000 | Loss: 0.0016 | Avg Loss: 0.1674 | LR: 8.98e-05
2025-11-18 00:31:30 | INFO | Epoch 1 | Batch 31430/50000 | Loss: 0.0084 | Avg Loss: 0.1673 | LR: 8.98e-05
2025-11-18 00:31:30 | INFO | Epoch 1 | Batch 31440/50000 | Loss: 0.0088 | Avg Loss: 0.1673 | LR: 8.97e-05
2025-11-18 00:31:30 | INFO | Epoch 1 | Batch 31450/50000 | Loss: 0.0157 | Avg Loss: 0.1672 | LR: 8.97e-05
2025-11-18 00:31:30 | INFO | Epoch 1 | Batch 31460/50000 | Loss: 0.0026 | Avg Loss: 0.1672 | LR: 8.97e-05
2025-11-18 00:31:30 | INFO | Epoch 1 | Batch 31470/50000 | Loss: 0.0177 | Avg Loss: 0.1672 | LR: 8.97e-05
2025-11-18 00:31:30 | INFO | Epoch 1 | Batch 31480/50000 | Loss: 0.0026 | Avg Loss: 0.1671 | LR: 8.97e-05
2025-11-18 00:31:30 | INFO | Epoch 1 | Batch 31490/50000 | Loss: 0.0252 | Avg Loss: 0.1671 | LR: 8.97e-05
2025-11-18 00:31:31 | INFO | Epoch 1 | Batch 31500/50000 | Loss: 0.0558 | Avg Loss: 0.1670 | LR: 8.97e-05
2025-11-18 00:31:31 | INFO | Epoch 1 | Batch 31510/50000 | Loss: 0.0010 | Avg Loss: 0.1670 | LR: 8.97e-05
2025-11-18 00:31:31 | INFO | Epoch 1 | Batch 31520/50000 | Loss: 0.0012 | Avg Loss: 0.1669 | LR: 8.97e-05
2025-11-18 00:31:31 | INFO | Epoch 1 | Batch 31530/50000 | Loss: 0.0001 | Avg Loss: 0.1669 | LR: 8.97e-05
2025-11-18 00:31:31 | INFO | Epoch 1 | Batch 31540/50000 | Loss: 0.0139 | Avg Loss: 0.1668 | LR: 8.97e-05
2025-11-18 00:31:31 | INFO | Epoch 1 | Batch 31550/50000 | Loss: 0.0005 | Avg Loss: 0.1668 | LR: 8.97e-05
2025-11-18 00:31:31 | INFO | Epoch 1 | Batch 31560/50000 | Loss: 0.0004 | Avg Loss: 0.1667 | LR: 8.97e-05
2025-11-18 00:31:31 | INFO | Epoch 1 | Batch 31570/50000 | Loss: 0.0004 | Avg Loss: 0.1667 | LR: 8.97e-05
2025-11-18 00:31:31 | INFO | Epoch 1 | Batch 31580/50000 | Loss: 0.0009 | Avg Loss: 0.1666 | LR: 8.97e-05
2025-11-18 00:31:31 | INFO | Epoch 1 | Batch 31590/50000 | Loss: 0.0002 | Avg Loss: 0.1666 | LR: 8.97e-05
2025-11-18 00:31:31 | INFO | Epoch 1 | Batch 31600/50000 | Loss: 0.0042 | Avg Loss: 0.1665 | LR: 8.96e-05
2025-11-18 00:31:31 | INFO | Epoch 1 | Batch 31610/50000 | Loss: 0.0003 | Avg Loss: 0.1665 | LR: 8.96e-05
2025-11-18 00:31:31 | INFO | Epoch 1 | Batch 31620/50000 | Loss: 0.0006 | Avg Loss: 0.1664 | LR: 8.96e-05
2025-11-18 00:31:31 | INFO | Epoch 1 | Batch 31630/50000 | Loss: 0.0001 | Avg Loss: 0.1664 | LR: 8.96e-05
2025-11-18 00:31:32 | INFO | Epoch 1 | Batch 31640/50000 | Loss: 0.1433 | Avg Loss: 0.1663 | LR: 8.96e-05
2025-11-18 00:31:32 | INFO | Epoch 1 | Batch 31650/50000 | Loss: 0.0082 | Avg Loss: 0.1663 | LR: 8.96e-05
2025-11-18 00:31:32 | INFO | Epoch 1 | Batch 31660/50000 | Loss: 0.0005 | Avg Loss: 0.1662 | LR: 8.96e-05
2025-11-18 00:31:32 | INFO | Epoch 1 | Batch 31670/50000 | Loss: 0.0004 | Avg Loss: 0.1662 | LR: 8.96e-05
2025-11-18 00:31:32 | INFO | Epoch 1 | Batch 31680/50000 | Loss: 0.0007 | Avg Loss: 0.1662 | LR: 8.96e-05
2025-11-18 00:31:32 | INFO | Epoch 1 | Batch 31690/50000 | Loss: 0.0002 | Avg Loss: 0.1661 | LR: 8.96e-05
2025-11-18 00:31:32 | INFO | Epoch 1 | Batch 31700/50000 | Loss: 0.0024 | Avg Loss: 0.1661 | LR: 8.96e-05
2025-11-18 00:31:32 | INFO | Epoch 1 | Batch 31710/50000 | Loss: 0.0288 | Avg Loss: 0.1660 | LR: 8.96e-05
2025-11-18 00:31:32 | INFO | Epoch 1 | Batch 31720/50000 | Loss: 0.0143 | Avg Loss: 0.1660 | LR: 8.96e-05
2025-11-18 00:31:32 | INFO | Epoch 1 | Batch 31730/50000 | Loss: 0.0063 | Avg Loss: 0.1659 | LR: 8.96e-05
2025-11-18 00:31:32 | INFO | Epoch 1 | Batch 31740/50000 | Loss: 0.0055 | Avg Loss: 0.1659 | LR: 8.96e-05
2025-11-18 00:31:33 | INFO | Epoch 1 | Batch 31750/50000 | Loss: 0.0016 | Avg Loss: 0.1658 | LR: 8.96e-05
2025-11-18 00:31:33 | INFO | Epoch 1 | Batch 31760/50000 | Loss: 0.0005 | Avg Loss: 0.1658 | LR: 8.95e-05
2025-11-18 00:31:33 | INFO | Epoch 1 | Batch 31770/50000 | Loss: 0.0001 | Avg Loss: 0.1657 | LR: 8.95e-05
2025-11-18 00:31:33 | INFO | Epoch 1 | Batch 31780/50000 | Loss: 0.0118 | Avg Loss: 0.1657 | LR: 8.95e-05
2025-11-18 00:31:33 | INFO | Epoch 1 | Batch 31790/50000 | Loss: 0.0254 | Avg Loss: 0.1656 | LR: 8.95e-05
2025-11-18 00:31:33 | INFO | Epoch 1 | Batch 31800/50000 | Loss: 0.0003 | Avg Loss: 0.1656 | LR: 8.95e-05
2025-11-18 00:31:33 | INFO | Epoch 1 | Batch 31810/50000 | Loss: 0.0008 | Avg Loss: 0.1655 | LR: 8.95e-05
2025-11-18 00:31:34 | INFO | Epoch 1 | Batch 31820/50000 | Loss: 0.0191 | Avg Loss: 0.1655 | LR: 8.95e-05
2025-11-18 00:31:34 | INFO | Epoch 1 | Batch 31830/50000 | Loss: 0.0534 | Avg Loss: 0.1654 | LR: 8.95e-05
2025-11-18 00:31:34 | INFO | Epoch 1 | Batch 31840/50000 | Loss: 0.3116 | Avg Loss: 0.1654 | LR: 8.95e-05
2025-11-18 00:31:34 | INFO | Epoch 1 | Batch 31850/50000 | Loss: 0.0006 | Avg Loss: 0.1653 | LR: 8.95e-05
2025-11-18 00:31:34 | INFO | Epoch 1 | Batch 31860/50000 | Loss: 0.0003 | Avg Loss: 0.1653 | LR: 8.95e-05
2025-11-18 00:31:34 | INFO | Epoch 1 | Batch 31870/50000 | Loss: 0.0094 | Avg Loss: 0.1652 | LR: 8.95e-05
2025-11-18 00:31:34 | INFO | Epoch 1 | Batch 31880/50000 | Loss: 0.0049 | Avg Loss: 0.1652 | LR: 8.95e-05
2025-11-18 00:31:35 | INFO | Epoch 1 | Batch 31890/50000 | Loss: 0.0056 | Avg Loss: 0.1651 | LR: 8.95e-05
2025-11-18 00:31:35 | INFO | Epoch 1 | Batch 31900/50000 | Loss: 0.0003 | Avg Loss: 0.1651 | LR: 8.95e-05
2025-11-18 00:31:35 | INFO | Epoch 1 | Batch 31910/50000 | Loss: 0.0001 | Avg Loss: 0.1650 | LR: 8.94e-05
2025-11-18 00:31:35 | INFO | Epoch 1 | Batch 31920/50000 | Loss: 0.0008 | Avg Loss: 0.1650 | LR: 8.94e-05
2025-11-18 00:31:35 | INFO | Epoch 1 | Batch 31930/50000 | Loss: 0.0021 | Avg Loss: 0.1649 | LR: 8.94e-05
2025-11-18 00:31:35 | INFO | Epoch 1 | Batch 31940/50000 | Loss: 0.0279 | Avg Loss: 0.1649 | LR: 8.94e-05
2025-11-18 00:31:35 | INFO | Epoch 1 | Batch 31950/50000 | Loss: 0.0002 | Avg Loss: 0.1648 | LR: 8.94e-05
2025-11-18 00:31:36 | INFO | Epoch 1 | Batch 31960/50000 | Loss: 0.0001 | Avg Loss: 0.1648 | LR: 8.94e-05
2025-11-18 00:31:36 | INFO | Epoch 1 | Batch 31970/50000 | Loss: 0.0126 | Avg Loss: 0.1647 | LR: 8.94e-05
2025-11-18 00:31:36 | INFO | Epoch 1 | Batch 31980/50000 | Loss: 0.0163 | Avg Loss: 0.1647 | LR: 8.94e-05
2025-11-18 00:31:36 | INFO | Epoch 1 | Batch 31990/50000 | Loss: 0.0146 | Avg Loss: 0.1647 | LR: 8.94e-05
2025-11-18 00:31:36 | INFO | Epoch 1 | Batch 32000/50000 | Loss: 0.0585 | Avg Loss: 0.1646 | LR: 8.94e-05
2025-11-18 00:31:36 | INFO | Epoch 1 | Batch 32010/50000 | Loss: 0.0001 | Avg Loss: 0.1646 | LR: 8.94e-05
2025-11-18 00:31:36 | INFO | Epoch 1 | Batch 32020/50000 | Loss: 0.0003 | Avg Loss: 0.1645 | LR: 8.94e-05
2025-11-18 00:31:37 | INFO | Epoch 1 | Batch 32030/50000 | Loss: 0.0656 | Avg Loss: 0.1645 | LR: 8.94e-05
2025-11-18 00:31:37 | INFO | Epoch 1 | Batch 32040/50000 | Loss: 0.0051 | Avg Loss: 0.1644 | LR: 8.94e-05
2025-11-18 00:31:37 | INFO | Epoch 1 | Batch 32050/50000 | Loss: 0.0012 | Avg Loss: 0.1644 | LR: 8.94e-05
2025-11-18 00:31:37 | INFO | Epoch 1 | Batch 32060/50000 | Loss: 0.0002 | Avg Loss: 0.1643 | LR: 8.94e-05
2025-11-18 00:31:37 | INFO | Epoch 1 | Batch 32070/50000 | Loss: 0.0004 | Avg Loss: 0.1643 | LR: 8.93e-05
2025-11-18 00:31:37 | INFO | Epoch 1 | Batch 32080/50000 | Loss: 0.0002 | Avg Loss: 0.1642 | LR: 8.93e-05
2025-11-18 00:31:37 | INFO | Epoch 1 | Batch 32090/50000 | Loss: 0.0002 | Avg Loss: 0.1642 | LR: 8.93e-05
2025-11-18 00:31:38 | INFO | Epoch 1 | Batch 32100/50000 | Loss: 0.0004 | Avg Loss: 0.1641 | LR: 8.93e-05
2025-11-18 00:31:38 | INFO | Epoch 1 | Batch 32110/50000 | Loss: 0.0033 | Avg Loss: 0.1641 | LR: 8.93e-05
2025-11-18 00:31:38 | INFO | Epoch 1 | Batch 32120/50000 | Loss: 0.0703 | Avg Loss: 0.1640 | LR: 8.93e-05
2025-11-18 00:31:38 | INFO | Epoch 1 | Batch 32130/50000 | Loss: 0.0004 | Avg Loss: 0.1640 | LR: 8.93e-05
2025-11-18 00:31:38 | INFO | Epoch 1 | Batch 32140/50000 | Loss: 0.0126 | Avg Loss: 0.1639 | LR: 8.93e-05
2025-11-18 00:31:38 | INFO | Epoch 1 | Batch 32150/50000 | Loss: 0.0144 | Avg Loss: 0.1639 | LR: 8.93e-05
2025-11-18 00:31:38 | INFO | Epoch 1 | Batch 32160/50000 | Loss: 0.0310 | Avg Loss: 0.1638 | LR: 8.93e-05
2025-11-18 00:31:39 | INFO | Epoch 1 | Batch 32170/50000 | Loss: 0.0003 | Avg Loss: 0.1638 | LR: 8.93e-05
2025-11-18 00:31:39 | INFO | Epoch 1 | Batch 32180/50000 | Loss: 0.0002 | Avg Loss: 0.1637 | LR: 8.93e-05
2025-11-18 00:31:39 | INFO | Epoch 1 | Batch 32190/50000 | Loss: 0.0002 | Avg Loss: 0.1637 | LR: 8.93e-05
2025-11-18 00:31:39 | INFO | Epoch 1 | Batch 32200/50000 | Loss: 0.0091 | Avg Loss: 0.1637 | LR: 8.93e-05
2025-11-18 00:31:39 | INFO | Epoch 1 | Batch 32210/50000 | Loss: 0.0003 | Avg Loss: 0.1636 | LR: 8.93e-05
2025-11-18 00:31:39 | INFO | Epoch 1 | Batch 32220/50000 | Loss: 0.0058 | Avg Loss: 0.1636 | LR: 8.92e-05
2025-11-18 00:31:39 | INFO | Epoch 1 | Batch 32230/50000 | Loss: 0.0090 | Avg Loss: 0.1635 | LR: 8.92e-05
2025-11-18 00:31:40 | INFO | Epoch 1 | Batch 32240/50000 | Loss: 0.0745 | Avg Loss: 0.1635 | LR: 8.92e-05
2025-11-18 00:31:40 | INFO | Epoch 1 | Batch 32250/50000 | Loss: 0.0046 | Avg Loss: 0.1634 | LR: 8.92e-05
2025-11-18 00:31:40 | INFO | Epoch 1 | Batch 32260/50000 | Loss: 0.0168 | Avg Loss: 0.1634 | LR: 8.92e-05
2025-11-18 00:31:40 | INFO | Epoch 1 | Batch 32270/50000 | Loss: 0.0188 | Avg Loss: 0.1633 | LR: 8.92e-05
2025-11-18 00:31:40 | INFO | Epoch 1 | Batch 32280/50000 | Loss: 0.0004 | Avg Loss: 0.1633 | LR: 8.92e-05
2025-11-18 00:31:40 | INFO | Epoch 1 | Batch 32290/50000 | Loss: 0.0003 | Avg Loss: 0.1632 | LR: 8.92e-05
2025-11-18 00:31:40 | INFO | Epoch 1 | Batch 32300/50000 | Loss: 0.0004 | Avg Loss: 0.1632 | LR: 8.92e-05
2025-11-18 00:31:41 | INFO | Epoch 1 | Batch 32310/50000 | Loss: 0.0001 | Avg Loss: 0.1631 | LR: 8.92e-05
2025-11-18 00:31:41 | INFO | Epoch 1 | Batch 32320/50000 | Loss: 0.0103 | Avg Loss: 0.1631 | LR: 8.92e-05
2025-11-18 00:31:41 | INFO | Epoch 1 | Batch 32330/50000 | Loss: 0.0004 | Avg Loss: 0.1630 | LR: 8.92e-05
2025-11-18 00:31:41 | INFO | Epoch 1 | Batch 32340/50000 | Loss: 0.0008 | Avg Loss: 0.1630 | LR: 8.92e-05
2025-11-18 00:31:41 | INFO | Epoch 1 | Batch 32350/50000 | Loss: 0.0004 | Avg Loss: 0.1629 | LR: 8.92e-05
2025-11-18 00:31:41 | INFO | Epoch 1 | Batch 32360/50000 | Loss: 0.0001 | Avg Loss: 0.1629 | LR: 8.92e-05
2025-11-18 00:31:41 | INFO | Epoch 1 | Batch 32370/50000 | Loss: 0.0048 | Avg Loss: 0.1629 | LR: 8.91e-05
2025-11-18 00:31:41 | INFO | Epoch 1 | Batch 32380/50000 | Loss: 0.0024 | Avg Loss: 0.1628 | LR: 8.91e-05
2025-11-18 00:31:42 | INFO | Epoch 1 | Batch 32390/50000 | Loss: 0.0001 | Avg Loss: 0.1628 | LR: 8.91e-05
2025-11-18 00:31:42 | INFO | Epoch 1 | Batch 32400/50000 | Loss: 0.0328 | Avg Loss: 0.1627 | LR: 8.91e-05
2025-11-18 00:31:42 | INFO | Epoch 1 | Batch 32410/50000 | Loss: 0.0001 | Avg Loss: 0.1627 | LR: 8.91e-05
2025-11-18 00:31:42 | INFO | Epoch 1 | Batch 32420/50000 | Loss: 0.0001 | Avg Loss: 0.1626 | LR: 8.91e-05
2025-11-18 00:31:42 | INFO | Epoch 1 | Batch 32430/50000 | Loss: 0.0052 | Avg Loss: 0.1626 | LR: 8.91e-05
2025-11-18 00:31:42 | INFO | Epoch 1 | Batch 32440/50000 | Loss: 0.0002 | Avg Loss: 0.1625 | LR: 8.91e-05
2025-11-18 00:31:42 | INFO | Epoch 1 | Batch 32450/50000 | Loss: 0.0006 | Avg Loss: 0.1625 | LR: 8.91e-05
2025-11-18 00:31:43 | INFO | Epoch 1 | Batch 32460/50000 | Loss: 0.0012 | Avg Loss: 0.1624 | LR: 8.91e-05
2025-11-18 00:31:43 | INFO | Epoch 1 | Batch 32470/50000 | Loss: 0.0000 | Avg Loss: 0.1624 | LR: 8.91e-05
2025-11-18 00:31:43 | INFO | Epoch 1 | Batch 32480/50000 | Loss: 0.0143 | Avg Loss: 0.1623 | LR: 8.91e-05
2025-11-18 00:31:43 | INFO | Epoch 1 | Batch 32490/50000 | Loss: 0.0001 | Avg Loss: 0.1623 | LR: 8.91e-05
2025-11-18 00:31:43 | INFO | Epoch 1 | Batch 32500/50000 | Loss: 0.0002 | Avg Loss: 0.1622 | LR: 8.91e-05
2025-11-18 00:31:43 | INFO | Epoch 1 | Batch 32510/50000 | Loss: 0.0002 | Avg Loss: 0.1622 | LR: 8.91e-05
2025-11-18 00:31:43 | INFO | Epoch 1 | Batch 32520/50000 | Loss: 0.0113 | Avg Loss: 0.1621 | LR: 8.91e-05
2025-11-18 00:31:44 | INFO | Epoch 1 | Batch 32530/50000 | Loss: 0.0006 | Avg Loss: 0.1621 | LR: 8.90e-05
2025-11-18 00:31:44 | INFO | Epoch 1 | Batch 32540/50000 | Loss: 0.0254 | Avg Loss: 0.1620 | LR: 8.90e-05
2025-11-18 00:31:44 | INFO | Epoch 1 | Batch 32550/50000 | Loss: 0.0218 | Avg Loss: 0.1620 | LR: 8.90e-05
2025-11-18 00:31:44 | INFO | Epoch 1 | Batch 32560/50000 | Loss: 0.0003 | Avg Loss: 0.1620 | LR: 8.90e-05
2025-11-18 00:31:44 | INFO | Epoch 1 | Batch 32570/50000 | Loss: 0.0005 | Avg Loss: 0.1619 | LR: 8.90e-05
2025-11-18 00:31:44 | INFO | Epoch 1 | Batch 32580/50000 | Loss: 0.0002 | Avg Loss: 0.1619 | LR: 8.90e-05
2025-11-18 00:31:44 | INFO | Epoch 1 | Batch 32590/50000 | Loss: 0.0299 | Avg Loss: 0.1618 | LR: 8.90e-05
2025-11-18 00:31:45 | INFO | Epoch 1 | Batch 32600/50000 | Loss: 0.0224 | Avg Loss: 0.1618 | LR: 8.90e-05
2025-11-18 00:31:45 | INFO | Epoch 1 | Batch 32610/50000 | Loss: 0.0023 | Avg Loss: 0.1617 | LR: 8.90e-05
2025-11-18 00:31:45 | INFO | Epoch 1 | Batch 32620/50000 | Loss: 0.0003 | Avg Loss: 0.1617 | LR: 8.90e-05
2025-11-18 00:31:45 | INFO | Epoch 1 | Batch 32630/50000 | Loss: 0.0044 | Avg Loss: 0.1616 | LR: 8.90e-05
2025-11-18 00:31:45 | INFO | Epoch 1 | Batch 32640/50000 | Loss: 0.0002 | Avg Loss: 0.1616 | LR: 8.90e-05
2025-11-18 00:31:45 | INFO | Epoch 1 | Batch 32650/50000 | Loss: 0.0147 | Avg Loss: 0.1615 | LR: 8.90e-05
2025-11-18 00:31:45 | INFO | Epoch 1 | Batch 32660/50000 | Loss: 0.0002 | Avg Loss: 0.1615 | LR: 8.90e-05
2025-11-18 00:31:46 | INFO | Epoch 1 | Batch 32670/50000 | Loss: 0.0085 | Avg Loss: 0.1614 | LR: 8.90e-05
2025-11-18 00:31:46 | INFO | Epoch 1 | Batch 32680/50000 | Loss: 0.0003 | Avg Loss: 0.1614 | LR: 8.89e-05
2025-11-18 00:31:46 | INFO | Epoch 1 | Batch 32690/50000 | Loss: 0.0005 | Avg Loss: 0.1613 | LR: 8.89e-05
2025-11-18 00:31:46 | INFO | Epoch 1 | Batch 32700/50000 | Loss: 0.0001 | Avg Loss: 0.1613 | LR: 8.89e-05
2025-11-18 00:31:46 | INFO | Epoch 1 | Batch 32710/50000 | Loss: 0.0239 | Avg Loss: 0.1613 | LR: 8.89e-05
2025-11-18 00:31:46 | INFO | Epoch 1 | Batch 32720/50000 | Loss: 0.0002 | Avg Loss: 0.1612 | LR: 8.89e-05
2025-11-18 00:31:46 | INFO | Epoch 1 | Batch 32730/50000 | Loss: 0.0002 | Avg Loss: 0.1612 | LR: 8.89e-05
2025-11-18 00:31:47 | INFO | Epoch 1 | Batch 32740/50000 | Loss: 0.0514 | Avg Loss: 0.1611 | LR: 8.89e-05
2025-11-18 00:31:47 | INFO | Epoch 1 | Batch 32750/50000 | Loss: 0.0894 | Avg Loss: 0.1611 | LR: 8.89e-05
2025-11-18 00:31:47 | INFO | Epoch 1 | Batch 32760/50000 | Loss: 0.0611 | Avg Loss: 0.1610 | LR: 8.89e-05
2025-11-18 00:31:47 | INFO | Epoch 1 | Batch 32770/50000 | Loss: 0.0293 | Avg Loss: 0.1610 | LR: 8.89e-05
2025-11-18 00:31:47 | INFO | Epoch 1 | Batch 32780/50000 | Loss: 0.0005 | Avg Loss: 0.1610 | LR: 8.89e-05
2025-11-18 00:31:47 | INFO | Epoch 1 | Batch 32790/50000 | Loss: 0.0117 | Avg Loss: 0.1609 | LR: 8.89e-05
2025-11-18 00:31:47 | INFO | Epoch 1 | Batch 32800/50000 | Loss: 0.0001 | Avg Loss: 0.1609 | LR: 8.89e-05
2025-11-18 00:31:48 | INFO | Epoch 1 | Batch 32810/50000 | Loss: 0.0685 | Avg Loss: 0.1608 | LR: 8.89e-05
2025-11-18 00:31:48 | INFO | Epoch 1 | Batch 32820/50000 | Loss: 0.0005 | Avg Loss: 0.1608 | LR: 8.89e-05
2025-11-18 00:31:48 | INFO | Epoch 1 | Batch 32830/50000 | Loss: 0.0045 | Avg Loss: 0.1607 | LR: 8.88e-05
2025-11-18 00:31:48 | INFO | Epoch 1 | Batch 32840/50000 | Loss: 0.0002 | Avg Loss: 0.1607 | LR: 8.88e-05
2025-11-18 00:31:48 | INFO | Epoch 1 | Batch 32850/50000 | Loss: 0.0095 | Avg Loss: 0.1606 | LR: 8.88e-05
2025-11-18 00:31:48 | INFO | Epoch 1 | Batch 32860/50000 | Loss: 0.0153 | Avg Loss: 0.1606 | LR: 8.88e-05
2025-11-18 00:31:48 | INFO | Epoch 1 | Batch 32870/50000 | Loss: 0.0002 | Avg Loss: 0.1606 | LR: 8.88e-05
2025-11-18 00:31:49 | INFO | Epoch 1 | Batch 32880/50000 | Loss: 0.0001 | Avg Loss: 0.1605 | LR: 8.88e-05
2025-11-18 00:31:49 | INFO | Epoch 1 | Batch 32890/50000 | Loss: 0.0004 | Avg Loss: 0.1605 | LR: 8.88e-05
2025-11-18 00:31:49 | INFO | Epoch 1 | Batch 32900/50000 | Loss: 0.0432 | Avg Loss: 0.1604 | LR: 8.88e-05
2025-11-18 00:31:49 | INFO | Epoch 1 | Batch 32910/50000 | Loss: 0.0001 | Avg Loss: 0.1604 | LR: 8.88e-05
2025-11-18 00:31:49 | INFO | Epoch 1 | Batch 32920/50000 | Loss: 0.0002 | Avg Loss: 0.1603 | LR: 8.88e-05
2025-11-18 00:31:49 | INFO | Epoch 1 | Batch 32930/50000 | Loss: 0.0002 | Avg Loss: 0.1603 | LR: 8.88e-05
2025-11-18 00:31:49 | INFO | Epoch 1 | Batch 32940/50000 | Loss: 0.0295 | Avg Loss: 0.1602 | LR: 8.88e-05
2025-11-18 00:31:49 | INFO | Epoch 1 | Batch 32950/50000 | Loss: 0.0602 | Avg Loss: 0.1602 | LR: 8.88e-05
2025-11-18 00:31:49 | INFO | Epoch 1 | Batch 32960/50000 | Loss: 0.0383 | Avg Loss: 0.1602 | LR: 8.88e-05
2025-11-18 00:31:49 | INFO | Epoch 1 | Batch 32970/50000 | Loss: 0.0004 | Avg Loss: 0.1601 | LR: 8.88e-05
2025-11-18 00:31:49 | INFO | Epoch 1 | Batch 32980/50000 | Loss: 0.0003 | Avg Loss: 0.1601 | LR: 8.87e-05
2025-11-18 00:31:49 | INFO | Epoch 1 | Batch 32990/50000 | Loss: 0.0002 | Avg Loss: 0.1600 | LR: 8.87e-05
2025-11-18 00:31:50 | INFO | Epoch 1 | Batch 33000/50000 | Loss: 0.0096 | Avg Loss: 0.1600 | LR: 8.87e-05
2025-11-18 00:31:50 | INFO | Epoch 1 | Batch 33010/50000 | Loss: 0.0010 | Avg Loss: 0.1599 | LR: 8.87e-05
2025-11-18 00:31:50 | INFO | Epoch 1 | Batch 33020/50000 | Loss: 0.0041 | Avg Loss: 0.1599 | LR: 8.87e-05
2025-11-18 00:31:50 | INFO | Epoch 1 | Batch 33030/50000 | Loss: 0.0002 | Avg Loss: 0.1598 | LR: 8.87e-05
2025-11-18 00:31:50 | INFO | Epoch 1 | Batch 33040/50000 | Loss: 0.0007 | Avg Loss: 0.1598 | LR: 8.87e-05
2025-11-18 00:31:50 | INFO | Epoch 1 | Batch 33050/50000 | Loss: 0.0047 | Avg Loss: 0.1597 | LR: 8.87e-05
2025-11-18 00:31:50 | INFO | Epoch 1 | Batch 33060/50000 | Loss: 0.0007 | Avg Loss: 0.1597 | LR: 8.87e-05
2025-11-18 00:31:50 | INFO | Epoch 1 | Batch 33070/50000 | Loss: 0.0001 | Avg Loss: 0.1597 | LR: 8.87e-05
2025-11-18 00:31:50 | INFO | Epoch 1 | Batch 33080/50000 | Loss: 0.0002 | Avg Loss: 0.1596 | LR: 8.87e-05
2025-11-18 00:31:50 | INFO | Epoch 1 | Batch 33090/50000 | Loss: 0.0246 | Avg Loss: 0.1596 | LR: 8.87e-05
2025-11-18 00:31:50 | INFO | Epoch 1 | Batch 33100/50000 | Loss: 0.0052 | Avg Loss: 0.1595 | LR: 8.87e-05
2025-11-18 00:31:50 | INFO | Epoch 1 | Batch 33110/50000 | Loss: 0.0282 | Avg Loss: 0.1595 | LR: 8.87e-05
2025-11-18 00:31:50 | INFO | Epoch 1 | Batch 33120/50000 | Loss: 0.0799 | Avg Loss: 0.1594 | LR: 8.87e-05
2025-11-18 00:31:50 | INFO | Epoch 1 | Batch 33130/50000 | Loss: 0.0007 | Avg Loss: 0.1594 | LR: 8.86e-05
2025-11-18 00:31:51 | INFO | Epoch 1 | Batch 33140/50000 | Loss: 0.0001 | Avg Loss: 0.1593 | LR: 8.86e-05
2025-11-18 00:31:51 | INFO | Epoch 1 | Batch 33150/50000 | Loss: 0.0001 | Avg Loss: 0.1593 | LR: 8.86e-05
2025-11-18 00:31:51 | INFO | Epoch 1 | Batch 33160/50000 | Loss: 0.0003 | Avg Loss: 0.1593 | LR: 8.86e-05
2025-11-18 00:31:51 | INFO | Epoch 1 | Batch 33170/50000 | Loss: 0.0001 | Avg Loss: 0.1592 | LR: 8.86e-05
2025-11-18 00:31:51 | INFO | Epoch 1 | Batch 33180/50000 | Loss: 0.0026 | Avg Loss: 0.1592 | LR: 8.86e-05
2025-11-18 00:31:51 | INFO | Epoch 1 | Batch 33190/50000 | Loss: 0.0004 | Avg Loss: 0.1591 | LR: 8.86e-05
2025-11-18 00:31:51 | INFO | Epoch 1 | Batch 33200/50000 | Loss: 0.0009 | Avg Loss: 0.1591 | LR: 8.86e-05
2025-11-18 00:31:51 | INFO | Epoch 1 | Batch 33210/50000 | Loss: 0.0003 | Avg Loss: 0.1590 | LR: 8.86e-05
2025-11-18 00:31:51 | INFO | Epoch 1 | Batch 33220/50000 | Loss: 0.0001 | Avg Loss: 0.1590 | LR: 8.86e-05
2025-11-18 00:31:51 | INFO | Epoch 1 | Batch 33230/50000 | Loss: 0.0017 | Avg Loss: 0.1590 | LR: 8.86e-05
2025-11-18 00:31:51 | INFO | Epoch 1 | Batch 33240/50000 | Loss: 0.0100 | Avg Loss: 0.1589 | LR: 8.86e-05
2025-11-18 00:31:51 | INFO | Epoch 1 | Batch 33250/50000 | Loss: 0.0180 | Avg Loss: 0.1589 | LR: 8.86e-05
2025-11-18 00:31:51 | INFO | Epoch 1 | Batch 33260/50000 | Loss: 0.0013 | Avg Loss: 0.1588 | LR: 8.86e-05
2025-11-18 00:31:51 | INFO | Epoch 1 | Batch 33270/50000 | Loss: 0.0073 | Avg Loss: 0.1588 | LR: 8.86e-05
2025-11-18 00:31:52 | INFO | Epoch 1 | Batch 33280/50000 | Loss: 0.0047 | Avg Loss: 0.1587 | LR: 8.85e-05
2025-11-18 00:31:52 | INFO | Epoch 1 | Batch 33290/50000 | Loss: 0.0007 | Avg Loss: 0.1587 | LR: 8.85e-05
2025-11-18 00:31:52 | INFO | Epoch 1 | Batch 33300/50000 | Loss: 0.0010 | Avg Loss: 0.1587 | LR: 8.85e-05
2025-11-18 00:31:52 | INFO | Epoch 1 | Batch 33310/50000 | Loss: 0.0009 | Avg Loss: 0.1586 | LR: 8.85e-05
2025-11-18 00:31:52 | INFO | Epoch 1 | Batch 33320/50000 | Loss: 0.0002 | Avg Loss: 0.1586 | LR: 8.85e-05
2025-11-18 00:31:52 | INFO | Epoch 1 | Batch 33330/50000 | Loss: 0.0002 | Avg Loss: 0.1585 | LR: 8.85e-05
2025-11-18 00:31:52 | INFO | Epoch 1 | Batch 33340/50000 | Loss: 0.1660 | Avg Loss: 0.1585 | LR: 8.85e-05
2025-11-18 00:31:52 | INFO | Epoch 1 | Batch 33350/50000 | Loss: 0.0329 | Avg Loss: 0.1584 | LR: 8.85e-05
2025-11-18 00:31:52 | INFO | Epoch 1 | Batch 33360/50000 | Loss: 0.0008 | Avg Loss: 0.1584 | LR: 8.85e-05
2025-11-18 00:31:52 | INFO | Epoch 1 | Batch 33370/50000 | Loss: 0.0250 | Avg Loss: 0.1584 | LR: 8.85e-05
2025-11-18 00:31:52 | INFO | Epoch 1 | Batch 33380/50000 | Loss: 0.0002 | Avg Loss: 0.1583 | LR: 8.85e-05
2025-11-18 00:31:52 | INFO | Epoch 1 | Batch 33390/50000 | Loss: 0.0005 | Avg Loss: 0.1583 | LR: 8.85e-05
2025-11-18 00:31:52 | INFO | Epoch 1 | Batch 33400/50000 | Loss: 0.0062 | Avg Loss: 0.1582 | LR: 8.85e-05
2025-11-18 00:31:52 | INFO | Epoch 1 | Batch 33410/50000 | Loss: 0.0003 | Avg Loss: 0.1582 | LR: 8.85e-05
2025-11-18 00:31:52 | INFO | Epoch 1 | Batch 33420/50000 | Loss: 0.0407 | Avg Loss: 0.1581 | LR: 8.85e-05
2025-11-18 00:31:53 | INFO | Epoch 1 | Batch 33430/50000 | Loss: 0.0002 | Avg Loss: 0.1581 | LR: 8.84e-05
2025-11-18 00:31:53 | INFO | Epoch 1 | Batch 33440/50000 | Loss: 0.0764 | Avg Loss: 0.1581 | LR: 8.84e-05
2025-11-18 00:31:53 | INFO | Epoch 1 | Batch 33450/50000 | Loss: 0.0002 | Avg Loss: 0.1580 | LR: 8.84e-05
2025-11-18 00:31:53 | INFO | Epoch 1 | Batch 33460/50000 | Loss: 0.0468 | Avg Loss: 0.1580 | LR: 8.84e-05
2025-11-18 00:31:53 | INFO | Epoch 1 | Batch 33470/50000 | Loss: 0.0009 | Avg Loss: 0.1579 | LR: 8.84e-05
2025-11-18 00:31:53 | INFO | Epoch 1 | Batch 33480/50000 | Loss: 0.0208 | Avg Loss: 0.1579 | LR: 8.84e-05
2025-11-18 00:31:53 | INFO | Epoch 1 | Batch 33490/50000 | Loss: 0.0002 | Avg Loss: 0.1578 | LR: 8.84e-05
2025-11-18 00:31:53 | INFO | Epoch 1 | Batch 33500/50000 | Loss: 0.0006 | Avg Loss: 0.1578 | LR: 8.84e-05
2025-11-18 00:31:53 | INFO | Epoch 1 | Batch 33510/50000 | Loss: 0.0002 | Avg Loss: 0.1577 | LR: 8.84e-05
2025-11-18 00:31:53 | INFO | Epoch 1 | Batch 33520/50000 | Loss: 0.0002 | Avg Loss: 0.1577 | LR: 8.84e-05
2025-11-18 00:31:53 | INFO | Epoch 1 | Batch 33530/50000 | Loss: 0.0003 | Avg Loss: 0.1577 | LR: 8.84e-05
2025-11-18 00:31:53 | INFO | Epoch 1 | Batch 33540/50000 | Loss: 0.0004 | Avg Loss: 0.1576 | LR: 8.84e-05
2025-11-18 00:31:53 | INFO | Epoch 1 | Batch 33550/50000 | Loss: 0.0488 | Avg Loss: 0.1576 | LR: 8.84e-05
2025-11-18 00:31:53 | INFO | Epoch 1 | Batch 33560/50000 | Loss: 0.0001 | Avg Loss: 0.1575 | LR: 8.84e-05
2025-11-18 00:31:54 | INFO | Epoch 1 | Batch 33570/50000 | Loss: 0.0003 | Avg Loss: 0.1575 | LR: 8.84e-05
2025-11-18 00:31:54 | INFO | Epoch 1 | Batch 33580/50000 | Loss: 0.0066 | Avg Loss: 0.1574 | LR: 8.83e-05
2025-11-18 00:31:54 | INFO | Epoch 1 | Batch 33590/50000 | Loss: 0.0011 | Avg Loss: 0.1574 | LR: 8.83e-05
2025-11-18 00:31:54 | INFO | Epoch 1 | Batch 33600/50000 | Loss: 0.0362 | Avg Loss: 0.1574 | LR: 8.83e-05
2025-11-18 00:31:54 | INFO | Epoch 1 | Batch 33610/50000 | Loss: 0.0025 | Avg Loss: 0.1573 | LR: 8.83e-05
2025-11-18 00:31:54 | INFO | Epoch 1 | Batch 33620/50000 | Loss: 0.0009 | Avg Loss: 0.1573 | LR: 8.83e-05
2025-11-18 00:31:54 | INFO | Epoch 1 | Batch 33630/50000 | Loss: 0.0001 | Avg Loss: 0.1572 | LR: 8.83e-05
2025-11-18 00:31:54 | INFO | Epoch 1 | Batch 33640/50000 | Loss: 0.0198 | Avg Loss: 0.1572 | LR: 8.83e-05
2025-11-18 00:31:54 | INFO | Epoch 1 | Batch 33650/50000 | Loss: 0.0009 | Avg Loss: 0.1571 | LR: 8.83e-05
2025-11-18 00:31:54 | INFO | Epoch 1 | Batch 33660/50000 | Loss: 0.0002 | Avg Loss: 0.1571 | LR: 8.83e-05
2025-11-18 00:31:54 | INFO | Epoch 1 | Batch 33670/50000 | Loss: 0.0009 | Avg Loss: 0.1570 | LR: 8.83e-05
2025-11-18 00:31:54 | INFO | Epoch 1 | Batch 33680/50000 | Loss: 0.0273 | Avg Loss: 0.1570 | LR: 8.83e-05
2025-11-18 00:31:54 | INFO | Epoch 1 | Batch 33690/50000 | Loss: 0.0006 | Avg Loss: 0.1570 | LR: 8.83e-05
2025-11-18 00:31:54 | INFO | Epoch 1 | Batch 33700/50000 | Loss: 0.0001 | Avg Loss: 0.1569 | LR: 8.83e-05
2025-11-18 00:31:55 | INFO | Epoch 1 | Batch 33710/50000 | Loss: 0.0176 | Avg Loss: 0.1569 | LR: 8.83e-05
2025-11-18 00:31:55 | INFO | Epoch 1 | Batch 33720/50000 | Loss: 0.0004 | Avg Loss: 0.1568 | LR: 8.83e-05
2025-11-18 00:31:55 | INFO | Epoch 1 | Batch 33730/50000 | Loss: 0.0023 | Avg Loss: 0.1568 | LR: 8.82e-05
2025-11-18 00:31:55 | INFO | Epoch 1 | Batch 33740/50000 | Loss: 0.0001 | Avg Loss: 0.1567 | LR: 8.82e-05
2025-11-18 00:31:55 | INFO | Epoch 1 | Batch 33750/50000 | Loss: 0.0015 | Avg Loss: 0.1567 | LR: 8.82e-05
2025-11-18 00:31:55 | INFO | Epoch 1 | Batch 33760/50000 | Loss: 0.0001 | Avg Loss: 0.1567 | LR: 8.82e-05
2025-11-18 00:31:55 | INFO | Epoch 1 | Batch 33770/50000 | Loss: 0.0661 | Avg Loss: 0.1566 | LR: 8.82e-05
2025-11-18 00:31:55 | INFO | Epoch 1 | Batch 33780/50000 | Loss: 0.0089 | Avg Loss: 0.1566 | LR: 8.82e-05
2025-11-18 00:31:55 | INFO | Epoch 1 | Batch 33790/50000 | Loss: 0.0001 | Avg Loss: 0.1565 | LR: 8.82e-05
2025-11-18 00:31:55 | INFO | Epoch 1 | Batch 33800/50000 | Loss: 0.0165 | Avg Loss: 0.1565 | LR: 8.82e-05
2025-11-18 00:31:55 | INFO | Epoch 1 | Batch 33810/50000 | Loss: 0.0259 | Avg Loss: 0.1564 | LR: 8.82e-05
2025-11-18 00:31:55 | INFO | Epoch 1 | Batch 33820/50000 | Loss: 0.0069 | Avg Loss: 0.1564 | LR: 8.82e-05
2025-11-18 00:31:55 | INFO | Epoch 1 | Batch 33830/50000 | Loss: 0.0002 | Avg Loss: 0.1564 | LR: 8.82e-05
2025-11-18 00:31:55 | INFO | Epoch 1 | Batch 33840/50000 | Loss: 0.0147 | Avg Loss: 0.1563 | LR: 8.82e-05
2025-11-18 00:31:55 | INFO | Epoch 1 | Batch 33850/50000 | Loss: 0.0344 | Avg Loss: 0.1563 | LR: 8.82e-05
2025-11-18 00:31:56 | INFO | Epoch 1 | Batch 33860/50000 | Loss: 0.0004 | Avg Loss: 0.1562 | LR: 8.82e-05
2025-11-18 00:31:56 | INFO | Epoch 1 | Batch 33870/50000 | Loss: 0.0431 | Avg Loss: 0.1562 | LR: 8.82e-05
2025-11-18 00:31:56 | INFO | Epoch 1 | Batch 33880/50000 | Loss: 0.0167 | Avg Loss: 0.1562 | LR: 8.81e-05
2025-11-18 00:31:56 | INFO | Epoch 1 | Batch 33890/50000 | Loss: 0.0005 | Avg Loss: 0.1561 | LR: 8.81e-05
2025-11-18 00:31:56 | INFO | Epoch 1 | Batch 33900/50000 | Loss: 0.0005 | Avg Loss: 0.1561 | LR: 8.81e-05
2025-11-18 00:31:56 | INFO | Epoch 1 | Batch 33910/50000 | Loss: 0.0047 | Avg Loss: 0.1560 | LR: 8.81e-05
2025-11-18 00:31:56 | INFO | Epoch 1 | Batch 33920/50000 | Loss: 0.0001 | Avg Loss: 0.1560 | LR: 8.81e-05
2025-11-18 00:31:56 | INFO | Epoch 1 | Batch 33930/50000 | Loss: 0.0001 | Avg Loss: 0.1559 | LR: 8.81e-05
2025-11-18 00:31:56 | INFO | Epoch 1 | Batch 33940/50000 | Loss: 0.0002 | Avg Loss: 0.1559 | LR: 8.81e-05
2025-11-18 00:31:56 | INFO | Epoch 1 | Batch 33950/50000 | Loss: 0.0002 | Avg Loss: 0.1558 | LR: 8.81e-05
2025-11-18 00:31:56 | INFO | Epoch 1 | Batch 33960/50000 | Loss: 0.0143 | Avg Loss: 0.1558 | LR: 8.81e-05
2025-11-18 00:31:56 | INFO | Epoch 1 | Batch 33970/50000 | Loss: 0.0020 | Avg Loss: 0.1558 | LR: 8.81e-05
2025-11-18 00:31:56 | INFO | Epoch 1 | Batch 33980/50000 | Loss: 0.0044 | Avg Loss: 0.1557 | LR: 8.81e-05
2025-11-18 00:31:56 | INFO | Epoch 1 | Batch 33990/50000 | Loss: 0.0001 | Avg Loss: 0.1557 | LR: 8.81e-05
2025-11-18 00:31:57 | INFO | Epoch 1 | Batch 34000/50000 | Loss: 0.0001 | Avg Loss: 0.1556 | LR: 8.81e-05
2025-11-18 00:31:57 | INFO | Epoch 1 | Batch 34010/50000 | Loss: 0.0008 | Avg Loss: 0.1556 | LR: 8.81e-05
2025-11-18 00:31:57 | INFO | Epoch 1 | Batch 34020/50000 | Loss: 0.0005 | Avg Loss: 0.1555 | LR: 8.80e-05
2025-11-18 00:31:57 | INFO | Epoch 1 | Batch 34030/50000 | Loss: 0.0001 | Avg Loss: 0.1555 | LR: 8.80e-05
2025-11-18 00:31:57 | INFO | Epoch 1 | Batch 34040/50000 | Loss: 0.0001 | Avg Loss: 0.1555 | LR: 8.80e-05
2025-11-18 00:31:57 | INFO | Epoch 1 | Batch 34050/50000 | Loss: 0.0001 | Avg Loss: 0.1554 | LR: 8.80e-05
2025-11-18 00:31:57 | INFO | Epoch 1 | Batch 34060/50000 | Loss: 0.0155 | Avg Loss: 0.1554 | LR: 8.80e-05
2025-11-18 00:31:57 | INFO | Epoch 1 | Batch 34070/50000 | Loss: 0.0297 | Avg Loss: 0.1553 | LR: 8.80e-05
2025-11-18 00:31:57 | INFO | Epoch 1 | Batch 34080/50000 | Loss: 0.0001 | Avg Loss: 0.1553 | LR: 8.80e-05
2025-11-18 00:31:57 | INFO | Epoch 1 | Batch 34090/50000 | Loss: 0.0007 | Avg Loss: 0.1552 | LR: 8.80e-05
2025-11-18 00:31:57 | INFO | Epoch 1 | Batch 34100/50000 | Loss: 0.0072 | Avg Loss: 0.1552 | LR: 8.80e-05
2025-11-18 00:31:57 | INFO | Epoch 1 | Batch 34110/50000 | Loss: 0.0025 | Avg Loss: 0.1552 | LR: 8.80e-05
2025-11-18 00:31:57 | INFO | Epoch 1 | Batch 34120/50000 | Loss: 0.0005 | Avg Loss: 0.1551 | LR: 8.80e-05
2025-11-18 00:31:57 | INFO | Epoch 1 | Batch 34130/50000 | Loss: 0.0002 | Avg Loss: 0.1551 | LR: 8.80e-05
2025-11-18 00:31:58 | INFO | Epoch 1 | Batch 34140/50000 | Loss: 0.0211 | Avg Loss: 0.1550 | LR: 8.80e-05
2025-11-18 00:31:58 | INFO | Epoch 1 | Batch 34150/50000 | Loss: 0.0005 | Avg Loss: 0.1550 | LR: 8.80e-05
2025-11-18 00:31:58 | INFO | Epoch 1 | Batch 34160/50000 | Loss: 0.0003 | Avg Loss: 0.1550 | LR: 8.80e-05
2025-11-18 00:31:58 | INFO | Epoch 1 | Batch 34170/50000 | Loss: 0.0515 | Avg Loss: 0.1549 | LR: 8.79e-05
2025-11-18 00:31:58 | INFO | Epoch 1 | Batch 34180/50000 | Loss: 0.0001 | Avg Loss: 0.1549 | LR: 8.79e-05
2025-11-18 00:31:58 | INFO | Epoch 1 | Batch 34190/50000 | Loss: 0.0004 | Avg Loss: 0.1548 | LR: 8.79e-05
2025-11-18 00:31:58 | INFO | Epoch 1 | Batch 34200/50000 | Loss: 0.0001 | Avg Loss: 0.1548 | LR: 8.79e-05
2025-11-18 00:31:58 | INFO | Epoch 1 | Batch 34210/50000 | Loss: 0.0283 | Avg Loss: 0.1547 | LR: 8.79e-05
2025-11-18 00:31:58 | INFO | Epoch 1 | Batch 34220/50000 | Loss: 0.0493 | Avg Loss: 0.1547 | LR: 8.79e-05
2025-11-18 00:31:58 | INFO | Epoch 1 | Batch 34230/50000 | Loss: 0.0156 | Avg Loss: 0.1547 | LR: 8.79e-05
2025-11-18 00:31:58 | INFO | Epoch 1 | Batch 34240/50000 | Loss: 0.0007 | Avg Loss: 0.1546 | LR: 8.79e-05
2025-11-18 00:31:58 | INFO | Epoch 1 | Batch 34250/50000 | Loss: 0.0002 | Avg Loss: 0.1546 | LR: 8.79e-05
2025-11-18 00:31:58 | INFO | Epoch 1 | Batch 34260/50000 | Loss: 0.0003 | Avg Loss: 0.1545 | LR: 8.79e-05
2025-11-18 00:31:58 | INFO | Epoch 1 | Batch 34270/50000 | Loss: 0.0002 | Avg Loss: 0.1545 | LR: 8.79e-05
2025-11-18 00:31:59 | INFO | Epoch 1 | Batch 34280/50000 | Loss: 0.0008 | Avg Loss: 0.1544 | LR: 8.79e-05
2025-11-18 00:31:59 | INFO | Epoch 1 | Batch 34290/50000 | Loss: 0.0001 | Avg Loss: 0.1544 | LR: 8.79e-05
2025-11-18 00:31:59 | INFO | Epoch 1 | Batch 34300/50000 | Loss: 0.0509 | Avg Loss: 0.1544 | LR: 8.79e-05
2025-11-18 00:31:59 | INFO | Epoch 1 | Batch 34310/50000 | Loss: 0.0004 | Avg Loss: 0.1543 | LR: 8.79e-05
2025-11-18 00:31:59 | INFO | Epoch 1 | Batch 34320/50000 | Loss: 0.0002 | Avg Loss: 0.1543 | LR: 8.78e-05
2025-11-18 00:31:59 | INFO | Epoch 1 | Batch 34330/50000 | Loss: 0.0039 | Avg Loss: 0.1542 | LR: 8.78e-05
2025-11-18 00:31:59 | INFO | Epoch 1 | Batch 34340/50000 | Loss: 0.0026 | Avg Loss: 0.1542 | LR: 8.78e-05
2025-11-18 00:31:59 | INFO | Epoch 1 | Batch 34350/50000 | Loss: 0.0006 | Avg Loss: 0.1541 | LR: 8.78e-05
2025-11-18 00:31:59 | INFO | Epoch 1 | Batch 34360/50000 | Loss: 0.0004 | Avg Loss: 0.1541 | LR: 8.78e-05
2025-11-18 00:31:59 | INFO | Epoch 1 | Batch 34370/50000 | Loss: 0.0007 | Avg Loss: 0.1541 | LR: 8.78e-05
2025-11-18 00:31:59 | INFO | Epoch 1 | Batch 34380/50000 | Loss: 0.0001 | Avg Loss: 0.1540 | LR: 8.78e-05
2025-11-18 00:31:59 | INFO | Epoch 1 | Batch 34390/50000 | Loss: 0.0001 | Avg Loss: 0.1540 | LR: 8.78e-05
2025-11-18 00:31:59 | INFO | Epoch 1 | Batch 34400/50000 | Loss: 0.0001 | Avg Loss: 0.1539 | LR: 8.78e-05
2025-11-18 00:31:59 | INFO | Epoch 1 | Batch 34410/50000 | Loss: 0.0002 | Avg Loss: 0.1539 | LR: 8.78e-05
2025-11-18 00:31:59 | INFO | Epoch 1 | Batch 34420/50000 | Loss: 0.0276 | Avg Loss: 0.1539 | LR: 8.78e-05
2025-11-18 00:32:00 | INFO | Epoch 1 | Batch 34430/50000 | Loss: 0.1342 | Avg Loss: 0.1538 | LR: 8.78e-05
2025-11-18 00:32:00 | INFO | Epoch 1 | Batch 34440/50000 | Loss: 0.0001 | Avg Loss: 0.1538 | LR: 8.78e-05
2025-11-18 00:32:00 | INFO | Epoch 1 | Batch 34450/50000 | Loss: 0.0335 | Avg Loss: 0.1537 | LR: 8.78e-05
2025-11-18 00:32:00 | INFO | Epoch 1 | Batch 34460/50000 | Loss: 0.0110 | Avg Loss: 0.1537 | LR: 8.77e-05
2025-11-18 00:32:00 | INFO | Epoch 1 | Batch 34470/50000 | Loss: 0.0003 | Avg Loss: 0.1537 | LR: 8.77e-05
2025-11-18 00:32:00 | INFO | Epoch 1 | Batch 34480/50000 | Loss: 0.0002 | Avg Loss: 0.1536 | LR: 8.77e-05
2025-11-18 00:32:00 | INFO | Epoch 1 | Batch 34490/50000 | Loss: 0.0002 | Avg Loss: 0.1536 | LR: 8.77e-05
2025-11-18 00:32:00 | INFO | Epoch 1 | Batch 34500/50000 | Loss: 0.0004 | Avg Loss: 0.1535 | LR: 8.77e-05
2025-11-18 00:32:00 | INFO | Epoch 1 | Batch 34510/50000 | Loss: 0.1005 | Avg Loss: 0.1535 | LR: 8.77e-05
2025-11-18 00:32:00 | INFO | Epoch 1 | Batch 34520/50000 | Loss: 0.1989 | Avg Loss: 0.1535 | LR: 8.77e-05
2025-11-18 00:32:00 | INFO | Epoch 1 | Batch 34530/50000 | Loss: 0.0002 | Avg Loss: 0.1534 | LR: 8.77e-05
2025-11-18 00:32:00 | INFO | Epoch 1 | Batch 34540/50000 | Loss: 0.0001 | Avg Loss: 0.1534 | LR: 8.77e-05
2025-11-18 00:32:00 | INFO | Epoch 1 | Batch 34550/50000 | Loss: 0.0002 | Avg Loss: 0.1533 | LR: 8.77e-05
2025-11-18 00:32:00 | INFO | Epoch 1 | Batch 34560/50000 | Loss: 0.0006 | Avg Loss: 0.1533 | LR: 8.77e-05
2025-11-18 00:32:01 | INFO | Epoch 1 | Batch 34570/50000 | Loss: 0.0171 | Avg Loss: 0.1532 | LR: 8.77e-05
2025-11-18 00:32:01 | INFO | Epoch 1 | Batch 34580/50000 | Loss: 0.0006 | Avg Loss: 0.1532 | LR: 8.77e-05
2025-11-18 00:32:01 | INFO | Epoch 1 | Batch 34590/50000 | Loss: 0.0001 | Avg Loss: 0.1532 | LR: 8.77e-05
2025-11-18 00:32:01 | INFO | Epoch 1 | Batch 34600/50000 | Loss: 0.0104 | Avg Loss: 0.1531 | LR: 8.76e-05
2025-11-18 00:32:01 | INFO | Epoch 1 | Batch 34610/50000 | Loss: 0.0082 | Avg Loss: 0.1531 | LR: 8.76e-05
2025-11-18 00:32:01 | INFO | Epoch 1 | Batch 34620/50000 | Loss: 0.0012 | Avg Loss: 0.1530 | LR: 8.76e-05
2025-11-18 00:32:01 | INFO | Epoch 1 | Batch 34630/50000 | Loss: 0.0001 | Avg Loss: 0.1530 | LR: 8.76e-05
2025-11-18 00:32:01 | INFO | Epoch 1 | Batch 34640/50000 | Loss: 0.0062 | Avg Loss: 0.1529 | LR: 8.76e-05
2025-11-18 00:32:01 | INFO | Epoch 1 | Batch 34650/50000 | Loss: 0.0018 | Avg Loss: 0.1529 | LR: 8.76e-05
2025-11-18 00:32:01 | INFO | Epoch 1 | Batch 34660/50000 | Loss: 0.0001 | Avg Loss: 0.1529 | LR: 8.76e-05
2025-11-18 00:32:01 | INFO | Epoch 1 | Batch 34670/50000 | Loss: 0.0002 | Avg Loss: 0.1528 | LR: 8.76e-05
2025-11-18 00:32:01 | INFO | Epoch 1 | Batch 34680/50000 | Loss: 0.0006 | Avg Loss: 0.1528 | LR: 8.76e-05
2025-11-18 00:32:01 | INFO | Epoch 1 | Batch 34690/50000 | Loss: 0.0002 | Avg Loss: 0.1527 | LR: 8.76e-05
2025-11-18 00:32:01 | INFO | Epoch 1 | Batch 34700/50000 | Loss: 0.0111 | Avg Loss: 0.1527 | LR: 8.76e-05
2025-11-18 00:32:02 | INFO | Epoch 1 | Batch 34710/50000 | Loss: 0.0002 | Avg Loss: 0.1527 | LR: 8.76e-05
2025-11-18 00:32:02 | INFO | Epoch 1 | Batch 34720/50000 | Loss: 0.0161 | Avg Loss: 0.1526 | LR: 8.76e-05
2025-11-18 00:32:02 | INFO | Epoch 1 | Batch 34730/50000 | Loss: 0.0001 | Avg Loss: 0.1526 | LR: 8.76e-05
2025-11-18 00:32:02 | INFO | Epoch 1 | Batch 34740/50000 | Loss: 0.0002 | Avg Loss: 0.1526 | LR: 8.76e-05
2025-11-18 00:32:02 | INFO | Epoch 1 | Batch 34750/50000 | Loss: 0.0533 | Avg Loss: 0.1525 | LR: 8.75e-05
2025-11-18 00:32:02 | INFO | Epoch 1 | Batch 34760/50000 | Loss: 0.0115 | Avg Loss: 0.1525 | LR: 8.75e-05
2025-11-18 00:32:02 | INFO | Epoch 1 | Batch 34770/50000 | Loss: 0.0033 | Avg Loss: 0.1524 | LR: 8.75e-05
2025-11-18 00:32:02 | INFO | Epoch 1 | Batch 34780/50000 | Loss: 0.0379 | Avg Loss: 0.1524 | LR: 8.75e-05
2025-11-18 00:32:02 | INFO | Epoch 1 | Batch 34790/50000 | Loss: 0.0025 | Avg Loss: 0.1524 | LR: 8.75e-05
2025-11-18 00:32:02 | INFO | Epoch 1 | Batch 34800/50000 | Loss: 0.0608 | Avg Loss: 0.1523 | LR: 8.75e-05
2025-11-18 00:32:02 | INFO | Epoch 1 | Batch 34810/50000 | Loss: 0.0001 | Avg Loss: 0.1523 | LR: 8.75e-05
2025-11-18 00:32:02 | INFO | Epoch 1 | Batch 34820/50000 | Loss: 0.0002 | Avg Loss: 0.1522 | LR: 8.75e-05
2025-11-18 00:32:02 | INFO | Epoch 1 | Batch 34830/50000 | Loss: 0.0002 | Avg Loss: 0.1522 | LR: 8.75e-05
2025-11-18 00:32:02 | INFO | Epoch 1 | Batch 34840/50000 | Loss: 0.0138 | Avg Loss: 0.1522 | LR: 8.75e-05
2025-11-18 00:32:03 | INFO | Epoch 1 | Batch 34850/50000 | Loss: 0.0025 | Avg Loss: 0.1521 | LR: 8.75e-05
2025-11-18 00:32:03 | INFO | Epoch 1 | Batch 34860/50000 | Loss: 0.0004 | Avg Loss: 0.1521 | LR: 8.75e-05
2025-11-18 00:32:03 | INFO | Epoch 1 | Batch 34870/50000 | Loss: 0.0139 | Avg Loss: 0.1520 | LR: 8.75e-05
2025-11-18 00:32:03 | INFO | Epoch 1 | Batch 34880/50000 | Loss: 0.0001 | Avg Loss: 0.1520 | LR: 8.75e-05
2025-11-18 00:32:03 | INFO | Epoch 1 | Batch 34890/50000 | Loss: 0.0001 | Avg Loss: 0.1519 | LR: 8.74e-05
2025-11-18 00:32:03 | INFO | Epoch 1 | Batch 34900/50000 | Loss: 0.0018 | Avg Loss: 0.1519 | LR: 8.74e-05
2025-11-18 00:32:03 | INFO | Epoch 1 | Batch 34910/50000 | Loss: 0.0094 | Avg Loss: 0.1519 | LR: 8.74e-05
2025-11-18 00:32:03 | INFO | Epoch 1 | Batch 34920/50000 | Loss: 0.0013 | Avg Loss: 0.1518 | LR: 8.74e-05
2025-11-18 00:32:03 | INFO | Epoch 1 | Batch 34930/50000 | Loss: 0.0152 | Avg Loss: 0.1518 | LR: 8.74e-05
2025-11-18 00:32:03 | INFO | Epoch 1 | Batch 34940/50000 | Loss: 0.0002 | Avg Loss: 0.1517 | LR: 8.74e-05
2025-11-18 00:32:03 | INFO | Epoch 1 | Batch 34950/50000 | Loss: 0.0003 | Avg Loss: 0.1517 | LR: 8.74e-05
2025-11-18 00:32:03 | INFO | Epoch 1 | Batch 34960/50000 | Loss: 0.0003 | Avg Loss: 0.1517 | LR: 8.74e-05
2025-11-18 00:32:03 | INFO | Epoch 1 | Batch 34970/50000 | Loss: 0.0007 | Avg Loss: 0.1516 | LR: 8.74e-05
2025-11-18 00:32:03 | INFO | Epoch 1 | Batch 34980/50000 | Loss: 0.0007 | Avg Loss: 0.1516 | LR: 8.74e-05
2025-11-18 00:32:03 | INFO | Epoch 1 | Batch 34990/50000 | Loss: 0.0005 | Avg Loss: 0.1515 | LR: 8.74e-05
2025-11-18 00:32:04 | INFO | Epoch 1 | Batch 35000/50000 | Loss: 0.0006 | Avg Loss: 0.1515 | LR: 8.74e-05
2025-11-18 00:32:04 | INFO | Epoch 1 | Batch 35010/50000 | Loss: 0.0007 | Avg Loss: 0.1514 | LR: 8.74e-05
2025-11-18 00:32:04 | INFO | Epoch 1 | Batch 35020/50000 | Loss: 0.0002 | Avg Loss: 0.1514 | LR: 8.74e-05
2025-11-18 00:32:04 | INFO | Epoch 1 | Batch 35030/50000 | Loss: 0.0004 | Avg Loss: 0.1514 | LR: 8.74e-05
2025-11-18 00:32:04 | INFO | Epoch 1 | Batch 35040/50000 | Loss: 0.0015 | Avg Loss: 0.1513 | LR: 8.73e-05
2025-11-18 00:32:04 | INFO | Epoch 1 | Batch 35050/50000 | Loss: 0.0003 | Avg Loss: 0.1513 | LR: 8.73e-05
2025-11-18 00:32:04 | INFO | Epoch 1 | Batch 35060/50000 | Loss: 0.0128 | Avg Loss: 0.1513 | LR: 8.73e-05
2025-11-18 00:32:04 | INFO | Epoch 1 | Batch 35070/50000 | Loss: 0.0912 | Avg Loss: 0.1512 | LR: 8.73e-05
2025-11-18 00:32:04 | INFO | Epoch 1 | Batch 35080/50000 | Loss: 0.0002 | Avg Loss: 0.1512 | LR: 8.73e-05
2025-11-18 00:32:04 | INFO | Epoch 1 | Batch 35090/50000 | Loss: 0.0007 | Avg Loss: 0.1511 | LR: 8.73e-05
2025-11-18 00:32:04 | INFO | Epoch 1 | Batch 35100/50000 | Loss: 0.0003 | Avg Loss: 0.1511 | LR: 8.73e-05
2025-11-18 00:32:04 | INFO | Epoch 1 | Batch 35110/50000 | Loss: 0.0006 | Avg Loss: 0.1511 | LR: 8.73e-05
2025-11-18 00:32:04 | INFO | Epoch 1 | Batch 35120/50000 | Loss: 0.0091 | Avg Loss: 0.1510 | LR: 8.73e-05
2025-11-18 00:32:04 | INFO | Epoch 1 | Batch 35130/50000 | Loss: 0.0002 | Avg Loss: 0.1510 | LR: 8.73e-05
2025-11-18 00:32:05 | INFO | Epoch 1 | Batch 35140/50000 | Loss: 0.0423 | Avg Loss: 0.1509 | LR: 8.73e-05
2025-11-18 00:32:05 | INFO | Epoch 1 | Batch 35150/50000 | Loss: 0.0153 | Avg Loss: 0.1509 | LR: 8.73e-05
2025-11-18 00:32:05 | INFO | Epoch 1 | Batch 35160/50000 | Loss: 0.0003 | Avg Loss: 0.1508 | LR: 8.73e-05
2025-11-18 00:32:05 | INFO | Epoch 1 | Batch 35170/50000 | Loss: 0.0284 | Avg Loss: 0.1508 | LR: 8.73e-05
2025-11-18 00:32:05 | INFO | Epoch 1 | Batch 35180/50000 | Loss: 0.0156 | Avg Loss: 0.1508 | LR: 8.72e-05
2025-11-18 00:32:05 | INFO | Epoch 1 | Batch 35190/50000 | Loss: 0.0265 | Avg Loss: 0.1507 | LR: 8.72e-05
2025-11-18 00:32:05 | INFO | Epoch 1 | Batch 35200/50000 | Loss: 0.0070 | Avg Loss: 0.1507 | LR: 8.72e-05
2025-11-18 00:32:05 | INFO | Epoch 1 | Batch 35210/50000 | Loss: 0.0173 | Avg Loss: 0.1507 | LR: 8.72e-05
2025-11-18 00:32:05 | INFO | Epoch 1 | Batch 35220/50000 | Loss: 0.0003 | Avg Loss: 0.1506 | LR: 8.72e-05
2025-11-18 00:32:05 | INFO | Epoch 1 | Batch 35230/50000 | Loss: 0.0264 | Avg Loss: 0.1506 | LR: 8.72e-05
2025-11-18 00:32:05 | INFO | Epoch 1 | Batch 35240/50000 | Loss: 0.0258 | Avg Loss: 0.1505 | LR: 8.72e-05
2025-11-18 00:32:05 | INFO | Epoch 1 | Batch 35250/50000 | Loss: 0.0071 | Avg Loss: 0.1505 | LR: 8.72e-05
2025-11-18 00:32:05 | INFO | Epoch 1 | Batch 35260/50000 | Loss: 0.0011 | Avg Loss: 0.1505 | LR: 8.72e-05
2025-11-18 00:32:05 | INFO | Epoch 1 | Batch 35270/50000 | Loss: 0.0001 | Avg Loss: 0.1504 | LR: 8.72e-05
2025-11-18 00:32:06 | INFO | Epoch 1 | Batch 35280/50000 | Loss: 0.0001 | Avg Loss: 0.1504 | LR: 8.72e-05
2025-11-18 00:32:06 | INFO | Epoch 1 | Batch 35290/50000 | Loss: 0.0001 | Avg Loss: 0.1503 | LR: 8.72e-05
2025-11-18 00:32:06 | INFO | Epoch 1 | Batch 35300/50000 | Loss: 0.0031 | Avg Loss: 0.1503 | LR: 8.72e-05
2025-11-18 00:32:06 | INFO | Epoch 1 | Batch 35310/50000 | Loss: 0.0001 | Avg Loss: 0.1503 | LR: 8.72e-05
2025-11-18 00:32:06 | INFO | Epoch 1 | Batch 35320/50000 | Loss: 0.0183 | Avg Loss: 0.1502 | LR: 8.71e-05
2025-11-18 00:32:06 | INFO | Epoch 1 | Batch 35330/50000 | Loss: 0.0217 | Avg Loss: 0.1502 | LR: 8.71e-05
2025-11-18 00:32:06 | INFO | Epoch 1 | Batch 35340/50000 | Loss: 0.0995 | Avg Loss: 0.1501 | LR: 8.71e-05
2025-11-18 00:32:06 | INFO | Epoch 1 | Batch 35350/50000 | Loss: 0.0012 | Avg Loss: 0.1501 | LR: 8.71e-05
2025-11-18 00:32:06 | INFO | Epoch 1 | Batch 35360/50000 | Loss: 0.0111 | Avg Loss: 0.1501 | LR: 8.71e-05
2025-11-18 00:32:06 | INFO | Epoch 1 | Batch 35370/50000 | Loss: 0.0003 | Avg Loss: 0.1500 | LR: 8.71e-05
2025-11-18 00:32:06 | INFO | Epoch 1 | Batch 35380/50000 | Loss: 0.0001 | Avg Loss: 0.1500 | LR: 8.71e-05
2025-11-18 00:32:06 | INFO | Epoch 1 | Batch 35390/50000 | Loss: 0.0001 | Avg Loss: 0.1499 | LR: 8.71e-05
2025-11-18 00:32:06 | INFO | Epoch 1 | Batch 35400/50000 | Loss: 0.0002 | Avg Loss: 0.1499 | LR: 8.71e-05
2025-11-18 00:32:06 | INFO | Epoch 1 | Batch 35410/50000 | Loss: 0.0026 | Avg Loss: 0.1499 | LR: 8.71e-05
2025-11-18 00:32:06 | INFO | Epoch 1 | Batch 35420/50000 | Loss: 0.0232 | Avg Loss: 0.1498 | LR: 8.71e-05
2025-11-18 00:32:07 | INFO | Epoch 1 | Batch 35430/50000 | Loss: 0.0002 | Avg Loss: 0.1498 | LR: 8.71e-05
2025-11-18 00:32:07 | INFO | Epoch 1 | Batch 35440/50000 | Loss: 0.0016 | Avg Loss: 0.1497 | LR: 8.71e-05
2025-11-18 00:32:07 | INFO | Epoch 1 | Batch 35450/50000 | Loss: 0.0014 | Avg Loss: 0.1497 | LR: 8.71e-05
2025-11-18 00:32:07 | INFO | Epoch 1 | Batch 35460/50000 | Loss: 0.0014 | Avg Loss: 0.1497 | LR: 8.70e-05
2025-11-18 00:32:07 | INFO | Epoch 1 | Batch 35470/50000 | Loss: 0.0004 | Avg Loss: 0.1496 | LR: 8.70e-05
2025-11-18 00:32:07 | INFO | Epoch 1 | Batch 35480/50000 | Loss: 0.0002 | Avg Loss: 0.1496 | LR: 8.70e-05
2025-11-18 00:32:07 | INFO | Epoch 1 | Batch 35490/50000 | Loss: 0.0307 | Avg Loss: 0.1495 | LR: 8.70e-05
2025-11-18 00:32:07 | INFO | Epoch 1 | Batch 35500/50000 | Loss: 0.0002 | Avg Loss: 0.1495 | LR: 8.70e-05
2025-11-18 00:32:07 | INFO | Epoch 1 | Batch 35510/50000 | Loss: 0.0001 | Avg Loss: 0.1495 | LR: 8.70e-05
2025-11-18 00:32:07 | INFO | Epoch 1 | Batch 35520/50000 | Loss: 0.0014 | Avg Loss: 0.1494 | LR: 8.70e-05
2025-11-18 00:32:07 | INFO | Epoch 1 | Batch 35530/50000 | Loss: 0.0193 | Avg Loss: 0.1494 | LR: 8.70e-05
2025-11-18 00:32:07 | INFO | Epoch 1 | Batch 35540/50000 | Loss: 0.0012 | Avg Loss: 0.1494 | LR: 8.70e-05
2025-11-18 00:32:07 | INFO | Epoch 1 | Batch 35550/50000 | Loss: 0.0064 | Avg Loss: 0.1493 | LR: 8.70e-05
2025-11-18 00:32:07 | INFO | Epoch 1 | Batch 35560/50000 | Loss: 0.0086 | Avg Loss: 0.1493 | LR: 8.70e-05
2025-11-18 00:32:08 | INFO | Epoch 1 | Batch 35570/50000 | Loss: 0.0002 | Avg Loss: 0.1493 | LR: 8.70e-05
2025-11-18 00:32:08 | INFO | Epoch 1 | Batch 35580/50000 | Loss: 0.0082 | Avg Loss: 0.1492 | LR: 8.70e-05
2025-11-18 00:32:08 | INFO | Epoch 1 | Batch 35590/50000 | Loss: 0.0002 | Avg Loss: 0.1492 | LR: 8.70e-05
2025-11-18 00:32:08 | INFO | Epoch 1 | Batch 35600/50000 | Loss: 0.0043 | Avg Loss: 0.1491 | LR: 8.70e-05
2025-11-18 00:32:08 | INFO | Epoch 1 | Batch 35610/50000 | Loss: 0.0189 | Avg Loss: 0.1491 | LR: 8.69e-05
2025-11-18 00:32:08 | INFO | Epoch 1 | Batch 35620/50000 | Loss: 0.0001 | Avg Loss: 0.1491 | LR: 8.69e-05
2025-11-18 00:32:08 | INFO | Epoch 1 | Batch 35630/50000 | Loss: 0.0002 | Avg Loss: 0.1490 | LR: 8.69e-05
2025-11-18 00:32:08 | INFO | Epoch 1 | Batch 35640/50000 | Loss: 0.0045 | Avg Loss: 0.1490 | LR: 8.69e-05
2025-11-18 00:32:08 | INFO | Epoch 1 | Batch 35650/50000 | Loss: 0.0142 | Avg Loss: 0.1489 | LR: 8.69e-05
2025-11-18 00:32:08 | INFO | Epoch 1 | Batch 35660/50000 | Loss: 0.0205 | Avg Loss: 0.1489 | LR: 8.69e-05
2025-11-18 00:32:08 | INFO | Epoch 1 | Batch 35670/50000 | Loss: 0.0266 | Avg Loss: 0.1489 | LR: 8.69e-05
2025-11-18 00:32:08 | INFO | Epoch 1 | Batch 35680/50000 | Loss: 0.0001 | Avg Loss: 0.1488 | LR: 8.69e-05
2025-11-18 00:32:08 | INFO | Epoch 1 | Batch 35690/50000 | Loss: 0.0237 | Avg Loss: 0.1488 | LR: 8.69e-05
2025-11-18 00:32:08 | INFO | Epoch 1 | Batch 35700/50000 | Loss: 0.0023 | Avg Loss: 0.1487 | LR: 8.69e-05
2025-11-18 00:32:09 | INFO | Epoch 1 | Batch 35710/50000 | Loss: 0.0021 | Avg Loss: 0.1487 | LR: 8.69e-05
2025-11-18 00:32:09 | INFO | Epoch 1 | Batch 35720/50000 | Loss: 0.0151 | Avg Loss: 0.1487 | LR: 8.69e-05
2025-11-18 00:32:09 | INFO | Epoch 1 | Batch 35730/50000 | Loss: 0.0002 | Avg Loss: 0.1486 | LR: 8.69e-05
2025-11-18 00:32:09 | INFO | Epoch 1 | Batch 35740/50000 | Loss: 0.0002 | Avg Loss: 0.1486 | LR: 8.69e-05
2025-11-18 00:32:09 | INFO | Epoch 1 | Batch 35750/50000 | Loss: 0.0004 | Avg Loss: 0.1485 | LR: 8.68e-05
2025-11-18 00:32:09 | INFO | Epoch 1 | Batch 35760/50000 | Loss: 0.0001 | Avg Loss: 0.1485 | LR: 8.68e-05
2025-11-18 00:32:09 | INFO | Epoch 1 | Batch 35770/50000 | Loss: 0.0002 | Avg Loss: 0.1485 | LR: 8.68e-05
2025-11-18 00:32:09 | INFO | Epoch 1 | Batch 35780/50000 | Loss: 0.0094 | Avg Loss: 0.1484 | LR: 8.68e-05
2025-11-18 00:32:09 | INFO | Epoch 1 | Batch 35790/50000 | Loss: 0.0864 | Avg Loss: 0.1484 | LR: 8.68e-05
2025-11-18 00:32:09 | INFO | Epoch 1 | Batch 35800/50000 | Loss: 0.0066 | Avg Loss: 0.1484 | LR: 8.68e-05
2025-11-18 00:32:09 | INFO | Epoch 1 | Batch 35810/50000 | Loss: 0.0001 | Avg Loss: 0.1483 | LR: 8.68e-05
2025-11-18 00:32:09 | INFO | Epoch 1 | Batch 35820/50000 | Loss: 0.0008 | Avg Loss: 0.1483 | LR: 8.68e-05
2025-11-18 00:32:09 | INFO | Epoch 1 | Batch 35830/50000 | Loss: 0.0013 | Avg Loss: 0.1482 | LR: 8.68e-05
2025-11-18 00:32:09 | INFO | Epoch 1 | Batch 35840/50000 | Loss: 0.0002 | Avg Loss: 0.1482 | LR: 8.68e-05
2025-11-18 00:32:09 | INFO | Epoch 1 | Batch 35850/50000 | Loss: 0.0004 | Avg Loss: 0.1482 | LR: 8.68e-05
2025-11-18 00:32:10 | INFO | Epoch 1 | Batch 35860/50000 | Loss: 0.0009 | Avg Loss: 0.1481 | LR: 8.68e-05
2025-11-18 00:32:10 | INFO | Epoch 1 | Batch 35870/50000 | Loss: 0.0001 | Avg Loss: 0.1481 | LR: 8.68e-05
2025-11-18 00:32:10 | INFO | Epoch 1 | Batch 35880/50000 | Loss: 0.0106 | Avg Loss: 0.1480 | LR: 8.68e-05
2025-11-18 00:32:10 | INFO | Epoch 1 | Batch 35890/50000 | Loss: 0.0001 | Avg Loss: 0.1480 | LR: 8.67e-05
2025-11-18 00:32:10 | INFO | Epoch 1 | Batch 35900/50000 | Loss: 0.0152 | Avg Loss: 0.1480 | LR: 8.67e-05
2025-11-18 00:32:10 | INFO | Epoch 1 | Batch 35910/50000 | Loss: 0.0104 | Avg Loss: 0.1479 | LR: 8.67e-05
2025-11-18 00:32:10 | INFO | Epoch 1 | Batch 35920/50000 | Loss: 0.0001 | Avg Loss: 0.1479 | LR: 8.67e-05
2025-11-18 00:32:10 | INFO | Epoch 1 | Batch 35930/50000 | Loss: 0.0010 | Avg Loss: 0.1479 | LR: 8.67e-05
2025-11-18 00:32:10 | INFO | Epoch 1 | Batch 35940/50000 | Loss: 0.0289 | Avg Loss: 0.1478 | LR: 8.67e-05
2025-11-18 00:32:10 | INFO | Epoch 1 | Batch 35950/50000 | Loss: 0.0002 | Avg Loss: 0.1478 | LR: 8.67e-05
2025-11-18 00:32:10 | INFO | Epoch 1 | Batch 35960/50000 | Loss: 0.0373 | Avg Loss: 0.1477 | LR: 8.67e-05
2025-11-18 00:32:10 | INFO | Epoch 1 | Batch 35970/50000 | Loss: 0.0423 | Avg Loss: 0.1477 | LR: 8.67e-05
2025-11-18 00:32:10 | INFO | Epoch 1 | Batch 35980/50000 | Loss: 0.0002 | Avg Loss: 0.1477 | LR: 8.67e-05
2025-11-18 00:32:10 | INFO | Epoch 1 | Batch 35990/50000 | Loss: 0.0002 | Avg Loss: 0.1476 | LR: 8.67e-05
2025-11-18 00:32:11 | INFO | Epoch 1 | Batch 36000/50000 | Loss: 0.0211 | Avg Loss: 0.1476 | LR: 8.67e-05
2025-11-18 00:32:11 | INFO | Epoch 1 | Batch 36010/50000 | Loss: 0.0003 | Avg Loss: 0.1475 | LR: 8.67e-05
2025-11-18 00:32:11 | INFO | Epoch 1 | Batch 36020/50000 | Loss: 0.0007 | Avg Loss: 0.1475 | LR: 8.67e-05
2025-11-18 00:32:11 | INFO | Epoch 1 | Batch 36030/50000 | Loss: 0.0001 | Avg Loss: 0.1475 | LR: 8.66e-05
2025-11-18 00:32:11 | INFO | Epoch 1 | Batch 36040/50000 | Loss: 0.0006 | Avg Loss: 0.1474 | LR: 8.66e-05
2025-11-18 00:32:11 | INFO | Epoch 1 | Batch 36050/50000 | Loss: 0.0072 | Avg Loss: 0.1474 | LR: 8.66e-05
2025-11-18 00:32:11 | INFO | Epoch 1 | Batch 36060/50000 | Loss: 0.0006 | Avg Loss: 0.1474 | LR: 8.66e-05
2025-11-18 00:32:11 | INFO | Epoch 1 | Batch 36070/50000 | Loss: 0.0007 | Avg Loss: 0.1473 | LR: 8.66e-05
2025-11-18 00:32:11 | INFO | Epoch 1 | Batch 36080/50000 | Loss: 0.0146 | Avg Loss: 0.1473 | LR: 8.66e-05
2025-11-18 00:32:11 | INFO | Epoch 1 | Batch 36090/50000 | Loss: 0.0012 | Avg Loss: 0.1472 | LR: 8.66e-05
2025-11-18 00:32:11 | INFO | Epoch 1 | Batch 36100/50000 | Loss: 0.0100 | Avg Loss: 0.1472 | LR: 8.66e-05
2025-11-18 00:32:11 | INFO | Epoch 1 | Batch 36110/50000 | Loss: 0.0002 | Avg Loss: 0.1472 | LR: 8.66e-05
2025-11-18 00:32:11 | INFO | Epoch 1 | Batch 36120/50000 | Loss: 0.0001 | Avg Loss: 0.1471 | LR: 8.66e-05
2025-11-18 00:32:11 | INFO | Epoch 1 | Batch 36130/50000 | Loss: 0.0001 | Avg Loss: 0.1471 | LR: 8.66e-05
2025-11-18 00:32:12 | INFO | Epoch 1 | Batch 36140/50000 | Loss: 0.0008 | Avg Loss: 0.1471 | LR: 8.66e-05
2025-11-18 00:32:12 | INFO | Epoch 1 | Batch 36150/50000 | Loss: 0.0003 | Avg Loss: 0.1470 | LR: 8.66e-05
2025-11-18 00:32:12 | INFO | Epoch 1 | Batch 36160/50000 | Loss: 0.0008 | Avg Loss: 0.1470 | LR: 8.66e-05
2025-11-18 00:32:12 | INFO | Epoch 1 | Batch 36170/50000 | Loss: 0.0008 | Avg Loss: 0.1470 | LR: 8.65e-05
2025-11-18 00:32:12 | INFO | Epoch 1 | Batch 36180/50000 | Loss: 0.0245 | Avg Loss: 0.1469 | LR: 8.65e-05
2025-11-18 00:32:12 | INFO | Epoch 1 | Batch 36190/50000 | Loss: 0.0228 | Avg Loss: 0.1469 | LR: 8.65e-05
2025-11-18 00:32:12 | INFO | Epoch 1 | Batch 36200/50000 | Loss: 0.0001 | Avg Loss: 0.1468 | LR: 8.65e-05
2025-11-18 00:32:12 | INFO | Epoch 1 | Batch 36210/50000 | Loss: 0.0002 | Avg Loss: 0.1468 | LR: 8.65e-05
2025-11-18 00:32:12 | INFO | Epoch 1 | Batch 36220/50000 | Loss: 0.0002 | Avg Loss: 0.1468 | LR: 8.65e-05
2025-11-18 00:32:12 | INFO | Epoch 1 | Batch 36230/50000 | Loss: 0.0003 | Avg Loss: 0.1467 | LR: 8.65e-05
2025-11-18 00:32:12 | INFO | Epoch 1 | Batch 36240/50000 | Loss: 0.0008 | Avg Loss: 0.1467 | LR: 8.65e-05
2025-11-18 00:32:12 | INFO | Epoch 1 | Batch 36250/50000 | Loss: 0.0001 | Avg Loss: 0.1467 | LR: 8.65e-05
2025-11-18 00:32:12 | INFO | Epoch 1 | Batch 36260/50000 | Loss: 0.0052 | Avg Loss: 0.1466 | LR: 8.65e-05
2025-11-18 00:32:12 | INFO | Epoch 1 | Batch 36270/50000 | Loss: 0.0003 | Avg Loss: 0.1466 | LR: 8.65e-05
2025-11-18 00:32:13 | INFO | Epoch 1 | Batch 36280/50000 | Loss: 0.0017 | Avg Loss: 0.1465 | LR: 8.65e-05
2025-11-18 00:32:13 | INFO | Epoch 1 | Batch 36290/50000 | Loss: 0.0002 | Avg Loss: 0.1465 | LR: 8.65e-05
2025-11-18 00:32:13 | INFO | Epoch 1 | Batch 36300/50000 | Loss: 0.0008 | Avg Loss: 0.1465 | LR: 8.65e-05
2025-11-18 00:32:13 | INFO | Epoch 1 | Batch 36310/50000 | Loss: 0.0001 | Avg Loss: 0.1464 | LR: 8.64e-05
2025-11-18 00:32:13 | INFO | Epoch 1 | Batch 36320/50000 | Loss: 0.0002 | Avg Loss: 0.1464 | LR: 8.64e-05
2025-11-18 00:32:13 | INFO | Epoch 1 | Batch 36330/50000 | Loss: 0.0041 | Avg Loss: 0.1463 | LR: 8.64e-05
2025-11-18 00:32:13 | INFO | Epoch 1 | Batch 36340/50000 | Loss: 0.0001 | Avg Loss: 0.1463 | LR: 8.64e-05
2025-11-18 00:32:13 | INFO | Epoch 1 | Batch 36350/50000 | Loss: 0.0002 | Avg Loss: 0.1463 | LR: 8.64e-05
2025-11-18 00:32:13 | INFO | Epoch 1 | Batch 36360/50000 | Loss: 0.0005 | Avg Loss: 0.1462 | LR: 8.64e-05
2025-11-18 00:32:13 | INFO | Epoch 1 | Batch 36370/50000 | Loss: 0.0001 | Avg Loss: 0.1462 | LR: 8.64e-05
2025-11-18 00:32:13 | INFO | Epoch 1 | Batch 36380/50000 | Loss: 0.0005 | Avg Loss: 0.1462 | LR: 8.64e-05
2025-11-18 00:32:13 | INFO | Epoch 1 | Batch 36390/50000 | Loss: 0.0001 | Avg Loss: 0.1461 | LR: 8.64e-05
2025-11-18 00:32:13 | INFO | Epoch 1 | Batch 36400/50000 | Loss: 0.0154 | Avg Loss: 0.1461 | LR: 8.64e-05
2025-11-18 00:32:13 | INFO | Epoch 1 | Batch 36410/50000 | Loss: 0.0002 | Avg Loss: 0.1460 | LR: 8.64e-05
2025-11-18 00:32:13 | INFO | Epoch 1 | Batch 36420/50000 | Loss: 0.0003 | Avg Loss: 0.1460 | LR: 8.64e-05
2025-11-18 00:32:14 | INFO | Epoch 1 | Batch 36430/50000 | Loss: 0.0355 | Avg Loss: 0.1460 | LR: 8.64e-05
2025-11-18 00:32:14 | INFO | Epoch 1 | Batch 36440/50000 | Loss: 0.0001 | Avg Loss: 0.1459 | LR: 8.64e-05
2025-11-18 00:32:14 | INFO | Epoch 1 | Batch 36450/50000 | Loss: 0.0173 | Avg Loss: 0.1459 | LR: 8.63e-05
2025-11-18 00:32:14 | INFO | Epoch 1 | Batch 36460/50000 | Loss: 0.0139 | Avg Loss: 0.1459 | LR: 8.63e-05
2025-11-18 00:32:14 | INFO | Epoch 1 | Batch 36470/50000 | Loss: 0.0189 | Avg Loss: 0.1458 | LR: 8.63e-05
2025-11-18 00:32:14 | INFO | Epoch 1 | Batch 36480/50000 | Loss: 0.0005 | Avg Loss: 0.1458 | LR: 8.63e-05
2025-11-18 00:32:14 | INFO | Epoch 1 | Batch 36490/50000 | Loss: 0.0002 | Avg Loss: 0.1458 | LR: 8.63e-05
2025-11-18 00:32:14 | INFO | Epoch 1 | Batch 36500/50000 | Loss: 0.0002 | Avg Loss: 0.1457 | LR: 8.63e-05
2025-11-18 00:32:14 | INFO | Epoch 1 | Batch 36510/50000 | Loss: 0.0033 | Avg Loss: 0.1457 | LR: 8.63e-05
2025-11-18 00:32:14 | INFO | Epoch 1 | Batch 36520/50000 | Loss: 0.0009 | Avg Loss: 0.1456 | LR: 8.63e-05
2025-11-18 00:32:14 | INFO | Epoch 1 | Batch 36530/50000 | Loss: 0.0001 | Avg Loss: 0.1456 | LR: 8.63e-05
2025-11-18 00:32:14 | INFO | Epoch 1 | Batch 36540/50000 | Loss: 0.0001 | Avg Loss: 0.1456 | LR: 8.63e-05
2025-11-18 00:32:14 | INFO | Epoch 1 | Batch 36550/50000 | Loss: 0.0001 | Avg Loss: 0.1455 | LR: 8.63e-05
2025-11-18 00:32:14 | INFO | Epoch 1 | Batch 36560/50000 | Loss: 0.0159 | Avg Loss: 0.1455 | LR: 8.63e-05
2025-11-18 00:32:15 | INFO | Epoch 1 | Batch 36570/50000 | Loss: 0.0003 | Avg Loss: 0.1455 | LR: 8.63e-05
2025-11-18 00:32:15 | INFO | Epoch 1 | Batch 36580/50000 | Loss: 0.0002 | Avg Loss: 0.1454 | LR: 8.62e-05
2025-11-18 00:32:15 | INFO | Epoch 1 | Batch 36590/50000 | Loss: 0.0001 | Avg Loss: 0.1454 | LR: 8.62e-05
2025-11-18 00:32:15 | INFO | Epoch 1 | Batch 36600/50000 | Loss: 0.0001 | Avg Loss: 0.1453 | LR: 8.62e-05
2025-11-18 00:32:15 | INFO | Epoch 1 | Batch 36610/50000 | Loss: 0.0006 | Avg Loss: 0.1453 | LR: 8.62e-05
2025-11-18 00:32:15 | INFO | Epoch 1 | Batch 36620/50000 | Loss: 0.0114 | Avg Loss: 0.1453 | LR: 8.62e-05
2025-11-18 00:32:15 | INFO | Epoch 1 | Batch 36630/50000 | Loss: 0.0002 | Avg Loss: 0.1452 | LR: 8.62e-05
2025-11-18 00:32:15 | INFO | Epoch 1 | Batch 36640/50000 | Loss: 0.0001 | Avg Loss: 0.1452 | LR: 8.62e-05
2025-11-18 00:32:15 | INFO | Epoch 1 | Batch 36650/50000 | Loss: 0.0001 | Avg Loss: 0.1452 | LR: 8.62e-05
2025-11-18 00:32:15 | INFO | Epoch 1 | Batch 36660/50000 | Loss: 0.0097 | Avg Loss: 0.1451 | LR: 8.62e-05
2025-11-18 00:32:15 | INFO | Epoch 1 | Batch 36670/50000 | Loss: 0.0001 | Avg Loss: 0.1451 | LR: 8.62e-05
2025-11-18 00:32:15 | INFO | Epoch 1 | Batch 36680/50000 | Loss: 0.0001 | Avg Loss: 0.1450 | LR: 8.62e-05
2025-11-18 00:32:15 | INFO | Epoch 1 | Batch 36690/50000 | Loss: 0.0227 | Avg Loss: 0.1450 | LR: 8.62e-05
2025-11-18 00:32:15 | INFO | Epoch 1 | Batch 36700/50000 | Loss: 0.0001 | Avg Loss: 0.1450 | LR: 8.62e-05
2025-11-18 00:32:16 | INFO | Epoch 1 | Batch 36710/50000 | Loss: 0.0004 | Avg Loss: 0.1449 | LR: 8.62e-05
2025-11-18 00:32:16 | INFO | Epoch 1 | Batch 36720/50000 | Loss: 0.0001 | Avg Loss: 0.1449 | LR: 8.61e-05
2025-11-18 00:32:16 | INFO | Epoch 1 | Batch 36730/50000 | Loss: 0.0001 | Avg Loss: 0.1449 | LR: 8.61e-05
2025-11-18 00:32:16 | INFO | Epoch 1 | Batch 36740/50000 | Loss: 0.0567 | Avg Loss: 0.1448 | LR: 8.61e-05
2025-11-18 00:32:16 | INFO | Epoch 1 | Batch 36750/50000 | Loss: 0.0030 | Avg Loss: 0.1448 | LR: 8.61e-05
2025-11-18 00:32:16 | INFO | Epoch 1 | Batch 36760/50000 | Loss: 0.0006 | Avg Loss: 0.1447 | LR: 8.61e-05
2025-11-18 00:32:16 | INFO | Epoch 1 | Batch 36770/50000 | Loss: 0.0001 | Avg Loss: 0.1447 | LR: 8.61e-05
2025-11-18 00:32:16 | INFO | Epoch 1 | Batch 36780/50000 | Loss: 0.0447 | Avg Loss: 0.1447 | LR: 8.61e-05
2025-11-18 00:32:16 | INFO | Epoch 1 | Batch 36790/50000 | Loss: 0.0002 | Avg Loss: 0.1446 | LR: 8.61e-05
2025-11-18 00:32:16 | INFO | Epoch 1 | Batch 36800/50000 | Loss: 0.0002 | Avg Loss: 0.1446 | LR: 8.61e-05
2025-11-18 00:32:16 | INFO | Epoch 1 | Batch 36810/50000 | Loss: 0.0001 | Avg Loss: 0.1446 | LR: 8.61e-05
2025-11-18 00:32:16 | INFO | Epoch 1 | Batch 36820/50000 | Loss: 0.0002 | Avg Loss: 0.1445 | LR: 8.61e-05
2025-11-18 00:32:16 | INFO | Epoch 1 | Batch 36830/50000 | Loss: 0.0384 | Avg Loss: 0.1445 | LR: 8.61e-05
2025-11-18 00:32:16 | INFO | Epoch 1 | Batch 36840/50000 | Loss: 0.0008 | Avg Loss: 0.1445 | LR: 8.61e-05
2025-11-18 00:32:16 | INFO | Epoch 1 | Batch 36850/50000 | Loss: 0.0008 | Avg Loss: 0.1444 | LR: 8.61e-05
2025-11-18 00:32:17 | INFO | Epoch 1 | Batch 36860/50000 | Loss: 0.0010 | Avg Loss: 0.1444 | LR: 8.60e-05
2025-11-18 00:32:17 | INFO | Epoch 1 | Batch 36870/50000 | Loss: 0.0001 | Avg Loss: 0.1443 | LR: 8.60e-05
2025-11-18 00:32:17 | INFO | Epoch 1 | Batch 36880/50000 | Loss: 0.0001 | Avg Loss: 0.1443 | LR: 8.60e-05
2025-11-18 00:32:17 | INFO | Epoch 1 | Batch 36890/50000 | Loss: 0.0566 | Avg Loss: 0.1443 | LR: 8.60e-05
2025-11-18 00:32:17 | INFO | Epoch 1 | Batch 36900/50000 | Loss: 0.0635 | Avg Loss: 0.1442 | LR: 8.60e-05
2025-11-18 00:32:17 | INFO | Epoch 1 | Batch 36910/50000 | Loss: 0.0048 | Avg Loss: 0.1442 | LR: 8.60e-05
2025-11-18 00:32:17 | INFO | Epoch 1 | Batch 36920/50000 | Loss: 0.0010 | Avg Loss: 0.1442 | LR: 8.60e-05
2025-11-18 00:32:17 | INFO | Epoch 1 | Batch 36930/50000 | Loss: 0.0392 | Avg Loss: 0.1441 | LR: 8.60e-05
2025-11-18 00:32:17 | INFO | Epoch 1 | Batch 36940/50000 | Loss: 0.0006 | Avg Loss: 0.1441 | LR: 8.60e-05
2025-11-18 00:32:17 | INFO | Epoch 1 | Batch 36950/50000 | Loss: 0.0002 | Avg Loss: 0.1441 | LR: 8.60e-05
2025-11-18 00:32:17 | INFO | Epoch 1 | Batch 36960/50000 | Loss: 0.0003 | Avg Loss: 0.1440 | LR: 8.60e-05
2025-11-18 00:32:17 | INFO | Epoch 1 | Batch 36970/50000 | Loss: 0.0021 | Avg Loss: 0.1440 | LR: 8.60e-05
2025-11-18 00:32:17 | INFO | Epoch 1 | Batch 36980/50000 | Loss: 0.0176 | Avg Loss: 0.1439 | LR: 8.60e-05
2025-11-18 00:32:17 | INFO | Epoch 1 | Batch 36990/50000 | Loss: 0.0007 | Avg Loss: 0.1439 | LR: 8.60e-05
2025-11-18 00:32:18 | INFO | Epoch 1 | Batch 37000/50000 | Loss: 0.0002 | Avg Loss: 0.1439 | LR: 8.59e-05
2025-11-18 00:32:18 | INFO | Epoch 1 | Batch 37010/50000 | Loss: 0.0204 | Avg Loss: 0.1438 | LR: 8.59e-05
2025-11-18 00:32:18 | INFO | Epoch 1 | Batch 37020/50000 | Loss: 0.0002 | Avg Loss: 0.1438 | LR: 8.59e-05
2025-11-18 00:32:18 | INFO | Epoch 1 | Batch 37030/50000 | Loss: 0.0007 | Avg Loss: 0.1438 | LR: 8.59e-05
2025-11-18 00:32:18 | INFO | Epoch 1 | Batch 37040/50000 | Loss: 0.0046 | Avg Loss: 0.1437 | LR: 8.59e-05
2025-11-18 00:32:18 | INFO | Epoch 1 | Batch 37050/50000 | Loss: 0.0142 | Avg Loss: 0.1437 | LR: 8.59e-05
2025-11-18 00:32:18 | INFO | Epoch 1 | Batch 37060/50000 | Loss: 0.0005 | Avg Loss: 0.1437 | LR: 8.59e-05
2025-11-18 00:32:18 | INFO | Epoch 1 | Batch 37070/50000 | Loss: 0.0001 | Avg Loss: 0.1436 | LR: 8.59e-05
2025-11-18 00:32:18 | INFO | Epoch 1 | Batch 37080/50000 | Loss: 0.0001 | Avg Loss: 0.1436 | LR: 8.59e-05
2025-11-18 00:32:18 | INFO | Epoch 1 | Batch 37090/50000 | Loss: 0.0003 | Avg Loss: 0.1435 | LR: 8.59e-05
2025-11-18 00:32:18 | INFO | Epoch 1 | Batch 37100/50000 | Loss: 0.0016 | Avg Loss: 0.1435 | LR: 8.59e-05
2025-11-18 00:32:18 | INFO | Epoch 1 | Batch 37110/50000 | Loss: 0.0001 | Avg Loss: 0.1435 | LR: 8.59e-05
2025-11-18 00:32:18 | INFO | Epoch 1 | Batch 37120/50000 | Loss: 0.0124 | Avg Loss: 0.1434 | LR: 8.59e-05
2025-11-18 00:32:18 | INFO | Epoch 1 | Batch 37130/50000 | Loss: 0.0927 | Avg Loss: 0.1434 | LR: 8.59e-05
2025-11-18 00:32:19 | INFO | Epoch 1 | Batch 37140/50000 | Loss: 0.0001 | Avg Loss: 0.1434 | LR: 8.58e-05
2025-11-18 00:32:19 | INFO | Epoch 1 | Batch 37150/50000 | Loss: 0.0000 | Avg Loss: 0.1433 | LR: 8.58e-05
2025-11-18 00:32:19 | INFO | Epoch 1 | Batch 37160/50000 | Loss: 0.0011 | Avg Loss: 0.1433 | LR: 8.58e-05
2025-11-18 00:32:19 | INFO | Epoch 1 | Batch 37170/50000 | Loss: 0.0017 | Avg Loss: 0.1433 | LR: 8.58e-05
2025-11-18 00:32:19 | INFO | Epoch 1 | Batch 37180/50000 | Loss: 0.0142 | Avg Loss: 0.1432 | LR: 8.58e-05
2025-11-18 00:32:19 | INFO | Epoch 1 | Batch 37190/50000 | Loss: 0.0101 | Avg Loss: 0.1432 | LR: 8.58e-05
2025-11-18 00:32:19 | INFO | Epoch 1 | Batch 37200/50000 | Loss: 0.0001 | Avg Loss: 0.1431 | LR: 8.58e-05
2025-11-18 00:32:19 | INFO | Epoch 1 | Batch 37210/50000 | Loss: 0.0001 | Avg Loss: 0.1431 | LR: 8.58e-05
2025-11-18 00:32:19 | INFO | Epoch 1 | Batch 37220/50000 | Loss: 0.0001 | Avg Loss: 0.1431 | LR: 8.58e-05
2025-11-18 00:32:19 | INFO | Epoch 1 | Batch 37230/50000 | Loss: 0.0001 | Avg Loss: 0.1430 | LR: 8.58e-05
2025-11-18 00:32:19 | INFO | Epoch 1 | Batch 37240/50000 | Loss: 0.0004 | Avg Loss: 0.1430 | LR: 8.58e-05
2025-11-18 00:32:19 | INFO | Epoch 1 | Batch 37250/50000 | Loss: 0.0176 | Avg Loss: 0.1430 | LR: 8.58e-05
2025-11-18 00:32:19 | INFO | Epoch 1 | Batch 37260/50000 | Loss: 0.0003 | Avg Loss: 0.1429 | LR: 8.58e-05
2025-11-18 00:32:19 | INFO | Epoch 1 | Batch 37270/50000 | Loss: 0.0001 | Avg Loss: 0.1429 | LR: 8.57e-05
2025-11-18 00:32:20 | INFO | Epoch 1 | Batch 37280/50000 | Loss: 0.0979 | Avg Loss: 0.1429 | LR: 8.57e-05
2025-11-18 00:32:20 | INFO | Epoch 1 | Batch 37290/50000 | Loss: 0.0002 | Avg Loss: 0.1428 | LR: 8.57e-05
2025-11-18 00:32:20 | INFO | Epoch 1 | Batch 37300/50000 | Loss: 0.0001 | Avg Loss: 0.1428 | LR: 8.57e-05
2025-11-18 00:32:20 | INFO | Epoch 1 | Batch 37310/50000 | Loss: 0.0053 | Avg Loss: 0.1428 | LR: 8.57e-05
2025-11-18 00:32:20 | INFO | Epoch 1 | Batch 37320/50000 | Loss: 0.0001 | Avg Loss: 0.1427 | LR: 8.57e-05
2025-11-18 00:32:20 | INFO | Epoch 1 | Batch 37330/50000 | Loss: 0.0002 | Avg Loss: 0.1427 | LR: 8.57e-05
2025-11-18 00:32:20 | INFO | Epoch 1 | Batch 37340/50000 | Loss: 0.0171 | Avg Loss: 0.1426 | LR: 8.57e-05
2025-11-18 00:32:20 | INFO | Epoch 1 | Batch 37350/50000 | Loss: 0.0003 | Avg Loss: 0.1426 | LR: 8.57e-05
2025-11-18 00:32:20 | INFO | Epoch 1 | Batch 37360/50000 | Loss: 0.0018 | Avg Loss: 0.1426 | LR: 8.57e-05
2025-11-18 00:32:20 | INFO | Epoch 1 | Batch 37370/50000 | Loss: 0.0007 | Avg Loss: 0.1425 | LR: 8.57e-05
2025-11-18 00:32:20 | INFO | Epoch 1 | Batch 37380/50000 | Loss: 0.0001 | Avg Loss: 0.1425 | LR: 8.57e-05
2025-11-18 00:32:20 | INFO | Epoch 1 | Batch 37390/50000 | Loss: 0.0067 | Avg Loss: 0.1425 | LR: 8.57e-05
2025-11-18 00:32:20 | INFO | Epoch 1 | Batch 37400/50000 | Loss: 0.0030 | Avg Loss: 0.1424 | LR: 8.57e-05
2025-11-18 00:32:20 | INFO | Epoch 1 | Batch 37410/50000 | Loss: 0.0011 | Avg Loss: 0.1424 | LR: 8.56e-05
2025-11-18 00:32:21 | INFO | Epoch 1 | Batch 37420/50000 | Loss: 0.0001 | Avg Loss: 0.1424 | LR: 8.56e-05
2025-11-18 00:32:21 | INFO | Epoch 1 | Batch 37430/50000 | Loss: 0.0106 | Avg Loss: 0.1423 | LR: 8.56e-05
2025-11-18 00:32:21 | INFO | Epoch 1 | Batch 37440/50000 | Loss: 0.0002 | Avg Loss: 0.1423 | LR: 8.56e-05
2025-11-18 00:32:21 | INFO | Epoch 1 | Batch 37450/50000 | Loss: 0.0004 | Avg Loss: 0.1423 | LR: 8.56e-05
2025-11-18 00:32:21 | INFO | Epoch 1 | Batch 37460/50000 | Loss: 0.0002 | Avg Loss: 0.1422 | LR: 8.56e-05
2025-11-18 00:32:21 | INFO | Epoch 1 | Batch 37470/50000 | Loss: 0.0002 | Avg Loss: 0.1422 | LR: 8.56e-05
2025-11-18 00:32:21 | INFO | Epoch 1 | Batch 37480/50000 | Loss: 0.0003 | Avg Loss: 0.1422 | LR: 8.56e-05
2025-11-18 00:32:21 | INFO | Epoch 1 | Batch 37490/50000 | Loss: 0.0293 | Avg Loss: 0.1421 | LR: 8.56e-05
2025-11-18 00:32:21 | INFO | Epoch 1 | Batch 37500/50000 | Loss: 0.0161 | Avg Loss: 0.1421 | LR: 8.56e-05
2025-11-18 00:32:21 | INFO | Epoch 1 | Batch 37510/50000 | Loss: 0.0012 | Avg Loss: 0.1421 | LR: 8.56e-05
2025-11-18 00:32:21 | INFO | Epoch 1 | Batch 37520/50000 | Loss: 0.0043 | Avg Loss: 0.1420 | LR: 8.56e-05
2025-11-18 00:32:21 | INFO | Epoch 1 | Batch 37530/50000 | Loss: 0.0004 | Avg Loss: 0.1420 | LR: 8.56e-05
2025-11-18 00:32:21 | INFO | Epoch 1 | Batch 37540/50000 | Loss: 0.0013 | Avg Loss: 0.1419 | LR: 8.55e-05
2025-11-18 00:32:21 | INFO | Epoch 1 | Batch 37550/50000 | Loss: 0.0006 | Avg Loss: 0.1419 | LR: 8.55e-05
2025-11-18 00:32:22 | INFO | Epoch 1 | Batch 37560/50000 | Loss: 0.0001 | Avg Loss: 0.1419 | LR: 8.55e-05
2025-11-18 00:32:22 | INFO | Epoch 1 | Batch 37570/50000 | Loss: 0.0001 | Avg Loss: 0.1418 | LR: 8.55e-05
2025-11-18 00:32:22 | INFO | Epoch 1 | Batch 37580/50000 | Loss: 0.1036 | Avg Loss: 0.1418 | LR: 8.55e-05
2025-11-18 00:32:22 | INFO | Epoch 1 | Batch 37590/50000 | Loss: 0.0010 | Avg Loss: 0.1418 | LR: 8.55e-05
2025-11-18 00:32:22 | INFO | Epoch 1 | Batch 37600/50000 | Loss: 0.0077 | Avg Loss: 0.1417 | LR: 8.55e-05
2025-11-18 00:32:22 | INFO | Epoch 1 | Batch 37610/50000 | Loss: 0.0002 | Avg Loss: 0.1417 | LR: 8.55e-05
2025-11-18 00:32:22 | INFO | Epoch 1 | Batch 37620/50000 | Loss: 0.0014 | Avg Loss: 0.1417 | LR: 8.55e-05
2025-11-18 00:32:22 | INFO | Epoch 1 | Batch 37630/50000 | Loss: 0.0007 | Avg Loss: 0.1416 | LR: 8.55e-05
2025-11-18 00:32:22 | INFO | Epoch 1 | Batch 37640/50000 | Loss: 0.0002 | Avg Loss: 0.1416 | LR: 8.55e-05
2025-11-18 00:32:22 | INFO | Epoch 1 | Batch 37650/50000 | Loss: 0.0001 | Avg Loss: 0.1416 | LR: 8.55e-05
2025-11-18 00:32:22 | INFO | Epoch 1 | Batch 37660/50000 | Loss: 0.0001 | Avg Loss: 0.1415 | LR: 8.55e-05
2025-11-18 00:32:22 | INFO | Epoch 1 | Batch 37670/50000 | Loss: 0.0007 | Avg Loss: 0.1415 | LR: 8.55e-05
2025-11-18 00:32:22 | INFO | Epoch 1 | Batch 37680/50000 | Loss: 0.0006 | Avg Loss: 0.1415 | LR: 8.54e-05
2025-11-18 00:32:22 | INFO | Epoch 1 | Batch 37690/50000 | Loss: 0.0003 | Avg Loss: 0.1414 | LR: 8.54e-05
2025-11-18 00:32:23 | INFO | Epoch 1 | Batch 37700/50000 | Loss: 0.0005 | Avg Loss: 0.1414 | LR: 8.54e-05
2025-11-18 00:32:23 | INFO | Epoch 1 | Batch 37710/50000 | Loss: 0.0002 | Avg Loss: 0.1413 | LR: 8.54e-05
2025-11-18 00:32:23 | INFO | Epoch 1 | Batch 37720/50000 | Loss: 0.0005 | Avg Loss: 0.1413 | LR: 8.54e-05
2025-11-18 00:32:23 | INFO | Epoch 1 | Batch 37730/50000 | Loss: 0.0013 | Avg Loss: 0.1413 | LR: 8.54e-05
2025-11-18 00:32:23 | INFO | Epoch 1 | Batch 37740/50000 | Loss: 0.0002 | Avg Loss: 0.1412 | LR: 8.54e-05
2025-11-18 00:32:23 | INFO | Epoch 1 | Batch 37750/50000 | Loss: 0.0074 | Avg Loss: 0.1412 | LR: 8.54e-05
2025-11-18 00:32:23 | INFO | Epoch 1 | Batch 37760/50000 | Loss: 0.0002 | Avg Loss: 0.1412 | LR: 8.54e-05
2025-11-18 00:32:23 | INFO | Epoch 1 | Batch 37770/50000 | Loss: 0.0002 | Avg Loss: 0.1411 | LR: 8.54e-05
2025-11-18 00:32:23 | INFO | Epoch 1 | Batch 37780/50000 | Loss: 0.0011 | Avg Loss: 0.1411 | LR: 8.54e-05
2025-11-18 00:32:23 | INFO | Epoch 1 | Batch 37790/50000 | Loss: 0.0001 | Avg Loss: 0.1411 | LR: 8.54e-05
2025-11-18 00:32:23 | INFO | Epoch 1 | Batch 37800/50000 | Loss: 0.0176 | Avg Loss: 0.1410 | LR: 8.54e-05
2025-11-18 00:32:23 | INFO | Epoch 1 | Batch 37810/50000 | Loss: 0.0316 | Avg Loss: 0.1410 | LR: 8.53e-05
2025-11-18 00:32:24 | INFO | Epoch 1 | Batch 37820/50000 | Loss: 0.0053 | Avg Loss: 0.1410 | LR: 8.53e-05
2025-11-18 00:32:24 | INFO | Epoch 1 | Batch 37830/50000 | Loss: 0.0947 | Avg Loss: 0.1409 | LR: 8.53e-05
2025-11-18 00:32:24 | INFO | Epoch 1 | Batch 37840/50000 | Loss: 0.0001 | Avg Loss: 0.1409 | LR: 8.53e-05
2025-11-18 00:32:24 | INFO | Epoch 1 | Batch 37850/50000 | Loss: 0.0004 | Avg Loss: 0.1409 | LR: 8.53e-05
2025-11-18 00:32:24 | INFO | Epoch 1 | Batch 37860/50000 | Loss: 0.0157 | Avg Loss: 0.1408 | LR: 8.53e-05
2025-11-18 00:32:24 | INFO | Epoch 1 | Batch 37870/50000 | Loss: 0.0001 | Avg Loss: 0.1408 | LR: 8.53e-05
2025-11-18 00:32:24 | INFO | Epoch 1 | Batch 37880/50000 | Loss: 0.0001 | Avg Loss: 0.1408 | LR: 8.53e-05
2025-11-18 00:32:24 | INFO | Epoch 1 | Batch 37890/50000 | Loss: 0.0133 | Avg Loss: 0.1407 | LR: 8.53e-05
2025-11-18 00:32:24 | INFO | Epoch 1 | Batch 37900/50000 | Loss: 0.0001 | Avg Loss: 0.1407 | LR: 8.53e-05
2025-11-18 00:32:24 | INFO | Epoch 1 | Batch 37910/50000 | Loss: 0.0002 | Avg Loss: 0.1407 | LR: 8.53e-05
2025-11-18 00:32:24 | INFO | Epoch 1 | Batch 37920/50000 | Loss: 0.0003 | Avg Loss: 0.1406 | LR: 8.53e-05
2025-11-18 00:32:24 | INFO | Epoch 1 | Batch 37930/50000 | Loss: 0.0003 | Avg Loss: 0.1406 | LR: 8.53e-05
2025-11-18 00:32:24 | INFO | Epoch 1 | Batch 37940/50000 | Loss: 0.0001 | Avg Loss: 0.1406 | LR: 8.53e-05
2025-11-18 00:32:24 | INFO | Epoch 1 | Batch 37950/50000 | Loss: 0.0105 | Avg Loss: 0.1405 | LR: 8.52e-05
2025-11-18 00:32:25 | INFO | Epoch 1 | Batch 37960/50000 | Loss: 0.0179 | Avg Loss: 0.1405 | LR: 8.52e-05
2025-11-18 00:32:25 | INFO | Epoch 1 | Batch 37970/50000 | Loss: 0.0027 | Avg Loss: 0.1405 | LR: 8.52e-05
2025-11-18 00:32:25 | INFO | Epoch 1 | Batch 37980/50000 | Loss: 0.0076 | Avg Loss: 0.1404 | LR: 8.52e-05
2025-11-18 00:32:25 | INFO | Epoch 1 | Batch 37990/50000 | Loss: 0.0001 | Avg Loss: 0.1404 | LR: 8.52e-05
2025-11-18 00:32:25 | INFO | Epoch 1 | Batch 38000/50000 | Loss: 0.0162 | Avg Loss: 0.1404 | LR: 8.52e-05
2025-11-18 00:32:25 | INFO | Epoch 1 | Batch 38010/50000 | Loss: 0.0769 | Avg Loss: 0.1403 | LR: 8.52e-05
2025-11-18 00:32:25 | INFO | Epoch 1 | Batch 38020/50000 | Loss: 0.0145 | Avg Loss: 0.1403 | LR: 8.52e-05
2025-11-18 00:32:25 | INFO | Epoch 1 | Batch 38030/50000 | Loss: 0.0001 | Avg Loss: 0.1403 | LR: 8.52e-05
2025-11-18 00:32:25 | INFO | Epoch 1 | Batch 38040/50000 | Loss: 0.0003 | Avg Loss: 0.1402 | LR: 8.52e-05
2025-11-18 00:32:25 | INFO | Epoch 1 | Batch 38050/50000 | Loss: 0.0252 | Avg Loss: 0.1402 | LR: 8.52e-05
2025-11-18 00:32:25 | INFO | Epoch 1 | Batch 38060/50000 | Loss: 0.0005 | Avg Loss: 0.1401 | LR: 8.52e-05
2025-11-18 00:32:25 | INFO | Epoch 1 | Batch 38070/50000 | Loss: 0.0002 | Avg Loss: 0.1401 | LR: 8.52e-05
2025-11-18 00:32:25 | INFO | Epoch 1 | Batch 38080/50000 | Loss: 0.0003 | Avg Loss: 0.1401 | LR: 8.51e-05
2025-11-18 00:32:25 | INFO | Epoch 1 | Batch 38090/50000 | Loss: 0.0001 | Avg Loss: 0.1401 | LR: 8.51e-05
2025-11-18 00:32:25 | INFO | Epoch 1 | Batch 38100/50000 | Loss: 0.0007 | Avg Loss: 0.1400 | LR: 8.51e-05
2025-11-18 00:32:26 | INFO | Epoch 1 | Batch 38110/50000 | Loss: 0.0021 | Avg Loss: 0.1400 | LR: 8.51e-05
2025-11-18 00:32:26 | INFO | Epoch 1 | Batch 38120/50000 | Loss: 0.0001 | Avg Loss: 0.1400 | LR: 8.51e-05
2025-11-18 00:32:26 | INFO | Epoch 1 | Batch 38130/50000 | Loss: 0.0000 | Avg Loss: 0.1399 | LR: 8.51e-05
2025-11-18 00:32:26 | INFO | Epoch 1 | Batch 38140/50000 | Loss: 0.0023 | Avg Loss: 0.1399 | LR: 8.51e-05
2025-11-18 00:32:26 | INFO | Epoch 1 | Batch 38150/50000 | Loss: 0.0004 | Avg Loss: 0.1399 | LR: 8.51e-05
2025-11-18 00:32:26 | INFO | Epoch 1 | Batch 38160/50000 | Loss: 0.0007 | Avg Loss: 0.1398 | LR: 8.51e-05
2025-11-18 00:32:26 | INFO | Epoch 1 | Batch 38170/50000 | Loss: 0.0057 | Avg Loss: 0.1398 | LR: 8.51e-05
2025-11-18 00:32:26 | INFO | Epoch 1 | Batch 38180/50000 | Loss: 0.0077 | Avg Loss: 0.1398 | LR: 8.51e-05
2025-11-18 00:32:26 | INFO | Epoch 1 | Batch 38190/50000 | Loss: 0.0002 | Avg Loss: 0.1397 | LR: 8.51e-05
2025-11-18 00:32:26 | INFO | Epoch 1 | Batch 38200/50000 | Loss: 0.0001 | Avg Loss: 0.1397 | LR: 8.51e-05
2025-11-18 00:32:26 | INFO | Epoch 1 | Batch 38210/50000 | Loss: 0.0239 | Avg Loss: 0.1396 | LR: 8.51e-05
2025-11-18 00:32:26 | INFO | Epoch 1 | Batch 38220/50000 | Loss: 0.0001 | Avg Loss: 0.1396 | LR: 8.50e-05
2025-11-18 00:32:26 | INFO | Epoch 1 | Batch 38230/50000 | Loss: 0.0018 | Avg Loss: 0.1396 | LR: 8.50e-05
2025-11-18 00:32:26 | INFO | Epoch 1 | Batch 38240/50000 | Loss: 0.0478 | Avg Loss: 0.1395 | LR: 8.50e-05
2025-11-18 00:32:27 | INFO | Epoch 1 | Batch 38250/50000 | Loss: 0.0005 | Avg Loss: 0.1395 | LR: 8.50e-05
2025-11-18 00:32:27 | INFO | Epoch 1 | Batch 38260/50000 | Loss: 0.0001 | Avg Loss: 0.1395 | LR: 8.50e-05
2025-11-18 00:32:27 | INFO | Epoch 1 | Batch 38270/50000 | Loss: 0.0002 | Avg Loss: 0.1394 | LR: 8.50e-05
2025-11-18 00:32:27 | INFO | Epoch 1 | Batch 38280/50000 | Loss: 0.0001 | Avg Loss: 0.1394 | LR: 8.50e-05
2025-11-18 00:32:27 | INFO | Epoch 1 | Batch 38290/50000 | Loss: 0.0001 | Avg Loss: 0.1394 | LR: 8.50e-05
2025-11-18 00:32:27 | INFO | Epoch 1 | Batch 38300/50000 | Loss: 0.0005 | Avg Loss: 0.1393 | LR: 8.50e-05
2025-11-18 00:32:27 | INFO | Epoch 1 | Batch 38310/50000 | Loss: 0.0002 | Avg Loss: 0.1393 | LR: 8.50e-05
2025-11-18 00:32:27 | INFO | Epoch 1 | Batch 38320/50000 | Loss: 0.0002 | Avg Loss: 0.1393 | LR: 8.50e-05
2025-11-18 00:32:27 | INFO | Epoch 1 | Batch 38330/50000 | Loss: 0.0513 | Avg Loss: 0.1392 | LR: 8.50e-05
2025-11-18 00:32:27 | INFO | Epoch 1 | Batch 38340/50000 | Loss: 0.0001 | Avg Loss: 0.1392 | LR: 8.50e-05
2025-11-18 00:32:27 | INFO | Epoch 1 | Batch 38350/50000 | Loss: 0.0260 | Avg Loss: 0.1392 | LR: 8.49e-05
2025-11-18 00:32:27 | INFO | Epoch 1 | Batch 38360/50000 | Loss: 0.0003 | Avg Loss: 0.1391 | LR: 8.49e-05
2025-11-18 00:32:27 | INFO | Epoch 1 | Batch 38370/50000 | Loss: 0.0003 | Avg Loss: 0.1391 | LR: 8.49e-05
2025-11-18 00:32:27 | INFO | Epoch 1 | Batch 38380/50000 | Loss: 0.0209 | Avg Loss: 0.1391 | LR: 8.49e-05
2025-11-18 00:32:28 | INFO | Epoch 1 | Batch 38390/50000 | Loss: 0.0182 | Avg Loss: 0.1390 | LR: 8.49e-05
2025-11-18 00:32:28 | INFO | Epoch 1 | Batch 38400/50000 | Loss: 0.0034 | Avg Loss: 0.1390 | LR: 8.49e-05
2025-11-18 00:32:28 | INFO | Epoch 1 | Batch 38410/50000 | Loss: 0.0260 | Avg Loss: 0.1390 | LR: 8.49e-05
2025-11-18 00:32:28 | INFO | Epoch 1 | Batch 38420/50000 | Loss: 0.0004 | Avg Loss: 0.1389 | LR: 8.49e-05
2025-11-18 00:32:28 | INFO | Epoch 1 | Batch 38430/50000 | Loss: 0.0004 | Avg Loss: 0.1389 | LR: 8.49e-05
2025-11-18 00:32:28 | INFO | Epoch 1 | Batch 38440/50000 | Loss: 0.0002 | Avg Loss: 0.1389 | LR: 8.49e-05
2025-11-18 00:32:28 | INFO | Epoch 1 | Batch 38450/50000 | Loss: 0.0563 | Avg Loss: 0.1388 | LR: 8.49e-05
2025-11-18 00:32:28 | INFO | Epoch 1 | Batch 38460/50000 | Loss: 0.0001 | Avg Loss: 0.1388 | LR: 8.49e-05
2025-11-18 00:32:28 | INFO | Epoch 1 | Batch 38470/50000 | Loss: 0.0240 | Avg Loss: 0.1388 | LR: 8.49e-05
2025-11-18 00:32:28 | INFO | Epoch 1 | Batch 38480/50000 | Loss: 0.0001 | Avg Loss: 0.1387 | LR: 8.48e-05
2025-11-18 00:32:28 | INFO | Epoch 1 | Batch 38490/50000 | Loss: 0.0145 | Avg Loss: 0.1387 | LR: 8.48e-05
2025-11-18 00:32:28 | INFO | Epoch 1 | Batch 38500/50000 | Loss: 0.0001 | Avg Loss: 0.1387 | LR: 8.48e-05
2025-11-18 00:32:28 | INFO | Epoch 1 | Batch 38510/50000 | Loss: 0.2394 | Avg Loss: 0.1386 | LR: 8.48e-05
2025-11-18 00:32:28 | INFO | Epoch 1 | Batch 38520/50000 | Loss: 0.0451 | Avg Loss: 0.1386 | LR: 8.48e-05
2025-11-18 00:32:29 | INFO | Epoch 1 | Batch 38530/50000 | Loss: 0.0002 | Avg Loss: 0.1386 | LR: 8.48e-05
2025-11-18 00:32:29 | INFO | Epoch 1 | Batch 38540/50000 | Loss: 0.0187 | Avg Loss: 0.1385 | LR: 8.48e-05
2025-11-18 00:32:29 | INFO | Epoch 1 | Batch 38550/50000 | Loss: 0.0207 | Avg Loss: 0.1385 | LR: 8.48e-05
2025-11-18 00:32:29 | INFO | Epoch 1 | Batch 38560/50000 | Loss: 0.0011 | Avg Loss: 0.1385 | LR: 8.48e-05
2025-11-18 00:32:29 | INFO | Epoch 1 | Batch 38570/50000 | Loss: 0.0001 | Avg Loss: 0.1384 | LR: 8.48e-05
2025-11-18 00:32:29 | INFO | Epoch 1 | Batch 38580/50000 | Loss: 0.0023 | Avg Loss: 0.1384 | LR: 8.48e-05
2025-11-18 00:32:29 | INFO | Epoch 1 | Batch 38590/50000 | Loss: 0.0023 | Avg Loss: 0.1384 | LR: 8.48e-05
2025-11-18 00:32:29 | INFO | Epoch 1 | Batch 38600/50000 | Loss: 0.0180 | Avg Loss: 0.1383 | LR: 8.48e-05
2025-11-18 00:32:29 | INFO | Epoch 1 | Batch 38610/50000 | Loss: 0.0001 | Avg Loss: 0.1383 | LR: 8.48e-05
2025-11-18 00:32:29 | INFO | Epoch 1 | Batch 38620/50000 | Loss: 0.0001 | Avg Loss: 0.1383 | LR: 8.47e-05
2025-11-18 00:32:29 | INFO | Epoch 1 | Batch 38630/50000 | Loss: 0.0001 | Avg Loss: 0.1382 | LR: 8.47e-05
2025-11-18 00:32:29 | INFO | Epoch 1 | Batch 38640/50000 | Loss: 0.0002 | Avg Loss: 0.1382 | LR: 8.47e-05
2025-11-18 00:32:29 | INFO | Epoch 1 | Batch 38650/50000 | Loss: 0.0002 | Avg Loss: 0.1382 | LR: 8.47e-05
2025-11-18 00:32:29 | INFO | Epoch 1 | Batch 38660/50000 | Loss: 0.0096 | Avg Loss: 0.1382 | LR: 8.47e-05
2025-11-18 00:32:30 | INFO | Epoch 1 | Batch 38670/50000 | Loss: 0.0430 | Avg Loss: 0.1381 | LR: 8.47e-05
2025-11-18 00:32:30 | INFO | Epoch 1 | Batch 38680/50000 | Loss: 0.0003 | Avg Loss: 0.1381 | LR: 8.47e-05
2025-11-18 00:32:30 | INFO | Epoch 1 | Batch 38690/50000 | Loss: 0.0015 | Avg Loss: 0.1381 | LR: 8.47e-05
2025-11-18 00:32:30 | INFO | Epoch 1 | Batch 38700/50000 | Loss: 0.0259 | Avg Loss: 0.1380 | LR: 8.47e-05
2025-11-18 00:32:30 | INFO | Epoch 1 | Batch 38710/50000 | Loss: 0.0001 | Avg Loss: 0.1380 | LR: 8.47e-05
2025-11-18 00:32:30 | INFO | Epoch 1 | Batch 38720/50000 | Loss: 0.0003 | Avg Loss: 0.1380 | LR: 8.47e-05
2025-11-18 00:32:30 | INFO | Epoch 1 | Batch 38730/50000 | Loss: 0.0014 | Avg Loss: 0.1379 | LR: 8.47e-05
2025-11-18 00:32:30 | INFO | Epoch 1 | Batch 38740/50000 | Loss: 0.0236 | Avg Loss: 0.1379 | LR: 8.47e-05
2025-11-18 00:32:30 | INFO | Epoch 1 | Batch 38750/50000 | Loss: 0.0069 | Avg Loss: 0.1379 | LR: 8.46e-05
2025-11-18 00:32:30 | INFO | Epoch 1 | Batch 38760/50000 | Loss: 0.0001 | Avg Loss: 0.1378 | LR: 8.46e-05
2025-11-18 00:32:30 | INFO | Epoch 1 | Batch 38770/50000 | Loss: 0.0009 | Avg Loss: 0.1378 | LR: 8.46e-05
2025-11-18 00:32:30 | INFO | Epoch 1 | Batch 38780/50000 | Loss: 0.0001 | Avg Loss: 0.1378 | LR: 8.46e-05
2025-11-18 00:32:30 | INFO | Epoch 1 | Batch 38790/50000 | Loss: 0.0016 | Avg Loss: 0.1377 | LR: 8.46e-05
2025-11-18 00:32:30 | INFO | Epoch 1 | Batch 38800/50000 | Loss: 0.0078 | Avg Loss: 0.1377 | LR: 8.46e-05
2025-11-18 00:32:30 | INFO | Epoch 1 | Batch 38810/50000 | Loss: 0.0255 | Avg Loss: 0.1377 | LR: 8.46e-05
2025-11-18 00:32:31 | INFO | Epoch 1 | Batch 38820/50000 | Loss: 0.0014 | Avg Loss: 0.1376 | LR: 8.46e-05
2025-11-18 00:32:31 | INFO | Epoch 1 | Batch 38830/50000 | Loss: 0.0522 | Avg Loss: 0.1376 | LR: 8.46e-05
2025-11-18 00:32:31 | INFO | Epoch 1 | Batch 38840/50000 | Loss: 0.0001 | Avg Loss: 0.1376 | LR: 8.46e-05
2025-11-18 00:32:31 | INFO | Epoch 1 | Batch 38850/50000 | Loss: 0.0004 | Avg Loss: 0.1375 | LR: 8.46e-05
2025-11-18 00:32:31 | INFO | Epoch 1 | Batch 38860/50000 | Loss: 0.0003 | Avg Loss: 0.1375 | LR: 8.46e-05
2025-11-18 00:32:31 | INFO | Epoch 1 | Batch 38870/50000 | Loss: 0.0030 | Avg Loss: 0.1375 | LR: 8.46e-05
2025-11-18 00:32:31 | INFO | Epoch 1 | Batch 38880/50000 | Loss: 0.0317 | Avg Loss: 0.1374 | LR: 8.45e-05
2025-11-18 00:32:31 | INFO | Epoch 1 | Batch 38890/50000 | Loss: 0.0223 | Avg Loss: 0.1374 | LR: 8.45e-05
2025-11-18 00:32:31 | INFO | Epoch 1 | Batch 38900/50000 | Loss: 0.0608 | Avg Loss: 0.1374 | LR: 8.45e-05
2025-11-18 00:32:31 | INFO | Epoch 1 | Batch 38910/50000 | Loss: 0.0001 | Avg Loss: 0.1373 | LR: 8.45e-05
2025-11-18 00:32:31 | INFO | Epoch 1 | Batch 38920/50000 | Loss: 0.0001 | Avg Loss: 0.1373 | LR: 8.45e-05
2025-11-18 00:32:31 | INFO | Epoch 1 | Batch 38930/50000 | Loss: 0.0000 | Avg Loss: 0.1373 | LR: 8.45e-05
2025-11-18 00:32:31 | INFO | Epoch 1 | Batch 38940/50000 | Loss: 0.0001 | Avg Loss: 0.1372 | LR: 8.45e-05
2025-11-18 00:32:31 | INFO | Epoch 1 | Batch 38950/50000 | Loss: 0.0090 | Avg Loss: 0.1372 | LR: 8.45e-05
2025-11-18 00:32:32 | INFO | Epoch 1 | Batch 38960/50000 | Loss: 0.0082 | Avg Loss: 0.1372 | LR: 8.45e-05
2025-11-18 00:32:32 | INFO | Epoch 1 | Batch 38970/50000 | Loss: 0.0004 | Avg Loss: 0.1371 | LR: 8.45e-05
2025-11-18 00:32:32 | INFO | Epoch 1 | Batch 38980/50000 | Loss: 0.0002 | Avg Loss: 0.1371 | LR: 8.45e-05
2025-11-18 00:32:32 | INFO | Epoch 1 | Batch 38990/50000 | Loss: 0.0002 | Avg Loss: 0.1371 | LR: 8.45e-05
2025-11-18 00:32:32 | INFO | Epoch 1 | Batch 39000/50000 | Loss: 0.0002 | Avg Loss: 0.1370 | LR: 8.45e-05
2025-11-18 00:32:32 | INFO | Epoch 1 | Batch 39010/50000 | Loss: 0.0000 | Avg Loss: 0.1370 | LR: 8.44e-05
2025-11-18 00:32:32 | INFO | Epoch 1 | Batch 39020/50000 | Loss: 0.0169 | Avg Loss: 0.1370 | LR: 8.44e-05
2025-11-18 00:32:32 | INFO | Epoch 1 | Batch 39030/50000 | Loss: 0.0185 | Avg Loss: 0.1369 | LR: 8.44e-05
2025-11-18 00:32:32 | INFO | Epoch 1 | Batch 39040/50000 | Loss: 0.0010 | Avg Loss: 0.1369 | LR: 8.44e-05
2025-11-18 00:32:32 | INFO | Epoch 1 | Batch 39050/50000 | Loss: 0.0248 | Avg Loss: 0.1369 | LR: 8.44e-05
2025-11-18 00:32:32 | INFO | Epoch 1 | Batch 39060/50000 | Loss: 0.0176 | Avg Loss: 0.1368 | LR: 8.44e-05
2025-11-18 00:32:32 | INFO | Epoch 1 | Batch 39070/50000 | Loss: 0.0001 | Avg Loss: 0.1368 | LR: 8.44e-05
2025-11-18 00:32:32 | INFO | Epoch 1 | Batch 39080/50000 | Loss: 0.0001 | Avg Loss: 0.1368 | LR: 8.44e-05
2025-11-18 00:32:32 | INFO | Epoch 1 | Batch 39090/50000 | Loss: 0.0001 | Avg Loss: 0.1367 | LR: 8.44e-05
2025-11-18 00:32:33 | INFO | Epoch 1 | Batch 39100/50000 | Loss: 0.0065 | Avg Loss: 0.1367 | LR: 8.44e-05
2025-11-18 00:32:33 | INFO | Epoch 1 | Batch 39110/50000 | Loss: 0.0253 | Avg Loss: 0.1367 | LR: 8.44e-05
2025-11-18 00:32:33 | INFO | Epoch 1 | Batch 39120/50000 | Loss: 0.0001 | Avg Loss: 0.1366 | LR: 8.44e-05
2025-11-18 00:32:33 | INFO | Epoch 1 | Batch 39130/50000 | Loss: 0.0004 | Avg Loss: 0.1366 | LR: 8.44e-05
2025-11-18 00:32:33 | INFO | Epoch 1 | Batch 39140/50000 | Loss: 0.0001 | Avg Loss: 0.1366 | LR: 8.43e-05
2025-11-18 00:32:33 | INFO | Epoch 1 | Batch 39150/50000 | Loss: 0.0260 | Avg Loss: 0.1365 | LR: 8.43e-05
2025-11-18 00:32:33 | INFO | Epoch 1 | Batch 39160/50000 | Loss: 0.0001 | Avg Loss: 0.1365 | LR: 8.43e-05
2025-11-18 00:32:33 | INFO | Epoch 1 | Batch 39170/50000 | Loss: 0.0000 | Avg Loss: 0.1365 | LR: 8.43e-05
2025-11-18 00:32:33 | INFO | Epoch 1 | Batch 39180/50000 | Loss: 0.0695 | Avg Loss: 0.1364 | LR: 8.43e-05
2025-11-18 00:32:33 | INFO | Epoch 1 | Batch 39190/50000 | Loss: 0.0001 | Avg Loss: 0.1364 | LR: 8.43e-05
2025-11-18 00:32:33 | INFO | Epoch 1 | Batch 39200/50000 | Loss: 0.0001 | Avg Loss: 0.1364 | LR: 8.43e-05
2025-11-18 00:32:33 | INFO | Epoch 1 | Batch 39210/50000 | Loss: 0.0001 | Avg Loss: 0.1363 | LR: 8.43e-05
2025-11-18 00:32:33 | INFO | Epoch 1 | Batch 39220/50000 | Loss: 0.0001 | Avg Loss: 0.1363 | LR: 8.43e-05
2025-11-18 00:32:33 | INFO | Epoch 1 | Batch 39230/50000 | Loss: 0.0080 | Avg Loss: 0.1363 | LR: 8.43e-05
2025-11-18 00:32:34 | INFO | Epoch 1 | Batch 39240/50000 | Loss: 0.1367 | Avg Loss: 0.1362 | LR: 8.43e-05
2025-11-18 00:32:34 | INFO | Epoch 1 | Batch 39250/50000 | Loss: 0.0000 | Avg Loss: 0.1362 | LR: 8.43e-05
2025-11-18 00:32:34 | INFO | Epoch 1 | Batch 39260/50000 | Loss: 0.0001 | Avg Loss: 0.1362 | LR: 8.43e-05
2025-11-18 00:32:34 | INFO | Epoch 1 | Batch 39270/50000 | Loss: 0.0000 | Avg Loss: 0.1361 | LR: 8.42e-05
2025-11-18 00:32:34 | INFO | Epoch 1 | Batch 39280/50000 | Loss: 0.0017 | Avg Loss: 0.1361 | LR: 8.42e-05
2025-11-18 00:32:34 | INFO | Epoch 1 | Batch 39290/50000 | Loss: 0.0396 | Avg Loss: 0.1361 | LR: 8.42e-05
2025-11-18 00:32:34 | INFO | Epoch 1 | Batch 39300/50000 | Loss: 0.0532 | Avg Loss: 0.1361 | LR: 8.42e-05
2025-11-18 00:32:34 | INFO | Epoch 1 | Batch 39310/50000 | Loss: 0.0001 | Avg Loss: 0.1360 | LR: 8.42e-05
2025-11-18 00:32:34 | INFO | Epoch 1 | Batch 39320/50000 | Loss: 0.0001 | Avg Loss: 0.1360 | LR: 8.42e-05
2025-11-18 00:32:34 | INFO | Epoch 1 | Batch 39330/50000 | Loss: 0.0002 | Avg Loss: 0.1359 | LR: 8.42e-05
2025-11-18 00:32:34 | INFO | Epoch 1 | Batch 39340/50000 | Loss: 0.0002 | Avg Loss: 0.1359 | LR: 8.42e-05
2025-11-18 00:32:34 | INFO | Epoch 1 | Batch 39350/50000 | Loss: 0.0004 | Avg Loss: 0.1359 | LR: 8.42e-05
2025-11-18 00:32:34 | INFO | Epoch 1 | Batch 39360/50000 | Loss: 0.0002 | Avg Loss: 0.1359 | LR: 8.42e-05
2025-11-18 00:32:34 | INFO | Epoch 1 | Batch 39370/50000 | Loss: 0.0001 | Avg Loss: 0.1358 | LR: 8.42e-05
2025-11-18 00:32:35 | INFO | Epoch 1 | Batch 39380/50000 | Loss: 0.0021 | Avg Loss: 0.1358 | LR: 8.42e-05
2025-11-18 00:32:35 | INFO | Epoch 1 | Batch 39390/50000 | Loss: 0.0000 | Avg Loss: 0.1358 | LR: 8.42e-05
2025-11-18 00:32:35 | INFO | Epoch 1 | Batch 39400/50000 | Loss: 0.0001 | Avg Loss: 0.1357 | LR: 8.41e-05
2025-11-18 00:32:35 | INFO | Epoch 1 | Batch 39410/50000 | Loss: 0.0001 | Avg Loss: 0.1357 | LR: 8.41e-05
2025-11-18 00:32:35 | INFO | Epoch 1 | Batch 39420/50000 | Loss: 0.1005 | Avg Loss: 0.1357 | LR: 8.41e-05
2025-11-18 00:32:35 | INFO | Epoch 1 | Batch 39430/50000 | Loss: 0.0139 | Avg Loss: 0.1356 | LR: 8.41e-05
2025-11-18 00:32:35 | INFO | Epoch 1 | Batch 39440/50000 | Loss: 0.0001 | Avg Loss: 0.1356 | LR: 8.41e-05
2025-11-18 00:32:35 | INFO | Epoch 1 | Batch 39450/50000 | Loss: 0.0005 | Avg Loss: 0.1356 | LR: 8.41e-05
2025-11-18 00:32:35 | INFO | Epoch 1 | Batch 39460/50000 | Loss: 0.0176 | Avg Loss: 0.1355 | LR: 8.41e-05
2025-11-18 00:32:35 | INFO | Epoch 1 | Batch 39470/50000 | Loss: 0.0067 | Avg Loss: 0.1355 | LR: 8.41e-05
2025-11-18 00:32:35 | INFO | Epoch 1 | Batch 39480/50000 | Loss: 0.0088 | Avg Loss: 0.1355 | LR: 8.41e-05
2025-11-18 00:32:35 | INFO | Epoch 1 | Batch 39490/50000 | Loss: 0.0066 | Avg Loss: 0.1354 | LR: 8.41e-05
2025-11-18 00:32:35 | INFO | Epoch 1 | Batch 39500/50000 | Loss: 0.0001 | Avg Loss: 0.1354 | LR: 8.41e-05
2025-11-18 00:32:35 | INFO | Epoch 1 | Batch 39510/50000 | Loss: 0.0002 | Avg Loss: 0.1354 | LR: 8.41e-05
2025-11-18 00:32:36 | INFO | Epoch 1 | Batch 39520/50000 | Loss: 0.0111 | Avg Loss: 0.1353 | LR: 8.41e-05
2025-11-18 00:32:36 | INFO | Epoch 1 | Batch 39530/50000 | Loss: 0.0208 | Avg Loss: 0.1353 | LR: 8.40e-05
2025-11-18 00:32:36 | INFO | Epoch 1 | Batch 39540/50000 | Loss: 0.0007 | Avg Loss: 0.1353 | LR: 8.40e-05
2025-11-18 00:32:36 | INFO | Epoch 1 | Batch 39550/50000 | Loss: 0.0174 | Avg Loss: 0.1353 | LR: 8.40e-05
2025-11-18 00:32:36 | INFO | Epoch 1 | Batch 39560/50000 | Loss: 0.0004 | Avg Loss: 0.1352 | LR: 8.40e-05
2025-11-18 00:32:36 | INFO | Epoch 1 | Batch 39570/50000 | Loss: 0.0001 | Avg Loss: 0.1352 | LR: 8.40e-05
2025-11-18 00:32:36 | INFO | Epoch 1 | Batch 39580/50000 | Loss: 0.0178 | Avg Loss: 0.1352 | LR: 8.40e-05
2025-11-18 00:32:36 | INFO | Epoch 1 | Batch 39590/50000 | Loss: 0.0001 | Avg Loss: 0.1351 | LR: 8.40e-05
2025-11-18 00:32:36 | INFO | Epoch 1 | Batch 39600/50000 | Loss: 0.0002 | Avg Loss: 0.1351 | LR: 8.40e-05
2025-11-18 00:32:36 | INFO | Epoch 1 | Batch 39610/50000 | Loss: 0.0160 | Avg Loss: 0.1351 | LR: 8.40e-05
2025-11-18 00:32:36 | INFO | Epoch 1 | Batch 39620/50000 | Loss: 0.0073 | Avg Loss: 0.1350 | LR: 8.40e-05
2025-11-18 00:32:36 | INFO | Epoch 1 | Batch 39630/50000 | Loss: 0.0001 | Avg Loss: 0.1350 | LR: 8.40e-05
2025-11-18 00:32:36 | INFO | Epoch 1 | Batch 39640/50000 | Loss: 0.0186 | Avg Loss: 0.1350 | LR: 8.40e-05
2025-11-18 00:32:36 | INFO | Epoch 1 | Batch 39650/50000 | Loss: 0.0513 | Avg Loss: 0.1349 | LR: 8.40e-05
2025-11-18 00:32:36 | INFO | Epoch 1 | Batch 39660/50000 | Loss: 0.0163 | Avg Loss: 0.1349 | LR: 8.39e-05
2025-11-18 00:32:37 | INFO | Epoch 1 | Batch 39670/50000 | Loss: 0.0457 | Avg Loss: 0.1349 | LR: 8.39e-05
2025-11-18 00:32:37 | INFO | Epoch 1 | Batch 39680/50000 | Loss: 0.0001 | Avg Loss: 0.1348 | LR: 8.39e-05
2025-11-18 00:32:37 | INFO | Epoch 1 | Batch 39690/50000 | Loss: 0.0050 | Avg Loss: 0.1348 | LR: 8.39e-05
2025-11-18 00:32:37 | INFO | Epoch 1 | Batch 39700/50000 | Loss: 0.0003 | Avg Loss: 0.1348 | LR: 8.39e-05
2025-11-18 00:32:37 | INFO | Epoch 1 | Batch 39710/50000 | Loss: 0.0005 | Avg Loss: 0.1347 | LR: 8.39e-05
2025-11-18 00:32:37 | INFO | Epoch 1 | Batch 39720/50000 | Loss: 0.0002 | Avg Loss: 0.1347 | LR: 8.39e-05
2025-11-18 00:32:37 | INFO | Epoch 1 | Batch 39730/50000 | Loss: 0.0518 | Avg Loss: 0.1347 | LR: 8.39e-05
2025-11-18 00:32:37 | INFO | Epoch 1 | Batch 39740/50000 | Loss: 0.0001 | Avg Loss: 0.1346 | LR: 8.39e-05
2025-11-18 00:32:37 | INFO | Epoch 1 | Batch 39750/50000 | Loss: 0.0003 | Avg Loss: 0.1346 | LR: 8.39e-05
2025-11-18 00:32:37 | INFO | Epoch 1 | Batch 39760/50000 | Loss: 0.0002 | Avg Loss: 0.1346 | LR: 8.39e-05
2025-11-18 00:32:37 | INFO | Epoch 1 | Batch 39770/50000 | Loss: 0.0001 | Avg Loss: 0.1345 | LR: 8.39e-05
2025-11-18 00:32:37 | INFO | Epoch 1 | Batch 39780/50000 | Loss: 0.0002 | Avg Loss: 0.1345 | LR: 8.39e-05
2025-11-18 00:32:37 | INFO | Epoch 1 | Batch 39790/50000 | Loss: 0.0255 | Avg Loss: 0.1345 | LR: 8.38e-05
2025-11-18 00:32:37 | INFO | Epoch 1 | Batch 39800/50000 | Loss: 0.0001 | Avg Loss: 0.1345 | LR: 8.38e-05
2025-11-18 00:32:38 | INFO | Epoch 1 | Batch 39810/50000 | Loss: 0.0013 | Avg Loss: 0.1344 | LR: 8.38e-05
2025-11-18 00:32:38 | INFO | Epoch 1 | Batch 39820/50000 | Loss: 0.0105 | Avg Loss: 0.1344 | LR: 8.38e-05
2025-11-18 00:32:38 | INFO | Epoch 1 | Batch 39830/50000 | Loss: 0.0000 | Avg Loss: 0.1344 | LR: 8.38e-05
2025-11-18 00:32:38 | INFO | Epoch 1 | Batch 39840/50000 | Loss: 0.0442 | Avg Loss: 0.1343 | LR: 8.38e-05
2025-11-18 00:32:38 | INFO | Epoch 1 | Batch 39850/50000 | Loss: 0.0149 | Avg Loss: 0.1343 | LR: 8.38e-05
2025-11-18 00:32:38 | INFO | Epoch 1 | Batch 39860/50000 | Loss: 0.0005 | Avg Loss: 0.1343 | LR: 8.38e-05
2025-11-18 00:32:38 | INFO | Epoch 1 | Batch 39870/50000 | Loss: 0.0013 | Avg Loss: 0.1342 | LR: 8.38e-05
2025-11-18 00:32:38 | INFO | Epoch 1 | Batch 39880/50000 | Loss: 0.0000 | Avg Loss: 0.1342 | LR: 8.38e-05
2025-11-18 00:32:38 | INFO | Epoch 1 | Batch 39890/50000 | Loss: 0.0001 | Avg Loss: 0.1342 | LR: 8.38e-05
2025-11-18 00:32:38 | INFO | Epoch 1 | Batch 39900/50000 | Loss: 0.0002 | Avg Loss: 0.1342 | LR: 8.38e-05
2025-11-18 00:32:38 | INFO | Epoch 1 | Batch 39910/50000 | Loss: 0.0254 | Avg Loss: 0.1341 | LR: 8.38e-05
2025-11-18 00:32:38 | INFO | Epoch 1 | Batch 39920/50000 | Loss: 0.0035 | Avg Loss: 0.1341 | LR: 8.37e-05
2025-11-18 00:32:38 | INFO | Epoch 1 | Batch 39930/50000 | Loss: 0.0002 | Avg Loss: 0.1341 | LR: 8.37e-05
2025-11-18 00:32:38 | INFO | Epoch 1 | Batch 39940/50000 | Loss: 0.0131 | Avg Loss: 0.1340 | LR: 8.37e-05
2025-11-18 00:32:39 | INFO | Epoch 1 | Batch 39950/50000 | Loss: 0.0259 | Avg Loss: 0.1340 | LR: 8.37e-05
2025-11-18 00:32:39 | INFO | Epoch 1 | Batch 39960/50000 | Loss: 0.0001 | Avg Loss: 0.1340 | LR: 8.37e-05
2025-11-18 00:32:39 | INFO | Epoch 1 | Batch 39970/50000 | Loss: 0.0004 | Avg Loss: 0.1339 | LR: 8.37e-05
2025-11-18 00:32:39 | INFO | Epoch 1 | Batch 39980/50000 | Loss: 0.0001 | Avg Loss: 0.1339 | LR: 8.37e-05
2025-11-18 00:32:39 | INFO | Epoch 1 | Batch 39990/50000 | Loss: 0.0001 | Avg Loss: 0.1339 | LR: 8.37e-05
2025-11-18 00:32:39 | INFO | Epoch 1 | Batch 40000/50000 | Loss: 0.0001 | Avg Loss: 0.1338 | LR: 8.37e-05
2025-11-18 00:32:39 | INFO | Epoch 1 | Batch 40010/50000 | Loss: 0.0001 | Avg Loss: 0.1338 | LR: 8.37e-05
2025-11-18 00:32:39 | INFO | Epoch 1 | Batch 40020/50000 | Loss: 0.0006 | Avg Loss: 0.1338 | LR: 8.37e-05
2025-11-18 00:32:39 | INFO | Epoch 1 | Batch 40030/50000 | Loss: 0.0001 | Avg Loss: 0.1337 | LR: 8.37e-05
2025-11-18 00:32:39 | INFO | Epoch 1 | Batch 40040/50000 | Loss: 0.0003 | Avg Loss: 0.1337 | LR: 8.37e-05
2025-11-18 00:32:39 | INFO | Epoch 1 | Batch 40050/50000 | Loss: 0.0417 | Avg Loss: 0.1337 | LR: 8.36e-05
2025-11-18 00:32:39 | INFO | Epoch 1 | Batch 40060/50000 | Loss: 0.0000 | Avg Loss: 0.1337 | LR: 8.36e-05
2025-11-18 00:32:39 | INFO | Epoch 1 | Batch 40070/50000 | Loss: 0.0247 | Avg Loss: 0.1336 | LR: 8.36e-05
2025-11-18 00:32:39 | INFO | Epoch 1 | Batch 40080/50000 | Loss: 0.0001 | Avg Loss: 0.1336 | LR: 8.36e-05
2025-11-18 00:32:39 | INFO | Epoch 1 | Batch 40090/50000 | Loss: 0.0129 | Avg Loss: 0.1336 | LR: 8.36e-05
2025-11-18 00:32:40 | INFO | Epoch 1 | Batch 40100/50000 | Loss: 0.0006 | Avg Loss: 0.1335 | LR: 8.36e-05
2025-11-18 00:32:40 | INFO | Epoch 1 | Batch 40110/50000 | Loss: 0.0000 | Avg Loss: 0.1335 | LR: 8.36e-05
2025-11-18 00:32:40 | INFO | Epoch 1 | Batch 40120/50000 | Loss: 0.0001 | Avg Loss: 0.1335 | LR: 8.36e-05
2025-11-18 00:32:40 | INFO | Epoch 1 | Batch 40130/50000 | Loss: 0.1986 | Avg Loss: 0.1334 | LR: 8.36e-05
2025-11-18 00:32:40 | INFO | Epoch 1 | Batch 40140/50000 | Loss: 0.0002 | Avg Loss: 0.1334 | LR: 8.36e-05
2025-11-18 00:32:40 | INFO | Epoch 1 | Batch 40150/50000 | Loss: 0.0003 | Avg Loss: 0.1334 | LR: 8.36e-05
2025-11-18 00:32:40 | INFO | Epoch 1 | Batch 40160/50000 | Loss: 0.0001 | Avg Loss: 0.1334 | LR: 8.36e-05
2025-11-18 00:32:40 | INFO | Epoch 1 | Batch 40170/50000 | Loss: 0.0001 | Avg Loss: 0.1333 | LR: 8.36e-05
2025-11-18 00:32:40 | INFO | Epoch 1 | Batch 40180/50000 | Loss: 0.0001 | Avg Loss: 0.1333 | LR: 8.35e-05
2025-11-18 00:32:40 | INFO | Epoch 1 | Batch 40190/50000 | Loss: 0.0380 | Avg Loss: 0.1333 | LR: 8.35e-05
2025-11-18 00:32:40 | INFO | Epoch 1 | Batch 40200/50000 | Loss: 0.0004 | Avg Loss: 0.1332 | LR: 8.35e-05
2025-11-18 00:32:40 | INFO | Epoch 1 | Batch 40210/50000 | Loss: 0.0002 | Avg Loss: 0.1332 | LR: 8.35e-05
2025-11-18 00:32:40 | INFO | Epoch 1 | Batch 40220/50000 | Loss: 0.0006 | Avg Loss: 0.1332 | LR: 8.35e-05
2025-11-18 00:32:40 | INFO | Epoch 1 | Batch 40230/50000 | Loss: 0.0003 | Avg Loss: 0.1331 | LR: 8.35e-05
2025-11-18 00:32:41 | INFO | Epoch 1 | Batch 40240/50000 | Loss: 0.0001 | Avg Loss: 0.1331 | LR: 8.35e-05
2025-11-18 00:32:41 | INFO | Epoch 1 | Batch 40250/50000 | Loss: 0.0031 | Avg Loss: 0.1331 | LR: 8.35e-05
2025-11-18 00:32:41 | INFO | Epoch 1 | Batch 40260/50000 | Loss: 0.0440 | Avg Loss: 0.1331 | LR: 8.35e-05
2025-11-18 00:32:41 | INFO | Epoch 1 | Batch 40270/50000 | Loss: 0.0010 | Avg Loss: 0.1330 | LR: 8.35e-05
2025-11-18 00:32:41 | INFO | Epoch 1 | Batch 40280/50000 | Loss: 0.0001 | Avg Loss: 0.1330 | LR: 8.35e-05
2025-11-18 00:32:41 | INFO | Epoch 1 | Batch 40290/50000 | Loss: 0.0297 | Avg Loss: 0.1330 | LR: 8.35e-05
2025-11-18 00:32:41 | INFO | Epoch 1 | Batch 40300/50000 | Loss: 0.0001 | Avg Loss: 0.1329 | LR: 8.35e-05
2025-11-18 00:32:41 | INFO | Epoch 1 | Batch 40310/50000 | Loss: 0.0000 | Avg Loss: 0.1329 | LR: 8.34e-05
2025-11-18 00:32:41 | INFO | Epoch 1 | Batch 40320/50000 | Loss: 0.0004 | Avg Loss: 0.1329 | LR: 8.34e-05
2025-11-18 00:32:41 | INFO | Epoch 1 | Batch 40330/50000 | Loss: 0.0001 | Avg Loss: 0.1328 | LR: 8.34e-05
2025-11-18 00:32:41 | INFO | Epoch 1 | Batch 40340/50000 | Loss: 0.0014 | Avg Loss: 0.1328 | LR: 8.34e-05
2025-11-18 00:32:41 | INFO | Epoch 1 | Batch 40350/50000 | Loss: 0.0002 | Avg Loss: 0.1328 | LR: 8.34e-05
2025-11-18 00:32:41 | INFO | Epoch 1 | Batch 40360/50000 | Loss: 0.0002 | Avg Loss: 0.1327 | LR: 8.34e-05
2025-11-18 00:32:42 | INFO | Epoch 1 | Batch 40370/50000 | Loss: 0.0003 | Avg Loss: 0.1327 | LR: 8.34e-05
2025-11-18 00:32:42 | INFO | Epoch 1 | Batch 40380/50000 | Loss: 0.0124 | Avg Loss: 0.1327 | LR: 8.34e-05
2025-11-18 00:32:42 | INFO | Epoch 1 | Batch 40390/50000 | Loss: 0.0001 | Avg Loss: 0.1326 | LR: 8.34e-05
2025-11-18 00:32:42 | INFO | Epoch 1 | Batch 40400/50000 | Loss: 0.0039 | Avg Loss: 0.1326 | LR: 8.34e-05
2025-11-18 00:32:42 | INFO | Epoch 1 | Batch 40410/50000 | Loss: 0.0225 | Avg Loss: 0.1326 | LR: 8.34e-05
2025-11-18 00:32:42 | INFO | Epoch 1 | Batch 40420/50000 | Loss: 0.0166 | Avg Loss: 0.1326 | LR: 8.34e-05
2025-11-18 00:32:42 | INFO | Epoch 1 | Batch 40430/50000 | Loss: 0.0198 | Avg Loss: 0.1325 | LR: 8.34e-05
2025-11-18 00:32:42 | INFO | Epoch 1 | Batch 40440/50000 | Loss: 0.0001 | Avg Loss: 0.1325 | LR: 8.33e-05
2025-11-18 00:32:42 | INFO | Epoch 1 | Batch 40450/50000 | Loss: 0.0097 | Avg Loss: 0.1325 | LR: 8.33e-05
2025-11-18 00:32:42 | INFO | Epoch 1 | Batch 40460/50000 | Loss: 0.0000 | Avg Loss: 0.1324 | LR: 8.33e-05
2025-11-18 00:32:42 | INFO | Epoch 1 | Batch 40470/50000 | Loss: 0.0321 | Avg Loss: 0.1324 | LR: 8.33e-05
2025-11-18 00:32:42 | INFO | Epoch 1 | Batch 40480/50000 | Loss: 0.0372 | Avg Loss: 0.1324 | LR: 8.33e-05
2025-11-18 00:32:42 | INFO | Epoch 1 | Batch 40490/50000 | Loss: 0.0001 | Avg Loss: 0.1323 | LR: 8.33e-05
2025-11-18 00:32:42 | INFO | Epoch 1 | Batch 40500/50000 | Loss: 0.0000 | Avg Loss: 0.1323 | LR: 8.33e-05
2025-11-18 00:32:43 | INFO | Epoch 1 | Batch 40510/50000 | Loss: 0.0074 | Avg Loss: 0.1323 | LR: 8.33e-05
2025-11-18 00:32:43 | INFO | Epoch 1 | Batch 40520/50000 | Loss: 0.0000 | Avg Loss: 0.1323 | LR: 8.33e-05
2025-11-18 00:32:43 | INFO | Epoch 1 | Batch 40530/50000 | Loss: 0.0001 | Avg Loss: 0.1322 | LR: 8.33e-05
2025-11-18 00:32:43 | INFO | Epoch 1 | Batch 40540/50000 | Loss: 0.0143 | Avg Loss: 0.1322 | LR: 8.33e-05
2025-11-18 00:32:43 | INFO | Epoch 1 | Batch 40550/50000 | Loss: 0.0002 | Avg Loss: 0.1322 | LR: 8.33e-05
2025-11-18 00:32:43 | INFO | Epoch 1 | Batch 40560/50000 | Loss: 0.0114 | Avg Loss: 0.1321 | LR: 8.32e-05
2025-11-18 00:32:43 | INFO | Epoch 1 | Batch 40570/50000 | Loss: 0.0001 | Avg Loss: 0.1321 | LR: 8.32e-05
2025-11-18 00:32:43 | INFO | Epoch 1 | Batch 40580/50000 | Loss: 0.0001 | Avg Loss: 0.1321 | LR: 8.32e-05
2025-11-18 00:32:43 | INFO | Epoch 1 | Batch 40590/50000 | Loss: 0.0001 | Avg Loss: 0.1320 | LR: 8.32e-05
2025-11-18 00:32:43 | INFO | Epoch 1 | Batch 40600/50000 | Loss: 0.0001 | Avg Loss: 0.1320 | LR: 8.32e-05
2025-11-18 00:32:43 | INFO | Epoch 1 | Batch 40610/50000 | Loss: 0.0001 | Avg Loss: 0.1320 | LR: 8.32e-05
2025-11-18 00:32:43 | INFO | Epoch 1 | Batch 40620/50000 | Loss: 0.0250 | Avg Loss: 0.1320 | LR: 8.32e-05
2025-11-18 00:32:43 | INFO | Epoch 1 | Batch 40630/50000 | Loss: 0.0168 | Avg Loss: 0.1319 | LR: 8.32e-05
2025-11-18 00:32:44 | INFO | Epoch 1 | Batch 40640/50000 | Loss: 0.0062 | Avg Loss: 0.1319 | LR: 8.32e-05
2025-11-18 00:32:44 | INFO | Epoch 1 | Batch 40650/50000 | Loss: 0.0004 | Avg Loss: 0.1319 | LR: 8.32e-05
2025-11-18 00:32:44 | INFO | Epoch 1 | Batch 40660/50000 | Loss: 0.0002 | Avg Loss: 0.1318 | LR: 8.32e-05
2025-11-18 00:32:44 | INFO | Epoch 1 | Batch 40670/50000 | Loss: 0.0040 | Avg Loss: 0.1318 | LR: 8.32e-05
2025-11-18 00:32:44 | INFO | Epoch 1 | Batch 40680/50000 | Loss: 0.0024 | Avg Loss: 0.1318 | LR: 8.32e-05
2025-11-18 00:32:44 | INFO | Epoch 1 | Batch 40690/50000 | Loss: 0.0001 | Avg Loss: 0.1317 | LR: 8.31e-05
2025-11-18 00:32:44 | INFO | Epoch 1 | Batch 40700/50000 | Loss: 0.0185 | Avg Loss: 0.1317 | LR: 8.31e-05
2025-11-18 00:32:44 | INFO | Epoch 1 | Batch 40710/50000 | Loss: 0.0627 | Avg Loss: 0.1317 | LR: 8.31e-05
2025-11-18 00:32:44 | INFO | Epoch 1 | Batch 40720/50000 | Loss: 0.0005 | Avg Loss: 0.1316 | LR: 8.31e-05
2025-11-18 00:32:44 | INFO | Epoch 1 | Batch 40730/50000 | Loss: 0.0144 | Avg Loss: 0.1316 | LR: 8.31e-05
2025-11-18 00:32:44 | INFO | Epoch 1 | Batch 40740/50000 | Loss: 0.0004 | Avg Loss: 0.1316 | LR: 8.31e-05
2025-11-18 00:32:44 | INFO | Epoch 1 | Batch 40750/50000 | Loss: 0.0017 | Avg Loss: 0.1316 | LR: 8.31e-05
2025-11-18 00:32:44 | INFO | Epoch 1 | Batch 40760/50000 | Loss: 0.0008 | Avg Loss: 0.1315 | LR: 8.31e-05
2025-11-18 00:32:44 | INFO | Epoch 1 | Batch 40770/50000 | Loss: 0.0047 | Avg Loss: 0.1315 | LR: 8.31e-05
2025-11-18 00:32:45 | INFO | Epoch 1 | Batch 40780/50000 | Loss: 0.0152 | Avg Loss: 0.1315 | LR: 8.31e-05
2025-11-18 00:32:45 | INFO | Epoch 1 | Batch 40790/50000 | Loss: 0.0022 | Avg Loss: 0.1314 | LR: 8.31e-05
2025-11-18 00:32:45 | INFO | Epoch 1 | Batch 40800/50000 | Loss: 0.0001 | Avg Loss: 0.1314 | LR: 8.31e-05
2025-11-18 00:32:45 | INFO | Epoch 1 | Batch 40810/50000 | Loss: 0.0000 | Avg Loss: 0.1314 | LR: 8.31e-05
2025-11-18 00:32:45 | INFO | Epoch 1 | Batch 40820/50000 | Loss: 0.0139 | Avg Loss: 0.1313 | LR: 8.30e-05
2025-11-18 00:32:45 | INFO | Epoch 1 | Batch 40830/50000 | Loss: 0.0172 | Avg Loss: 0.1313 | LR: 8.30e-05
2025-11-18 00:32:45 | INFO | Epoch 1 | Batch 40840/50000 | Loss: 0.0000 | Avg Loss: 0.1313 | LR: 8.30e-05
2025-11-18 00:32:45 | INFO | Epoch 1 | Batch 40850/50000 | Loss: 0.0000 | Avg Loss: 0.1313 | LR: 8.30e-05
2025-11-18 00:32:45 | INFO | Epoch 1 | Batch 40860/50000 | Loss: 0.0001 | Avg Loss: 0.1312 | LR: 8.30e-05
2025-11-18 00:32:45 | INFO | Epoch 1 | Batch 40870/50000 | Loss: 0.0005 | Avg Loss: 0.1312 | LR: 8.30e-05
2025-11-18 00:32:45 | INFO | Epoch 1 | Batch 40880/50000 | Loss: 0.0008 | Avg Loss: 0.1312 | LR: 8.30e-05
2025-11-18 00:32:45 | INFO | Epoch 1 | Batch 40890/50000 | Loss: 0.0000 | Avg Loss: 0.1311 | LR: 8.30e-05
2025-11-18 00:32:45 | INFO | Epoch 1 | Batch 40900/50000 | Loss: 0.0128 | Avg Loss: 0.1311 | LR: 8.30e-05
2025-11-18 00:32:46 | INFO | Epoch 1 | Batch 40910/50000 | Loss: 0.0010 | Avg Loss: 0.1311 | LR: 8.30e-05
2025-11-18 00:32:46 | INFO | Epoch 1 | Batch 40920/50000 | Loss: 0.0001 | Avg Loss: 0.1310 | LR: 8.30e-05
2025-11-18 00:32:46 | INFO | Epoch 1 | Batch 40930/50000 | Loss: 0.0001 | Avg Loss: 0.1310 | LR: 8.30e-05
2025-11-18 00:32:46 | INFO | Epoch 1 | Batch 40940/50000 | Loss: 0.0002 | Avg Loss: 0.1310 | LR: 8.29e-05
2025-11-18 00:32:46 | INFO | Epoch 1 | Batch 40950/50000 | Loss: 0.0176 | Avg Loss: 0.1309 | LR: 8.29e-05
2025-11-18 00:32:46 | INFO | Epoch 1 | Batch 40960/50000 | Loss: 0.0165 | Avg Loss: 0.1309 | LR: 8.29e-05
2025-11-18 00:32:46 | INFO | Epoch 1 | Batch 40970/50000 | Loss: 0.0001 | Avg Loss: 0.1309 | LR: 8.29e-05
2025-11-18 00:32:46 | INFO | Epoch 1 | Batch 40980/50000 | Loss: 0.0006 | Avg Loss: 0.1309 | LR: 8.29e-05
2025-11-18 00:32:46 | INFO | Epoch 1 | Batch 40990/50000 | Loss: 0.0180 | Avg Loss: 0.1308 | LR: 8.29e-05
2025-11-18 00:32:46 | INFO | Epoch 1 | Batch 41000/50000 | Loss: 0.0456 | Avg Loss: 0.1308 | LR: 8.29e-05
2025-11-18 00:32:46 | INFO | Epoch 1 | Batch 41010/50000 | Loss: 0.0004 | Avg Loss: 0.1308 | LR: 8.29e-05
2025-11-18 00:32:46 | INFO | Epoch 1 | Batch 41020/50000 | Loss: 0.0012 | Avg Loss: 0.1307 | LR: 8.29e-05
2025-11-18 00:32:46 | INFO | Epoch 1 | Batch 41030/50000 | Loss: 0.0081 | Avg Loss: 0.1307 | LR: 8.29e-05
2025-11-18 00:32:46 | INFO | Epoch 1 | Batch 41040/50000 | Loss: 0.0049 | Avg Loss: 0.1307 | LR: 8.29e-05
2025-11-18 00:32:47 | INFO | Epoch 1 | Batch 41050/50000 | Loss: 0.0000 | Avg Loss: 0.1307 | LR: 8.29e-05
2025-11-18 00:32:47 | INFO | Epoch 1 | Batch 41060/50000 | Loss: 0.0001 | Avg Loss: 0.1306 | LR: 8.29e-05
2025-11-18 00:32:47 | INFO | Epoch 1 | Batch 41070/50000 | Loss: 0.0002 | Avg Loss: 0.1306 | LR: 8.28e-05
2025-11-18 00:32:47 | INFO | Epoch 1 | Batch 41080/50000 | Loss: 0.0230 | Avg Loss: 0.1306 | LR: 8.28e-05
2025-11-18 00:32:47 | INFO | Epoch 1 | Batch 41090/50000 | Loss: 0.0098 | Avg Loss: 0.1305 | LR: 8.28e-05
2025-11-18 00:32:47 | INFO | Epoch 1 | Batch 41100/50000 | Loss: 0.0003 | Avg Loss: 0.1305 | LR: 8.28e-05
2025-11-18 00:32:47 | INFO | Epoch 1 | Batch 41110/50000 | Loss: 0.0034 | Avg Loss: 0.1305 | LR: 8.28e-05
2025-11-18 00:32:47 | INFO | Epoch 1 | Batch 41120/50000 | Loss: 0.0001 | Avg Loss: 0.1305 | LR: 8.28e-05
2025-11-18 00:32:47 | INFO | Epoch 1 | Batch 41130/50000 | Loss: 0.0079 | Avg Loss: 0.1304 | LR: 8.28e-05
2025-11-18 00:32:47 | INFO | Epoch 1 | Batch 41140/50000 | Loss: 0.0096 | Avg Loss: 0.1304 | LR: 8.28e-05
2025-11-18 00:32:47 | INFO | Epoch 1 | Batch 41150/50000 | Loss: 0.0240 | Avg Loss: 0.1304 | LR: 8.28e-05
2025-11-18 00:32:47 | INFO | Epoch 1 | Batch 41160/50000 | Loss: 0.0003 | Avg Loss: 0.1304 | LR: 8.28e-05
2025-11-18 00:32:47 | INFO | Epoch 1 | Batch 41170/50000 | Loss: 0.0001 | Avg Loss: 0.1303 | LR: 8.28e-05
2025-11-18 00:32:48 | INFO | Epoch 1 | Batch 41180/50000 | Loss: 0.0157 | Avg Loss: 0.1303 | LR: 8.28e-05
2025-11-18 00:32:48 | INFO | Epoch 1 | Batch 41190/50000 | Loss: 0.0001 | Avg Loss: 0.1303 | LR: 8.28e-05
2025-11-18 00:32:48 | INFO | Epoch 1 | Batch 41200/50000 | Loss: 0.0018 | Avg Loss: 0.1302 | LR: 8.27e-05
2025-11-18 00:32:48 | INFO | Epoch 1 | Batch 41210/50000 | Loss: 0.0000 | Avg Loss: 0.1302 | LR: 8.27e-05
2025-11-18 00:32:48 | INFO | Epoch 1 | Batch 41220/50000 | Loss: 0.0111 | Avg Loss: 0.1302 | LR: 8.27e-05
2025-11-18 00:32:48 | INFO | Epoch 1 | Batch 41230/50000 | Loss: 0.0018 | Avg Loss: 0.1301 | LR: 8.27e-05
2025-11-18 00:32:48 | INFO | Epoch 1 | Batch 41240/50000 | Loss: 0.0245 | Avg Loss: 0.1301 | LR: 8.27e-05
2025-11-18 00:32:48 | INFO | Epoch 1 | Batch 41250/50000 | Loss: 0.0139 | Avg Loss: 0.1301 | LR: 8.27e-05
2025-11-18 00:32:48 | INFO | Epoch 1 | Batch 41260/50000 | Loss: 0.0002 | Avg Loss: 0.1301 | LR: 8.27e-05
2025-11-18 00:32:48 | INFO | Epoch 1 | Batch 41270/50000 | Loss: 0.0228 | Avg Loss: 0.1300 | LR: 8.27e-05
2025-11-18 00:32:48 | INFO | Epoch 1 | Batch 41280/50000 | Loss: 0.0284 | Avg Loss: 0.1300 | LR: 8.27e-05
2025-11-18 00:32:48 | INFO | Epoch 1 | Batch 41290/50000 | Loss: 0.0001 | Avg Loss: 0.1300 | LR: 8.27e-05
2025-11-18 00:32:48 | INFO | Epoch 1 | Batch 41300/50000 | Loss: 0.0001 | Avg Loss: 0.1299 | LR: 8.27e-05
2025-11-18 00:32:48 | INFO | Epoch 1 | Batch 41310/50000 | Loss: 0.0189 | Avg Loss: 0.1299 | LR: 8.27e-05
2025-11-18 00:32:49 | INFO | Epoch 1 | Batch 41320/50000 | Loss: 0.0191 | Avg Loss: 0.1299 | LR: 8.26e-05
2025-11-18 00:32:49 | INFO | Epoch 1 | Batch 41330/50000 | Loss: 0.0001 | Avg Loss: 0.1299 | LR: 8.26e-05
2025-11-18 00:32:49 | INFO | Epoch 1 | Batch 41340/50000 | Loss: 0.0015 | Avg Loss: 0.1298 | LR: 8.26e-05
2025-11-18 00:32:49 | INFO | Epoch 1 | Batch 41350/50000 | Loss: 0.1076 | Avg Loss: 0.1298 | LR: 8.26e-05
2025-11-18 00:32:49 | INFO | Epoch 1 | Batch 41360/50000 | Loss: 0.0348 | Avg Loss: 0.1298 | LR: 8.26e-05
2025-11-18 00:32:49 | INFO | Epoch 1 | Batch 41370/50000 | Loss: 0.0002 | Avg Loss: 0.1297 | LR: 8.26e-05
2025-11-18 00:32:49 | INFO | Epoch 1 | Batch 41380/50000 | Loss: 0.0060 | Avg Loss: 0.1297 | LR: 8.26e-05
2025-11-18 00:32:49 | INFO | Epoch 1 | Batch 41390/50000 | Loss: 0.0006 | Avg Loss: 0.1297 | LR: 8.26e-05
2025-11-18 00:32:49 | INFO | Epoch 1 | Batch 41400/50000 | Loss: 0.0010 | Avg Loss: 0.1297 | LR: 8.26e-05
2025-11-18 00:32:49 | INFO | Epoch 1 | Batch 41410/50000 | Loss: 0.0000 | Avg Loss: 0.1296 | LR: 8.26e-05
2025-11-18 00:32:49 | INFO | Epoch 1 | Batch 41420/50000 | Loss: 0.0000 | Avg Loss: 0.1296 | LR: 8.26e-05
2025-11-18 00:32:49 | INFO | Epoch 1 | Batch 41430/50000 | Loss: 0.0001 | Avg Loss: 0.1296 | LR: 8.26e-05
2025-11-18 00:32:49 | INFO | Epoch 1 | Batch 41440/50000 | Loss: 0.0002 | Avg Loss: 0.1295 | LR: 8.26e-05
2025-11-18 00:32:50 | INFO | Epoch 1 | Batch 41450/50000 | Loss: 0.0000 | Avg Loss: 0.1295 | LR: 8.25e-05
2025-11-18 00:32:50 | INFO | Epoch 1 | Batch 41460/50000 | Loss: 0.0001 | Avg Loss: 0.1295 | LR: 8.25e-05
2025-11-18 00:32:50 | INFO | Epoch 1 | Batch 41470/50000 | Loss: 0.0006 | Avg Loss: 0.1294 | LR: 8.25e-05
2025-11-18 00:32:50 | INFO | Epoch 1 | Batch 41480/50000 | Loss: 0.0001 | Avg Loss: 0.1294 | LR: 8.25e-05
2025-11-18 00:32:50 | INFO | Epoch 1 | Batch 41490/50000 | Loss: 0.0001 | Avg Loss: 0.1294 | LR: 8.25e-05
2025-11-18 00:32:50 | INFO | Epoch 1 | Batch 41500/50000 | Loss: 0.0002 | Avg Loss: 0.1294 | LR: 8.25e-05
2025-11-18 00:32:50 | INFO | Epoch 1 | Batch 41510/50000 | Loss: 0.0001 | Avg Loss: 0.1293 | LR: 8.25e-05
2025-11-18 00:32:50 | INFO | Epoch 1 | Batch 41520/50000 | Loss: 0.0001 | Avg Loss: 0.1293 | LR: 8.25e-05
2025-11-18 00:32:50 | INFO | Epoch 1 | Batch 41530/50000 | Loss: 0.0826 | Avg Loss: 0.1293 | LR: 8.25e-05
2025-11-18 00:32:50 | INFO | Epoch 1 | Batch 41540/50000 | Loss: 0.0007 | Avg Loss: 0.1292 | LR: 8.25e-05
2025-11-18 00:32:50 | INFO | Epoch 1 | Batch 41550/50000 | Loss: 0.0002 | Avg Loss: 0.1292 | LR: 8.25e-05
2025-11-18 00:32:50 | INFO | Epoch 1 | Batch 41560/50000 | Loss: 0.0000 | Avg Loss: 0.1292 | LR: 8.25e-05
2025-11-18 00:32:50 | INFO | Epoch 1 | Batch 41570/50000 | Loss: 0.0001 | Avg Loss: 0.1292 | LR: 8.25e-05
